index,recordDate,recordTime,recordEpoch,district,locationName,nearbyPlace,longitude,latitude,elevation,direction,county,route,routeSuffix,postmilePrefix,postmile,alignment,milepost,inService,imageDescription,streamingVideoURL,currentImageUpdateFrequency,currentImageURL,referenceImageUpdateFrequency,referenceImage1UpdateAgoURL,referenceImage2UpdatesAgoURL,referenceImage3UpdatesAgoURL,referenceImage4UpdatesAgoURL,referenceImage5UpdatesAgoURL,referenceImage6UpdatesAgoURL,referenceImage7UpdatesAgoURL,referenceImage8UpdatesAgoURL,referenceImage9UpdatesAgoURL,referenceImage10UpdatesAgoURL,referenceImage11UpdatesAgoURL,referenceImage12UpdatesAgoURL
1,2025-11-06,18:32:31,1762482751,3,"Hwy 5 at Pocket",Sacramento,-121.510528,38.481128,22,Median,Sacramento,I-5,,,16.13,,511.43,true,,https://wzmedia.dot.ca.gov/D3/5_Pocket_Rd_OC_SAC5_SB.stream/playlist.m3u8,1,https://cwwp2.dot.ca.gov/data/d3/cctv/image/hwy5atpocket/hwy5atpocket.jpg,15,https://cwwp2.dot.ca.gov/data/d3/cctv/image/hwy5atpocket/previous/hwy5atpocket-1.jpg,https://cwwp2.dot.ca.gov/data/d3/cctv/image/hwy5atpocket/previous/hwy5atpocket-2.jpg,https://cwwp2.dot.ca.gov/data/d3/cctv/image/hwy5atpocket/previous/hwy5atpocket-3.jpg,https://cwwp2.dot.ca.gov/data/d3/cctv/image/hwy5atpocket/previous/hwy5atpocket-4.jpg,https://cwwp2.dot.ca.gov/data/d3/cctv/image/hwy5atpocket/previous/hwy5atpocket-5.jpg,https://cwwp2.dot.ca.gov/data/d3/cctv/image/hwy5atpocket/previous/hwy5atpocket-6.jpg,https://cwwp2.dot.ca.gov/data/d3/cctv/image/hwy5atpocket/previous/hwy5atpocket-7.jpg,https://cwwp2.dot.ca.gov/data/d3/cctv/image/hwy5atpocket/previous/hwy5atpocket-8.jpg,https://cwwp2.dot.ca.gov/data/d3/cctv/image/hwy5atpocket/previous/hwy5atpocket-9.jpg,https://cwwp2.dot.ca.gov/data/d3/cctv/image/hwy5atpocket/previous/hwy5atpocket-10.jpg,https://cwwp2.dot.ca.gov/data/d3/cctv/image/hwy5atpocket/previous/hwy5atpocket-11.jpg,https://cwwp2.dot.ca.gov/data/d3/cctv/image/hwy5atpocket/previous/hwy5atpocket-12.jpg
2,2025-11-20,14:47:21,1763678841,3,"Hwy 5 at Florin",Sacramento,-121.51647,38.495353,22,Median,Sacramento,I-5,,,17.17,,512.46,true,,https://wzmedia.dot.ca.gov/D3/5_Florin_Rd_SAC5_MD.stream/playlist.m3u8,1,https://cwwp2.dot.ca.gov/data/d3/cctv/image/hwy5atflorin/hwy5atflorin.jpg,15,https://cwwp2.dot.ca.gov/data/d3/cctv/image/hwy5atflorin/previous/hwy5atflorin-1.jpg,https://cwwp2.dot.ca.gov/data/d3/cctv/image/hwy5atflorin/previous/hwy5atflorin-2.jpg,https://cwwp2.dot.ca.gov/data/d3/cctv/image/hwy5atflorin/previous/hwy5atflorin-3.jpg,https://cwwp2.dot.ca.gov/data/d3/cctv/image/hwy5atflorin/previous/hwy5atflorin-4.jpg,https://cwwp2.dot.ca.gov/data/d3/cctv/image/hwy5atflorin/previous/hwy5atflorin-5.jpg,https://cwwp2.dot.ca.gov/data/d3/cctv/image/hwy5atflorin/previous/hwy5atflorin-6.jpg,https://cwwp2.dot.ca.gov/data/d3/cctv/image/hwy5atflorin/previous/hwy5atflorin-7.jpg,https://cwwp2.dot.ca.gov/data/d3/cctv/image/hwy5atflorin/previous/hwy5atflorin-8.jpg,https://cwwp2.dot.ca.gov/data/d3/cctv/image/hwy5atflorin/previous/hwy5atflorin-9.jpg,https://cwwp2.dot.ca.gov/data/d3/cctv/image/hwy5atflorin/previous/hwy5atflorin-10.jpg,https://cwwp2.dot.ca.gov/data/d3/cctv/image/hwy5atflorin/previous/hwy5atflorin-11.jpg,https://cwwp2.dot.ca.gov/data/d3/cctv/image/hwy5atflorin/previous/hwy5atflorin-12.jpg
3,2025-08-15,09:56:39,1755276999,3,"Hwy 5 at Gloria",Sacramento,-121.522427,38.509961,26,South,Sacramento,I-5,,,18.24,,513.53,true,,https://wzmedia.dot.ca.gov/D3/5_Gloria_Dr_SAC5_SB.stream/playlist.m3u8,1,https://cwwp2.dot.ca.gov/data/d3/cctv/image/hwy5atgloria/hwy5atgloria.jpg,15,https://cwwp2.dot.ca.gov/data/d3/cctv/image/hwy5atgloria/previous/hwy5atgloria-1.jpg,https://cwwp2.dot.ca.gov/data/d3/cctv/image/hwy5atgloria/previous/hwy5atgloria-2.jpg,https://cwwp2.dot.ca.gov/data/d3/cctv/image/hwy5atgloria/previous/hwy5atgloria-3.jpg,https://cwwp2.dot.ca.gov/data/d3/cctv/image/hwy5atgloria/previous/hwy5atgloria-4.jpg,https://cwwp2.dot.ca.gov/data/d3/cctv/image/hwy5atgloria/previous/hwy5atgloria-5.jpg,https://cwwp2.dot.ca.gov/data/d3/cctv/image/hwy5atgloria/previous/hwy5atgloria-6.jpg,https://cwwp2.dot.ca.gov/data/d3/cctv/image/hwy5atgloria/previous/hwy5atgloria-7.jpg,https://cwwp2.dot.ca.gov/data/d3/cctv/image/hwy5atgloria/previous/hwy5atgloria-8.jpg,https://cwwp2.dot.ca.gov/data/d3/cctv/image/hwy5atgloria/previous/hwy5atgloria-9.jpg,https://cwwp2.dot.ca.gov/data/d3/cctv/image/hwy5atgloria/previous/hwy5atgloria-10.jpg,https://cwwp2.dot.ca.gov/data/d3/cctv/image/hwy5atgloria/previous/hwy5atgloria-11.jpg,https://cwwp2.dot.ca.gov/data/d3/cctv/image/hwy5atgloria/previous/hwy5atgloria-12.jpg
4,2024-04-22,09:45:24,1713804324,3,"Hwy 5 at 43rd Ave",Sacramento,-121.52178,38.516437,22,North,Sacramento,I-5,,,18.68,,513.76,true,,https://wzmedia.dot.ca.gov/D3/5_43rd_Ave_SAC5_NB.stream/playlist.m3u8,1,https://cwwp2.dot.ca.gov/data/d3/cctv/image/hwy5at43rdave/hwy5at43rdave.jpg,15,https://cwwp2.dot.ca.gov/data/d3/cctv/image/hwy5at43rdave/previous/hwy5at43rdave-1.jpg,https://cwwp2.dot.ca.gov/data/d3/cctv/image/hwy5at43rdave/previous/hwy5at43rdave-2.jpg,https://cwwp2.dot.ca.gov/data/d3/cctv/image/hwy5at43rdave/previous/hwy5at43rdave-3.jpg,https://cwwp2.dot.ca.gov/data/d3/cctv/image/hwy5at43rdave/previous/hwy5at43rdave-4.jpg,https://cwwp2.dot.ca.gov/data/d3/cctv/image/hwy5at43rdave/previous/hwy5at43rdave-5.jpg,https://cwwp2.dot.ca.gov/data/d3/cctv/image/hwy5at43rdave/previous/hwy5at43rdave-6.jpg,https://cwwp2.dot.ca.gov/data/d3/cctv/image/hwy5at43rdave/previous/hwy5at43rdave-7.jpg,https://cwwp2.dot.ca.gov/data/d3/cctv/image/hwy5at43rdave/previous/hwy5at43rdave-8.jpg,https://cwwp2.dot.ca.gov/data/d3/cctv/image/hwy5at43rdave/previous/hwy5at43rdave-9.jpg,https://cwwp2.dot.ca.gov/data/d3/cctv/image/hwy5at43rdave/previous/hwy5at43rdave-10.jpg,https://cwwp2.dot.ca.gov/data/d3/cctv/image/hwy5at43rdave/previous/hwy5at43rdave-11.jpg,https://cwwp2.dot.ca.gov/data/d3/cctv/image/hwy5at43rdave/previous/hwy5at43rdave-12.jpg
5,2023-12-17,23:50:07,1702885807,3,"Hwy 5 at Seamas",Sacramento,-121.521413,38.526032,22,South,Sacramento,I-5,,,19.33,,514.62,true,,https://wzmedia.dot.ca.gov/D3/5_Seamas_Ave_JNO_SAC5_SB.stream/playlist.m3u8,1,https://cwwp2.dot.ca.gov/data/d3/cctv/image/hwy5atseamas/hwy5atseamas.jpg,15,https://cwwp2.dot.ca.gov/data/d3/cctv/image/hwy5atseamas/previous/hwy5atseamas-1.jpg,https://cwwp2.dot.ca.gov/data/d3/cctv/image/hwy5atseamas/previous/hwy5atseamas-2.jpg,https://cwwp2.dot.ca.gov/data/d3/cctv/image/hwy5atseamas/previous/hwy5atseamas-3.jpg,https://cwwp2.dot.ca.gov/data/d3/cctv/image/hwy5atseamas/previous/hwy5atseamas-4.jpg,https://cwwp2.dot.ca.gov/data/d3/cctv/image/hwy5atseamas/previous/hwy5atseamas-5.jpg,https://cwwp2.dot.ca.gov/data/d3/cctv/image/hwy5atseamas/previous/hwy5atseamas-6.jpg,https://cwwp2.dot.ca.gov/data/d3/cctv/image/hwy5atseamas/previous/hwy5atseamas-7.jpg,https://cwwp2.dot.ca.gov/data/d3/cctv/image/hwy5atseamas/previous/hwy5atseamas-8.jpg,https://cwwp2.dot.ca.gov/data/d3/cctv/image/hwy5atseamas/previous/hwy5atseamas-9.jpg,https://cwwp2.dot.ca.gov/data/d3/cctv/image/hwy5atseamas/previous/hwy5atseamas-10.jpg,https://cwwp2.dot.ca.gov/data/d3/cctv/image/hwy5atseamas/previous/hwy5atseamas-11.jpg,https://cwwp2.dot.ca.gov/data/d3/cctv/image/hwy5atseamas/previous/hwy5atseamas-12.jpg
7,2026-01-06,11:52:37,1767729157,3,"Hwy 5 at Sutterville",Sacramento,-121.510692,38.540832,32,Median,Sacramento,I-5,,,20.54,,515.84,true,,https://wzmedia.dot.ca.gov/D3/5_Sutterville_Rd_SAC5_MD.stream/playlist.m3u8,1,https://cwwp2.dot.ca.gov/data/d3/cctv/image/hwy5atsutterville/hwy5atsutterville.jpg,15,https://cwwp2.dot.ca.gov/data/d3/cctv/image/hwy5atsutterville/previous/hwy5atsutterville-1.jpg,https://cwwp2.dot.ca.gov/data/d3/cctv/image/hwy5atsutterville/previous/hwy5atsutterville-2.jpg,https://cwwp2.dot.ca.gov/data/d3/cctv/image/hwy5atsutterville/previous/hwy5atsutterville-3.jpg,https://cwwp2.dot.ca.gov/data/d3/cctv/image/hwy5atsutterville/previous/hwy5atsutterville-4.jpg,https://cwwp2.dot.ca.gov/data/d3/cctv/image/hwy5atsutterville/previous/hwy5atsutterville-5.jpg,https://cwwp2.dot.ca.gov/data/d3/cctv/image/hwy5atsutterville/previous/hwy5atsutterville-6.jpg,https://cwwp2.dot.ca.gov/data/d3/cctv/image/hwy5atsutterville/previous/hwy5atsutterville-7.jpg,https://cwwp2.dot.ca.gov/data/d3/cctv/image/hwy5atsutterville/previous/hwy5atsutterville-8.jpg,https://cwwp2.dot.ca.gov/data/d3/cctv/image/hwy5atsutterville/previous/hwy5atsutterville-9.jpg,https://cwwp2.dot.ca.gov/data/d3/cctv/image/hwy5atsutterville/previous/hwy5atsutterville-10.jpg,https://cwwp2.dot.ca.gov/data/d3/cctv/image/hwy5atsutterville/previous/hwy5atsutterville-11.jpg,https://cwwp2.dot.ca.gov/data/d3/cctv/image/hwy5atsutterville/previous/hwy5atsutterville-12.jpg
11,2024-01-04,12:25:18,1704399918,3,"Hwy 5 at Hwy 50",Sacramento,-121.509993,38.568818,3,North,Sacramento,I-5,,,22.62,,517.92,true,,https://wzmedia.dot.ca.gov/D3/5_JCT50_SAC5_NB.stream/playlist.m3u8,1,https://cwwp2.dot.ca.gov/data/d3/cctv/image/hwy5athwy50/hwy5athwy50.jpg,15,https://cwwp2.dot.ca.gov/data/d3/cctv/image/hwy5athwy50/previous/hwy5athwy50-1.jpg,https://cwwp2.dot.ca.gov/data/d3/cctv/image/hwy5athwy50/previous/hwy5athwy50-2.jpg,https://cwwp2.dot.ca.gov/data/d3/cctv/image/hwy5athwy50/previous/hwy5athwy50-3.jpg,https://cwwp2.dot.ca.gov/data/d3/cctv/image/hwy5athwy50/previous/hwy5athwy50-4.jpg,https://cwwp2.dot.ca.gov/data/d3/cctv/image/hwy5athwy50/previous/hwy5athwy50-5.jpg,https://cwwp2.dot.ca.gov/data/d3/cctv/image/hwy5athwy50/previous/hwy5athwy50-6.jpg,https://cwwp2.dot.ca.gov/data/d3/cctv/image/hwy5athwy50/previous/hwy5athwy50-7.jpg,https://cwwp2.dot.ca.gov/data/d3/cctv/image/hwy5athwy50/previous/hwy5athwy50-8.jpg,https://cwwp2.dot.ca.gov/data/d3/cctv/image/hwy5athwy50/previous/hwy5athwy50-9.jpg,https://cwwp2.dot.ca.gov/data/d3/cctv/image/hwy5athwy50/previous/hwy5athwy50-10.jpg,https://cwwp2.dot.ca.gov/data/d3/cctv/image/hwy5athwy50/previous/hwy5athwy50-11.jpg,https://cwwp2.dot.ca.gov/data/d3/cctv/image/hwy5athwy50/previous/hwy5athwy50-12.jpg
12,2025-12-10,06:31:16,1765377076,3,"Hwy 5 at P St",Sacramento,-121.507587,38.577828,13,South,Sacramento,I-5,,,23.25,,518.54,true,,https://wzmedia.dot.ca.gov/D3/5_P_St_SAC5_SB.stream/playlist.m3u8,1,https://cwwp2.dot.ca.gov/data/d3/cctv/image/hwy5atpst/hwy5atpst.jpg,15,https://cwwp2.dot.ca.gov/data/d3/cctv/image/hwy5atpst/previous/hwy5atpst-1.jpg,https://cwwp2.dot.ca.gov/data/d3/cctv/image/hwy5atpst/previous/hwy5atpst-2.jpg,https://cwwp2.dot.ca.gov/data/d3/cctv/image/hwy5atpst/previous/hwy5atpst-3.jpg,https://cwwp2.dot.ca.gov/data/d3/cctv/image/hwy5atpst/previous/hwy5atpst-4.jpg,https://cwwp2.dot.ca.gov/data/d3/cctv/image/hwy5atpst/previous/hwy5atpst-5.jpg,https://cwwp2.dot.ca.gov/data/d3/cctv/image/hwy5atpst/previous/hwy5atpst-6.jpg,https://cwwp2.dot.ca.gov/data/d3/cctv/image/hwy5atpst/previous/hwy5atpst-7.jpg,https://cwwp2.dot.ca.gov/data/d3/cctv/image/hwy5atpst/previous/hwy5atpst-8.jpg,https://cwwp2.dot.ca.gov/data/d3/cctv/image/hwy5atpst/previous/hwy5atpst-9.jpg,https://cwwp2.dot.ca.gov/data/d3/cctv/image/hwy5atpst/previous/hwy5atpst-10.jpg,https://cwwp2.dot.ca.gov/data/d3/cctv/image/hwy5atpst/previous/hwy5atpst-11.jpg,https://cwwp2.dot.ca.gov/data/d3/cctv/image/hwy5atpst/previous/hwy5atpst-12.jpg
14,2025-09-30,14:40:31,1759268431,3,"Hwy 5 at Richards",Sacramento,-121.503231,38.597687,29,North,Sacramento,I-5,,,24.53,,519.83,true,,https://wzmedia.dot.ca.gov/D3/5_Richards_Blvd_SAC5_NB.stream/playlist.m3u8,1,https://cwwp2.dot.ca.gov/data/d3/cctv/image/hwy5atrichards/hwy5atrichards.jpg,15,https://cwwp2.dot.ca.gov/data/d3/cctv/image/hwy5atrichards/previous/hwy5atrichards-1.jpg,https://cwwp2.dot.ca.gov/data/d3/cctv/image/hwy5atrichards/previous/hwy5atrichards-2.jpg,https://cwwp2.dot.ca.gov/data/d3/cctv/image/hwy5atrichards/previous/hwy5atrichards-3.jpg,https://cwwp2.dot.ca.gov/data/d3/cctv/image/hwy5atrichards/previous/hwy5atrichards-4.jpg,https://cwwp2.dot.ca.gov/data/d3/cctv/image/hwy5atrichards/previous/hwy5atrichards-5.jpg,https://cwwp2.dot.ca.gov/data/d3/cctv/image/hwy5atrichards/previous/hwy5atrichards-6.jpg,https://cwwp2.dot.ca.gov/data/d3/cctv/image/hwy5atrichards/previous/hwy5atrichards-7.jpg,https://cwwp2.dot.ca.gov/data/d3/cctv/image/hwy5atrichards/previous/hwy5atrichards-8.jpg,https://cwwp2.dot.ca.gov/data/d3/cctv/image/hwy5atrichards/previous/hwy5atrichards-9.jpg,https://cwwp2.dot.ca.gov/data/d3/cctv/image/hwy5atrichards/previous/hwy5atrichards-10.jpg,https://cwwp2.dot.ca.gov/data/d3/cctv/image/hwy5atrichards/previous/hwy5atrichards-11.jpg,https://cwwp2.dot.ca.gov/data/d3/cctv/image/hwy5atrichards/previous/hwy5atrichards-12.jpg
16,2026-03-06,22:41:33,1772865693,3,"Hwy 5 at Hwy 80",Sacramento,-121.517136,38.624972,16,Median,Sacramento,I-5,,,26.72,,522.02,true,,https://wzmedia.dot.ca.gov/D3/80_JCT5_OC_SAC80_MD.stream/playlist.m3u8,1,https://cwwp2.dot.ca.gov/data/d3/cctv/image/hwy5athwy80/hwy5athwy80.jpg,15,https://cwwp2.dot.ca.gov/data/d3/cctv/image/hwy5athwy80/previous/hwy5athwy80-1.jpg,https://cwwp2.dot.ca.gov/data/d3/cctv/image/hwy5athwy80/previous/hwy5athwy80-2.jpg,https://cwwp2.dot.ca.gov/data/d3/cctv/image/hwy5athwy80/previous/hwy5athwy80-3.jpg,https://cwwp2.dot.ca.gov/data/d3/cctv/image/hwy5athwy80/previous/hwy5athwy80-4.jpg,https://cwwp2.dot.ca.gov/data/d3/cctv/image/hwy5athwy80/previous/hwy5athwy80-5.jpg,https://cwwp2.dot.ca.gov/data/d3/cctv/image/hwy5athwy80/previous/hwy5athwy80-6.jpg,https://cwwp2.dot.ca.gov/data/d3/cctv/image/hwy5athwy80/previous/hwy5athwy80-7.jpg,https://cwwp2.dot.ca.gov/data/d3/cctv/image/hwy5athwy80/previous/hwy5athwy80-8.jpg,https://cwwp2.dot.ca.gov/data/d3/cctv/image/hwy5athwy80/previous/hwy5athwy80-9.jpg,https://cwwp2.dot.ca.gov/data/d3/cctv/image/hwy5athwy80/previous/hwy5athwy80-10.jpg,https://cwwp2.dot.ca.gov/data/d3/cctv/image/hwy5athwy80/previous/hwy5athwy80-11.jpg,https://cwwp2.dot.ca.gov/data/d3/cctv/image/hwy5athwy80/previous/hwy5athwy80-12.jpg
20,2026-01-27,13:03:43,1769547823,3,"Hwy 50 at 4th St",Sacramento,-121.50902,38.56824,36,West,Sacramento,US-50,,L,0.45,,3.61,true,,https://wzmedia.dot.ca.gov/D3/50_4th_St_SAC50_WB.stream/playlist.m3u8,1,https://cwwp2.dot.ca.gov/data/d3/cctv/image/hwy50at4thst/hwy50at4thst.jpg,15,https://cwwp2.dot.ca.gov/data/d3/cctv/image/hwy50at4thst/previous/hwy50at4thst-1.jpg,https://cwwp2.dot.ca.gov/data/d3/cctv/image/hwy50at4thst/previous/hwy50at4thst-2.jpg,https://cwwp2.dot.ca.gov/data/d3/cctv/image/hwy50at4thst/previous/hwy50at4thst-3.jpg,https://cwwp2.dot.ca.gov/data/d3/cctv/image/hwy50at4thst/previous/hwy50at4thst-4.jpg,https://cwwp2.dot.ca.gov/data/d3/cctv/image/hwy50at4thst/previous/hwy50at4thst-5.jpg,https://cwwp2.dot.ca.gov/data/d3/cctv/image/hwy50at4thst/previous/hwy50at4thst-6.jpg,https://cwwp2.dot.ca.gov/data/d3/cctv/image/hwy50at4thst/previous/hwy50at4thst-7.jpg,https://cwwp2.dot.ca.gov/data/d3/cctv/image/hwy50at4thst/previous/hwy50at4thst-8.jpg,https://cwwp2.dot.ca.gov/data/d3/cctv/image/hwy50at4thst/previous/hwy50at4thst-9.jpg,https://cwwp2.dot.ca.gov/data/d3/cctv/image/hwy50at4thst/previous/hwy50at4thst-10.jpg,https://cwwp2.dot.ca.gov/data/d3/cctv/image/hwy50at4thst/previous/hwy50at4thst-11.jpg,https://cwwp2.dot.ca.gov/data/d3/cctv/image/hwy50at4thst/previous/hwy50at4thst-12.jpg
27,2026-02-05,05:43:16,1770298996,3,"Hwy 50 at Howe Ave",Sacramento,-121.40696,38.554517,45,West,Sacramento,US-50,,R,3.813,,9.447,true,,https://wzmedia.dot.ca.gov/D3/50_Howe_Ave_SAC50_WB.stream/playlist.m3u8,1,https://cwwp2.dot.ca.gov/data/d3/cctv/image/hwy50athoweave/hwy50athoweave.jpg,15,https://cwwp2.dot.ca.gov/data/d3/cctv/image/hwy50athoweave/previous/hwy50athoweave-1.jpg,https://cwwp2.dot.ca.gov/data/d3/cctv/image/hwy50athoweave/previous/hwy50athoweave-2.jpg,https://cwwp2.dot.ca.gov/data/d3/cctv/image/hwy50athoweave/previous/hwy50athoweave-3.jpg,https://cwwp2.dot.ca.gov/data/d3/cctv/image/hwy50athoweave/previous/hwy50athoweave-4.jpg,https://cwwp2.dot.ca.gov/data/d3/cctv/image/hwy50athoweave/previous/hwy50athoweave-5.jpg,https://cwwp2.dot.ca.gov/data/d3/cctv/image/hwy50athoweave/previous/hwy50athoweave-6.jpg,https://cwwp2.dot.ca.gov/data/d3/cctv/image/hwy50athoweave/previous/hwy50athoweave-7.jpg,https://cwwp2.dot.ca.gov/data/d3/cctv/image/hwy50athoweave/previous/hwy50athoweave-8.jpg,https://cwwp2.dot.ca.gov/data/d3/cctv/image/hwy50athoweave/previous/hwy50athoweave-9.jpg,https://cwwp2.dot.ca.gov/data/d3/cctv/image/hwy50athoweave/previous/hwy50athoweave-10.jpg,https://cwwp2.dot.ca.gov/data/d3/cctv/image/hwy50athoweave/previous/hwy50athoweave-11.jpg,https://cwwp2.dot.ca.gov/data/d3/cctv/image/hwy50athoweave/previous/hwy50athoweave-12.jpg
28,2026-03-12,16:33:43,1773358423,3,"Hwy 50 at Watt",Sacramento,-121.379379,38.558731,55,Median,Sacramento,US-50,,R,5.33,,10.97,true,,https://wzmedia.dot.ca.gov/D3/50_Watt_Ave_OC_SAC50_WB.stream/playlist.m3u8,1,https://cwwp2.dot.ca.gov/data/d3/cctv/image/hwy50atwatt/hwy50atwatt.jpg,15,https://cwwp2.dot.ca.gov/data/d3/cctv/image/hwy50atwatt/previous/hwy50atwatt-1.jpg,https://cwwp2.dot.ca.gov/data/d3/cctv/image/hwy50atwatt/previous/hwy50atwatt-2.jpg,https://cwwp2.dot.ca.gov/data/d3/cctv/image/hwy50atwatt/previous/hwy50atwatt-3.jpg,https://cwwp2.dot.ca.gov/data/d3/cctv/image/hwy50atwatt/previous/hwy50atwatt-4.jpg,https://cwwp2.dot.ca.gov/data/d3/cctv/image/hwy50atwatt/previous/hwy50atwatt-5.jpg,https://cwwp2.dot.ca.gov/data/d3/cctv/image/hwy50atwatt/previous/hwy50atwatt-6.jpg,https://cwwp2.dot.ca.gov/data/d3/cctv/image/hwy50atwatt/previous/hwy50atwatt-7.jpg,https://cwwp2.dot.ca.gov/data/d3/cctv/image/hwy50atwatt/previous/hwy50atwatt-8.jpg,https://cwwp2.dot.ca.gov/data/d3/cctv/image/hwy50atwatt/previous/hwy50atwatt-9.jpg,https://cwwp2.dot.ca.gov/data/d3/cctv/image/hwy50atwatt/previous/hwy50atwatt-10.jpg,https://cwwp2.dot.ca.gov/data/d3/cctv/image/hwy50atwatt/previous/hwy50atwatt-11.jpg,https://cwwp2.dot.ca.gov/data/d3/cctv/image/hwy50atwatt/previous/hwy50atwatt-12.jpg
35,2023-10-12,13:56:45,1697144205,3,"Hwy 50 at Spring",Placerville,-120.805065,38.727947,1856,East,"El Dorado",US-50,,,17.68,,46.22,true,,https://wzmedia.dot.ca.gov/D3/50_Spring_St_ED50_EB.stream/playlist.m3u8,1,https://cwwp2.dot.ca.gov/data/d3/cctv/image/hwy50atspring/hwy50atspring.jpg,15,https://cwwp2.dot.ca.gov/data/d3/cctv/image/hwy50atspring/previous/hwy50atspring-1.jpg,https://cwwp2.dot.ca.gov/data/d3/cctv/image/hwy50atspring/previous/hwy50atspring-2.jpg,https://cwwp2.dot.ca.gov/data/d3/cctv/image/hwy50atspring/previous/hwy50atspring-3.jpg,https://cwwp2.dot.ca.gov/data/d3/cctv/image/hwy50atspring/previous/hwy50atspring-4.jpg,https://cwwp2.dot.ca.gov/data/d3/cctv/image/hwy50atspring/previous/hwy50atspring-5.jpg,https://cwwp2.dot.ca.gov/data/d3/cctv/image/hwy50atspring/previous/hwy50atspring-6.jpg,https://cwwp2.dot.ca.gov/data/d3/cctv/image/hwy50atspring/previous/hwy50atspring-7.jpg,https://cwwp2.dot.ca.gov/data/d3/cctv/image/hwy50atspring/previous/hwy50atspring-8.jpg,https://cwwp2.dot.ca.gov/data/d3/cctv/image/hwy50atspring/previous/hwy50atspring-9.jpg,https://cwwp2.dot.ca.gov/data/d3/cctv/image/hwy50atspring/previous/hwy50atspring-10.jpg,https://cwwp2.dot.ca.gov/data/d3/cctv/image/hwy50atspring/previous/hwy50atspring-11.jpg,https://cwwp2.dot.ca.gov/data/d3/cctv/image/hwy50atspring/previous/hwy50atspring-12.jpg
36,2024-03-01,20:43:22,1709354602,3,"Hwy 50 at Meyers",Meyers,-120.022959,38.850899,6345,West,"El Dorado",US-50,,,70.58,,98.75,true,,https://wzmedia.dot.ca.gov/D3/50_Meyers_ED50_WB.stream/playlist.m3u8,1,https://cwwp2.dot.ca.gov/data/d3/cctv/image/hwy50atmeyers/hwy50atmeyers.jpg,15,https://cwwp2.dot.ca.gov/data/d3/cctv/image/hwy50atmeyers/previous/hwy50atmeyers-1.jpg,https://cwwp2.dot.ca.gov/data/d3/cctv/image/hwy50atmeyers/previous/hwy50atmeyers-2.jpg,https://cwwp2.dot.ca.gov/data/d3/cctv/image/hwy50atmeyers/previous/hwy50atmeyers-3.jpg,https://cwwp2.dot.ca.gov/data/d3/cctv/image/hwy50atmeyers/previous/hwy50atmeyers-4.jpg,https://cwwp2.dot.ca.gov/data/d3/cctv/image/hwy50atmeyers/previous/hwy50atmeyers-5.jpg,https://cwwp2.dot.ca.gov/data/d3/cctv/image/hwy50atmeyers/previous/hwy50atmeyers-6.jpg,https://cwwp2.dot.ca.gov/data/d3/cctv/image/hwy50atmeyers/previous/hwy50atmeyers-7.jpg,https://cwwp2.dot.ca.gov/data/d3/cctv/image/hwy50atmeyers/previous/hwy50atmeyers-8.jpg,https://cwwp2.dot.ca.gov/data/d3/cctv/image/hwy50atmeyers/previous/hwy50atmeyers-9.jpg,https://cwwp2.dot.ca.gov/data/d3/cctv/image/hwy50atmeyers/previous/hwy50atmeyers-10.jpg,https://cwwp2.dot.ca.gov/data/d3/cctv/image/hwy50atmeyers/previous/hwy50atmeyers-11.jpg,https://cwwp2.dot.ca.gov/data/d3/cctv/image/hwy50atmeyers/previous/hwy50atmeyers-12.jpg
37,2023-04-04,13:39:42,1680640782,3,"Hwy 50 at Hwy 89","South Lake Tahoe",-120.00461,38.913277,6286,East,"El Dorado",US-50,,,75.43,,103.59,true,,https://wzmedia.dot.ca.gov/D3/50_JCT89N_ED50_EB.stream/playlist.m3u8,1,https://cwwp2.dot.ca.gov/data/d3/cctv/image/hwy50athwy89/hwy50athwy89.jpg,15,https://cwwp2.dot.ca.gov/data/d3/cctv/image/hwy50athwy89/previous/hwy50athwy89-1.jpg,https://cwwp2.dot.ca.gov/data/d3/cctv/image/hwy50athwy89/previous/hwy50athwy89-2.jpg,https://cwwp2.dot.ca.gov/data/d3/cctv/image/hwy50athwy89/previous/hwy50athwy89-3.jpg,https://cwwp2.dot.ca.gov/data/d3/cctv/image/hwy50athwy89/previous/hwy50athwy89-4.jpg,https://cwwp2.dot.ca.gov/data/d3/cctv/image/hwy50athwy89/previous/hwy50athwy89-5.jpg,https://cwwp2.dot.ca.gov/data/d3/cctv/image/hwy50athwy89/previous/hwy50athwy89-6.jpg,https://cwwp2.dot.ca.gov/data/d3/cctv/image/hwy50athwy89/previous/hwy50athwy89-7.jpg,https://cwwp2.dot.ca.gov/data/d3/cctv/image/hwy50athwy89/previous/hwy50athwy89-8.jpg,https://cwwp2.dot.ca.gov/data/d3/cctv/image/hwy50athwy89/previous/hwy50athwy89-9.jpg,https://cwwp2.dot.ca.gov/data/d3/cctv/image/hwy50athwy89/previous/hwy50athwy89-10.jpg,https://cwwp2.dot.ca.gov/data/d3/cctv/image/hwy50athwy89/previous/hwy50athwy89-11.jpg,https://cwwp2.dot.ca.gov/data/d3/cctv/image/hwy50athwy89/previous/hwy50athwy89-12.jpg
38,2025-11-19,14:35:49,1763591749,3,"Hwy 50 at Ski Run","South Lake Tahoe",-119.95724,38.948564,6256,East,"El Dorado",US-50,,,79.31,,107.47,true,,https://wzmedia.dot.ca.gov/D3/50_Ski_Run_Blvd_ED50_EB.stream/playlist.m3u8,1,https://cwwp2.dot.ca.gov/data/d3/cctv/image/hwy50atskirun/hwy50atskirun.jpg,15,https://cwwp2.dot.ca.gov/data/d3/cctv/image/hwy50atskirun/previous/hwy50atskirun-1.jpg,https://cwwp2.dot.ca.gov/data/d3/cctv/image/hwy50atskirun/previous/hwy50atskirun-2.jpg,https://cwwp2.dot.ca.gov/data/d3/cctv/image/hwy50atskirun/previous/hwy50atskirun-3.jpg,https://cwwp2.dot.ca.gov/data/d3/cctv/image/hwy50atskirun/previous/hwy50atskirun-4.jpg,https://cwwp2.dot.ca.gov/data/d3/cctv/image/hwy50atskirun/previous/hwy50atskirun-5.jpg,https://cwwp2.dot.ca.gov/data/d3/cctv/image/hwy50atskirun/previous/hwy50atskirun-6.jpg,https://cwwp2.dot.ca.gov/data/d3/cctv/image/hwy50atskirun/previous/hwy50atskirun-7.jpg,https://cwwp2.dot.ca.gov/data/d3/cctv/image/hwy50atskirun/previous/hwy50atskirun-8.jpg,https://cwwp2.dot.ca.gov/data/d3/cctv/image/hwy50atskirun/previous/hwy50atskirun-9.jpg,https://cwwp2.dot.ca.gov/data/d3/cctv/image/hwy50atskirun/previous/hwy50atskirun-10.jpg,https://cwwp2.dot.ca.gov/data/d3/cctv/image/hwy50atskirun/previous/hwy50atskirun-11.jpg,https://cwwp2.dot.ca.gov/data/d3/cctv/image/hwy50atskirun/previous/hwy50atskirun-12.jpg
39,2024-10-07,14:53:11,1728337991,3,"Hwy 51 at T St",Sacramento,-121.472602,38.560102,32,North,Sacramento,SR-51,,,0.09,,0.09,true,,https://wzmedia.dot.ca.gov/D3/51_T_St_SAC51_NB.stream/playlist.m3u8,1,https://cwwp2.dot.ca.gov/data/d3/cctv/image/hwy51attst/hwy51attst.jpg,15,https://cwwp2.dot.ca.gov/data/d3/cctv/image/hwy51attst/previous/hwy51attst-1.jpg,https://cwwp2.dot.ca.gov/data/d3/cctv/image/hwy51attst/previous/hwy51attst-2.jpg,https://cwwp2.dot.ca.gov/data/d3/cctv/image/hwy51attst/previous/hwy51attst-3.jpg,https://cwwp2.dot.ca.gov/data/d3/cctv/image/hwy51attst/previous/hwy51attst-4.jpg,https://cwwp2.dot.ca.gov/data/d3/cctv/image/hwy51attst/previous/hwy51attst-5.jpg,https://cwwp2.dot.ca.gov/data/d3/cctv/image/hwy51attst/previous/hwy51attst-6.jpg,https://cwwp2.dot.ca.gov/data/d3/cctv/image/hwy51attst/previous/hwy51attst-7.jpg,https://cwwp2.dot.ca.gov/data/d3/cctv/image/hwy51attst/previous/hwy51attst-8.jpg,https://cwwp2.dot.ca.gov/data/d3/cctv/image/hwy51attst/previous/hwy51attst-9.jpg,https://cwwp2.dot.ca.gov/data/d3/cctv/image/hwy51attst/previous/hwy51attst-10.jpg,https://cwwp2.dot.ca.gov/data/d3/cctv/image/hwy51attst/previous/hwy51attst-11.jpg,https://cwwp2.dot.ca.gov/data/d3/cctv/image/hwy51attst/previous/hwy51attst-12.jpg
40,2023-10-05,13:19:42,1696537182,3,"Hwy 51 at N St",Sacramento,-121.468902,38.569359,32,Median,Sacramento,SR-51,,,0.77,,0.77,true,,https://wzmedia.dot.ca.gov/D3/51_N_St_SAC51_NB.stream/playlist.m3u8,1,https://cwwp2.dot.ca.gov/data/d3/cctv/image/hwy51atnst/hwy51atnst.jpg,15,https://cwwp2.dot.ca.gov/data/d3/cctv/image/hwy51atnst/previous/hwy51atnst-1.jpg,https://cwwp2.dot.ca.gov/data/d3/cctv/image/hwy51atnst/previous/hwy51atnst-2.jpg,https://cwwp2.dot.ca.gov/data/d3/cctv/image/hwy51atnst/previous/hwy51atnst-3.jpg,https://cwwp2.dot.ca.gov/data/d3/cctv/image/hwy51atnst/previous/hwy51atnst-4.jpg,https://cwwp2.dot.ca.gov/data/d3/cctv/image/hwy51atnst/previous/hwy51atnst-5.jpg,https://cwwp2.dot.ca.gov/data/d3/cctv/image/hwy51atnst/previous/hwy51atnst-6.jpg,https://cwwp2.dot.ca.gov/data/d3/cctv/image/hwy51atnst/previous/hwy51atnst-7.jpg,https://cwwp2.dot.ca.gov/data/d3/cctv/image/hwy51atnst/previous/hwy51atnst-8.jpg,https://cwwp2.dot.ca.gov/data/d3/cctv/image/hwy51atnst/previous/hwy51atnst-9.jpg,https://cwwp2.dot.ca.gov/data/d3/cctv/image/hwy51atnst/previous/hwy51atnst-10.jpg,https://cwwp2.dot.ca.gov/data/d3/cctv/image/hwy51atnst/previous/hwy51atnst-11.jpg,https://cwwp2.dot.ca.gov/data/d3/cctv/image/hwy51atnst/previous/hwy51atnst-12.jpg
41,2024-03-14,07:08:58,1710425338,3,"Hwy 51 at E St",Sacramento,-121.464797,38.578995,36,Median,Sacramento,SR-51,,,1.46,,1.46,true,,https://wzmedia.dot.ca.gov/D3/51_E_St_UC_SAC51_NB.stream/playlist.m3u8,1,https://cwwp2.dot.ca.gov/data/d3/cctv/image/hwy51atest/hwy51atest.jpg,15,https://cwwp2.dot.ca.gov/data/d3/cctv/image/hwy51atest/previous/hwy51atest-1.jpg,https://cwwp2.dot.ca.gov/data/d3/cctv/image/hwy51atest/previous/hwy51atest-2.jpg,https://cwwp2.dot.ca.gov/data/d3/cctv/image/hwy51atest/previous/hwy51atest-3.jpg,https://cwwp2.dot.ca.gov/data/d3/cctv/image/hwy51atest/previous/hwy51atest-4.jpg,https://cwwp2.dot.ca.gov/data/d3/cctv/image/hwy51atest/previous/hwy51atest-5.jpg,https://cwwp2.dot.ca.gov/data/d3/cctv/image/hwy51atest/previous/hwy51atest-6.jpg,https://cwwp2.dot.ca.gov/data/d3/cctv/image/hwy51atest/previous/hwy51atest-7.jpg,https://cwwp2.dot.ca.gov/data/d3/cctv/image/hwy51atest/previous/hwy51atest-8.jpg,https://cwwp2.dot.ca.gov/data/d3/cctv/image/hwy51atest/previous/hwy51atest-9.jpg,https://cwwp2.dot.ca.gov/data/d3/cctv/image/hwy51atest/previous/hwy51atest-10.jpg,https://cwwp2.dot.ca.gov/data/d3/cctv/image/hwy51atest/previous/hwy51atest-11.jpg,https://cwwp2.dot.ca.gov/data/d3/cctv/image/hwy51atest/previous/hwy51atest-12.jpg
43,2025-06-04,06:52:08,1749045128,3,"Hwy 51 at Exposition Blvd",Sacramento,-121.443897,38.597162,45,South,Sacramento,SR-51,,,3.36,,3.36,true,,https://wzmedia.dot.ca.gov/D3/51_Exposition_Blvd_OC_SAC51_SB.stream/playlist.m3u8,1,https://cwwp2.dot.ca.gov/data/d3/cctv/image/hwy51atexpositionblvd/hwy51atexpositionblvd.jpg,15,https://cwwp2.dot.ca.gov/data/d3/cctv/image/hwy51atexpositionblvd/previous/hwy51atexpositionblvd-1.jpg,https://cwwp2.dot.ca.gov/data/d3/cctv/image/hwy51atexpositionblvd/previous/hwy51atexpositionblvd-2.jpg,https://cwwp2.dot.ca.gov/data/d3/cctv/image/hwy51atexpositionblvd/previous/hwy51atexpositionblvd-3.jpg,https://cwwp2.dot.ca.gov/data/d3/cctv/image/hwy51atexpositionblvd/previous/hwy51atexpositionblvd-4.jpg,https://cwwp2.dot.ca.gov/data/d3/cctv/image/hwy51atexpositionblvd/previous/hwy51atexpositionblvd-5.jpg,https://cwwp2.dot.ca.gov/data/d3/cctv/image/hwy51atexpositionblvd/previous/hwy51atexpositionblvd-6.jpg,https://cwwp2.dot.ca.gov/data/d3/cctv/image/hwy51atexpositionblvd/previous/hwy51atexpositionblvd-7.jpg,https://cwwp2.dot.ca.gov/data/d3/cctv/image/hwy51atexpositionblvd/previous/hwy51atexpositionblvd-8.jpg,https://cwwp2.dot.ca.gov/data/d3/cctv/image/hwy51atexpositionblvd/previous/hwy51atexpositionblvd-9.jpg,https://cwwp2.dot.ca.gov/data/d3/cctv/image/hwy51atexpositionblvd/previous/hwy51atexpositionblvd-10.jpg,https://cwwp2.dot.ca.gov/data/d3/cctv/image/hwy51atexpositionblvd/previous/hwy51atexpositionblvd-11.jpg,https://cwwp2.dot.ca.gov/data/d3/cctv/image/hwy51atexpositionblvd/previous/hwy51atexpositionblvd-12.jpg
44,2025-03-25,17:50:13,1742950213,3,"Hwy 51 at Arden",Sacramento,-121.433335,38.604544,42,North,Sacramento,SR-51,,,4.16,R,4.16,true,,https://wzmedia.dot.ca.gov/D3/51_Arden_Way_JNO_SAC51_NB.stream/playlist.m3u8,1,https://cwwp2.dot.ca.gov/data/d3/cctv/image/hwy51atarden/hwy51atarden.jpg,15,https://cwwp2.dot.ca.gov/data/d3/cctv/image/hwy51atarden/previous/hwy51atarden-1.jpg,https://cwwp2.dot.ca.gov/data/d3/cctv/image/hwy51atarden/previous/hwy51atarden-2.jpg,https://cwwp2.dot.ca.gov/data/d3/cctv/image/hwy51atarden/previous/hwy51atarden-3.jpg,https://cwwp2.dot.ca.gov/data/d3/cctv/image/hwy51atarden/previous/hwy51atarden-4.jpg,https://cwwp2.dot.ca.gov/data/d3/cctv/image/hwy51atarden/previous/hwy51atarden-5.jpg,https://cwwp2.dot.ca.gov/data/d3/cctv/image/hwy51atarden/previous/hwy51atarden-6.jpg,https://cwwp2.dot.ca.gov/data/d3/cctv/image/hwy51atarden/previous/hwy51atarden-7.jpg,https://cwwp2.dot.ca.gov/data/d3/cctv/image/hwy51atarden/previous/hwy51atarden-8.jpg,https://cwwp2.dot.ca.gov/data/d3/cctv/image/hwy51atarden/previous/hwy51atarden-9.jpg,https://cwwp2.dot.ca.gov/data/d3/cctv/image/hwy51atarden/previous/hwy51atarden-10.jpg,https://cwwp2.dot.ca.gov/data/d3/cctv/image/hwy51atarden/previous/hwy51atarden-11.jpg,https://cwwp2.dot.ca.gov/data/d3/cctv/image/hwy51atarden/previous/hwy51atarden-12.jpg
45,2025-08-04,11:36:18,1754332578,3,"Hwy 51 at El Camino Ave",Sacramento,-121.425964,38.611313,45,North,Sacramento,SR-51,,,4.77,,4.77,true,,https://wzmedia.dot.ca.gov/D3/51_El_Camino_OC_SAC51_NB.stream/playlist.m3u8,1,https://cwwp2.dot.ca.gov/data/d3/cctv/image/hwy51atelcaminoave/hwy51atelcaminoave.jpg,15,https://cwwp2.dot.ca.gov/data/d3/cctv/image/hwy51atelcaminoave/previous/hwy51atelcaminoave-1.jpg,https://cwwp2.dot.ca.gov/data/d3/cctv/image/hwy51atelcaminoave/previous/hwy51atelcaminoave-2.jpg,https://cwwp2.dot.ca.gov/data/d3/cctv/image/hwy51atelcaminoave/previous/hwy51atelcaminoave-3.jpg,https://cwwp2.dot.ca.gov/data/d3/cctv/image/hwy51atelcaminoave/previous/hwy51atelcaminoave-4.jpg,https://cwwp2.dot.ca.gov/data/d3/cctv/image/hwy51atelcaminoave/previous/hwy51atelcaminoave-5.jpg,https://cwwp2.dot.ca.gov/data/d3/cctv/image/hwy51atelcaminoave/previous/hwy51atelcaminoave-6.jpg,https://cwwp2.dot.ca.gov/data/d3/cctv/image/hwy51atelcaminoave/previous/hwy51atelcaminoave-7.jpg,https://cwwp2.dot.ca.gov/data/d3/cctv/image/hwy51atelcaminoave/previous/hwy51atelcaminoave-8.jpg,https://cwwp2.dot.ca.gov/data/d3/cctv/image/hwy51atelcaminoave/previous/hwy51atelcaminoave-9.jpg,https://cwwp2.dot.ca.gov/data/d3/cctv/image/hwy51atelcaminoave/previous/hwy51atelcaminoave-10.jpg,https://cwwp2.dot.ca.gov/data/d3/cctv/image/hwy51atelcaminoave/previous/hwy51atelcaminoave-11.jpg,https://cwwp2.dot.ca.gov/data/d3/cctv/image/hwy51atelcaminoave/previous/hwy51atelcaminoave-12.jpg
48,2024-05-23,15:23:32,1716503012,3,"Hwy 51 at Watt",Sacramento,-121.383156,38.639835,75,Median,Sacramento,SR-51,,,7.98,,7.98,true,,https://wzmedia.dot.ca.gov/D3/51_Watt_Ave_OC_SAC51_NB.stream/playlist.m3u8,1,https://cwwp2.dot.ca.gov/data/d3/cctv/image/hwy51atwatt/hwy51atwatt.jpg,15,https://cwwp2.dot.ca.gov/data/d3/cctv/image/hwy51atwatt/previous/hwy51atwatt-1.jpg,https://cwwp2.dot.ca.gov/data/d3/cctv/image/hwy51atwatt/previous/hwy51atwatt-2.jpg,https://cwwp2.dot.ca.gov/data/d3/cctv/image/hwy51atwatt/previous/hwy51atwatt-3.jpg,https://cwwp2.dot.ca.gov/data/d3/cctv/image/hwy51atwatt/previous/hwy51atwatt-4.jpg,https://cwwp2.dot.ca.gov/data/d3/cctv/image/hwy51atwatt/previous/hwy51atwatt-5.jpg,https://cwwp2.dot.ca.gov/data/d3/cctv/image/hwy51atwatt/previous/hwy51atwatt-6.jpg,https://cwwp2.dot.ca.gov/data/d3/cctv/image/hwy51atwatt/previous/hwy51atwatt-7.jpg,https://cwwp2.dot.ca.gov/data/d3/cctv/image/hwy51atwatt/previous/hwy51atwatt-8.jpg,https://cwwp2.dot.ca.gov/data/d3/cctv/image/hwy51atwatt/previous/hwy51atwatt-9.jpg,https://cwwp2.dot.ca.gov/data/d3/cctv/image/hwy51atwatt/previous/hwy51atwatt-10.jpg,https://cwwp2.dot.ca.gov/data/d3/cctv/image/hwy51atwatt/previous/hwy51atwatt-11.jpg,https://cwwp2.dot.ca.gov/data/d3/cctv/image/hwy51atwatt/previous/hwy51atwatt-12.jpg
49,2025-07-02,09:07:32,1751472452,3,"Hwy 65 at Pleasant Grove",Roseville,-121.284268,38.78663,183,Median,Placer,SR-65,,R,7.24,,66.95,true,,https://wzmedia.dot.ca.gov/D3/65_Pleasant_Grove_Blvd_OC_PLA65_NB.stream/playlist.m3u8,1,https://cwwp2.dot.ca.gov/data/d3/cctv/image/hwy65atpleasantgrove/hwy65atpleasantgrove.jpg,15,https://cwwp2.dot.ca.gov/data/d3/cctv/image/hwy65atpleasantgrove/previous/hwy65atpleasantgrove-1.jpg,https://cwwp2.dot.ca.gov/data/d3/cctv/image/hwy65atpleasantgrove/previous/hwy65atpleasantgrove-2.jpg,https://cwwp2.dot.ca.gov/data/d3/cctv/image/hwy65atpleasantgrove/previous/hwy65atpleasantgrove-3.jpg,https://cwwp2.dot.ca.gov/data/d3/cctv/image/hwy65atpleasantgrove/previous/hwy65atpleasantgrove-4.jpg,https://cwwp2.dot.ca.gov/data/d3/cctv/image/hwy65atpleasantgrove/previous/hwy65atpleasantgrove-5.jpg,https://cwwp2.dot.ca.gov/data/d3/cctv/image/hwy65atpleasantgrove/previous/hwy65atpleasantgrove-6.jpg,https://cwwp2.dot.ca.gov/data/d3/cctv/image/hwy65atpleasantgrove/previous/hwy65atpleasantgrove-7.jpg,https://cwwp2.dot.ca.gov/data/d3/cctv/image/hwy65atpleasantgrove/previous/hwy65atpleasantgrove-8.jpg,https://cwwp2.dot.ca.gov/data/d3/cctv/image/hwy65atpleasantgrove/previous/hwy65atpleasantgrove-9.jpg,https://cwwp2.dot.ca.gov/data/d3/cctv/image/hwy65atpleasantgrove/previous/hwy65atpleasantgrove-10.jpg,https://cwwp2.dot.ca.gov/data/d3/cctv/image/hwy65atpleasantgrove/previous/hwy65atpleasantgrove-11.jpg,https://cwwp2.dot.ca.gov/data/d3/cctv/image/hwy65atpleasantgrove/previous/hwy65atpleasantgrove-12.jpg
51,2025-02-11,18:28:43,1739327323,3,"Hwy 80 at West Capitol","West Sacramento",-121.581819,38.573915,13,West,Yolo,I-80,,,8.94,,81.12,true,,https://wzmedia.dot.ca.gov/D3/80_West_Capitol_Ave_JWO_YOL80_WB.stream/playlist.m3u8,1,https://cwwp2.dot.ca.gov/data/d3/cctv/image/hwy80atwestcapitol/hwy80atwestcapitol.jpg,15,https://cwwp2.dot.ca.gov/data/d3/cctv/image/hwy80atwestcapitol/previous/hwy80atwestcapitol-1.jpg,https://cwwp2.dot.ca.gov/data/d3/cctv/image/hwy80atwestcapitol/previous/hwy80atwestcapitol-2.jpg,https://cwwp2.dot.ca.gov/data/d3/cctv/image/hwy80atwestcapitol/previous/hwy80atwestcapitol-3.jpg,https://cwwp2.dot.ca.gov/data/d3/cctv/image/hwy80atwestcapitol/previous/hwy80atwestcapitol-4.jpg,https://cwwp2.dot.ca.gov/data/d3/cctv/image/hwy80atwestcapitol/previous/hwy80atwestcapitol-5.jpg,https://cwwp2.dot.ca.gov/data/d3/cctv/image/hwy80atwestcapitol/previous/hwy80atwestcapitol-6.jpg,https://cwwp2.dot.ca.gov/data/d3/cctv/image/hwy80atwestcapitol/previous/hwy80atwestcapitol-7.jpg,https://cwwp2.dot.ca.gov/data/d3/cctv/image/hwy80atwestcapitol/previous/hwy80atwestcapitol-8.jpg,https://cwwp2.dot.ca.gov/data/d3/cctv/image/hwy80atwestcapitol/previous/hwy80atwestcapitol-9.jpg,https://cwwp2.dot.ca.gov/data/d3/cctv/image/hwy80atwestcapitol/previous/hwy80atwestcapitol-10.jpg,https://cwwp2.dot.ca.gov/data/d3/cctv/image/hwy80atwestcapitol/previous/hwy80atwestcapitol-11.jpg,https://cwwp2.dot.ca.gov/data/d3/cctv/image/hwy80atwestcapitol/previous/hwy80atwestcapitol-12.jpg
52,2023-04-17,09:47:57,1681750077,3,"Hwy 80 at Bryte Bend",Sacramento,-121.544722,38.602967,19,Median,Sacramento,I-80,,M,0.36,,84.26,true,,https://wzmedia.dot.ca.gov/D3/80_Bryte_Bend_Bridge_SAC80_EB.stream/playlist.m3u8,1,https://cwwp2.dot.ca.gov/data/d3/cctv/image/hwy80atbrytebend/hwy80atbrytebend.jpg,15,https://cwwp2.dot.ca.gov/data/d3/cctv/image/hwy80atbrytebend/previous/hwy80atbrytebend-1.jpg,https://cwwp2.dot.ca.gov/data/d3/cctv/image/hwy80atbrytebend/previous/hwy80atbrytebend-2.jpg,https://cwwp2.dot.ca.gov/data/d3/cctv/image/hwy80atbrytebend/previous/hwy80atbrytebend-3.jpg,https://cwwp2.dot.ca.gov/data/d3/cctv/image/hwy80atbrytebend/previous/hwy80atbrytebend-4.jpg,https://cwwp2.dot.ca.gov/data/d3/cctv/image/hwy80atbrytebend/previous/hwy80atbrytebend-5.jpg,https://cwwp2.dot.ca.gov/data/d3/cctv/image/hwy80atbrytebend/previous/hwy80atbrytebend-6.jpg,https://cwwp2.dot.ca.gov/data/d3/cctv/image/hwy80atbrytebend/previous/hwy80atbrytebend-7.jpg,https://cwwp2.dot.ca.gov/data/d3/cctv/image/hwy80atbrytebend/previous/hwy80atbrytebend-8.jpg,https://cwwp2.dot.ca.gov/data/d3/cctv/image/hwy80atbrytebend/previous/hwy80atbrytebend-9.jpg,https://cwwp2.dot.ca.gov/data/d3/cctv/image/hwy80atbrytebend/previous/hwy80atbrytebend-10.jpg,https://cwwp2.dot.ca.gov/data/d3/cctv/image/hwy80atbrytebend/previous/hwy80atbrytebend-11.jpg,https://cwwp2.dot.ca.gov/data/d3/cctv/image/hwy80atbrytebend/previous/hwy80atbrytebend-12.jpg
53,2025-06-03,16:54:40,1748994880,3,"Hwy 80 at Truxel",Sacramento,-121.50092,38.634014,16,West,Sacramento,I-80,,M,3.63,,87.53,true,,https://wzmedia.dot.ca.gov/D3/80_Truxel_Rd_OC_SAC80_EB.stream/playlist.m3u8,1,https://cwwp2.dot.ca.gov/data/d3/cctv/image/hwy80attruxel/hwy80attruxel.jpg,15,https://cwwp2.dot.ca.gov/data/d3/cctv/image/hwy80attruxel/previous/hwy80attruxel-1.jpg,https://cwwp2.dot.ca.gov/data/d3/cctv/image/hwy80attruxel/previous/hwy80attruxel-2.jpg,https://cwwp2.dot.ca.gov/data/d3/cctv/image/hwy80attruxel/previous/hwy80attruxel-3.jpg,https://cwwp2.dot.ca.gov/data/d3/cctv/image/hwy80attruxel/previous/hwy80attruxel-4.jpg,https://cwwp2.dot.ca.gov/data/d3/cctv/image/hwy80attruxel/previous/hwy80attruxel-5.jpg,https://cwwp2.dot.ca.gov/data/d3/cctv/image/hwy80attruxel/previous/hwy80attruxel-6.jpg,https://cwwp2.dot.ca.gov/data/d3/cctv/image/hwy80attruxel/previous/hwy80attruxel-7.jpg,https://cwwp2.dot.ca.gov/data/d3/cctv/image/hwy80attruxel/previous/hwy80attruxel-8.jpg,https://cwwp2.dot.ca.gov/data/d3/cctv/image/hwy80attruxel/previous/hwy80attruxel-9.jpg,https://cwwp2.dot.ca.gov/data/d3/cctv/image/hwy80attruxel/previous/hwy80attruxel-10.jpg,https://cwwp2.dot.ca.gov/data/d3/cctv/image/hwy80attruxel/previous/hwy80attruxel-11.jpg,https://cwwp2.dot.ca.gov/data/d3/cctv/image/hwy80attruxel/previous/hwy80attruxel-12.jpg
54,2025-09-24,14:40:30,1758750030,3,"Hwy 80 at Northgate",Sacramento,-121.47791,38.640668,22,Median,Sacramento,I-80,,M,4.972,,88.896,true,,https://wzmedia.dot.ca.gov/D3/80_Northgate_Blvd_JWO_SAC80_MD.stream/playlist.m3u8,1,https://cwwp2.dot.ca.gov/data/d3/cctv/image/hwy80atnorthgate/hwy80atnorthgate.jpg,15,https://cwwp2.dot.ca.gov/data/d3/cctv/image/hwy80atnorthgate/previous/hwy80atnorthgate-1.jpg,https://cwwp2.dot.ca.gov/data/d3/cctv/image/hwy80atnorthgate/previous/hwy80atnorthgate-2.jpg,https://cwwp2.dot.ca.gov/data/d3/cctv/image/hwy80atnorthgate/previous/hwy80atnorthgate-3.jpg,https://cwwp2.dot.ca.gov/data/d3/cctv/image/hwy80atnorthgate/previous/hwy80atnorthgate-4.jpg,https://cwwp2.dot.ca.gov/data/d3/cctv/image/hwy80atnorthgate/previous/hwy80atnorthgate-5.jpg,https://cwwp2.dot.ca.gov/data/d3/cctv/image/hwy80atnorthgate/previous/hwy80atnorthgate-6.jpg,https://cwwp2.dot.ca.gov/data/d3/cctv/image/hwy80atnorthgate/previous/hwy80atnorthgate-7.jpg,https://cwwp2.dot.ca.gov/data/d3/cctv/image/hwy80atnorthgate/previous/hwy80atnorthgate-8.jpg,https://cwwp2.dot.ca.gov/data/d3/cctv/image/hwy80atnorthgate/previous/hwy80atnorthgate-9.jpg,https://cwwp2.dot.ca.gov/data/d3/cctv/image/hwy80atnorthgate/previous/hwy80atnorthgate-10.jpg,https://cwwp2.dot.ca.gov/data/d3/cctv/image/hwy80atnorthgate/previous/hwy80atnorthgate-11.jpg,https://cwwp2.dot.ca.gov/data/d3/cctv/image/hwy80atnorthgate/previous/hwy80atnorthgate-12.jpg
55,2025-09-24,15:06:14,1758751574,3,"Hwy 80 at Norwood",Sacramento,-121.457075,38.641702,29,West,Sacramento,I-80,,M,6.11,,90.01,true,,https://wzmedia.dot.ca.gov/D3/80_Norwood_Ave_OC_SAC80_WB.stream/playlist.m3u8,1,https://cwwp2.dot.ca.gov/data/d3/cctv/image/hwy80atnorwood/hwy80atnorwood.jpg,15,https://cwwp2.dot.ca.gov/data/d3/cctv/image/hwy80atnorwood/previous/hwy80atnorwood-1.jpg,https://cwwp2.dot.ca.gov/data/d3/cctv/image/hwy80atnorwood/previous/hwy80atnorwood-2.jpg,https://cwwp2.dot.ca.gov/data/d3/cctv/image/hwy80atnorwood/previous/hwy80atnorwood-3.jpg,https://cwwp2.dot.ca.gov/data/d3/cctv/image/hwy80atnorwood/previous/hwy80atnorwood-4.jpg,https://cwwp2.dot.ca.gov/data/d3/cctv/image/hwy80atnorwood/previous/hwy80atnorwood-5.jpg,https://cwwp2.dot.ca.gov/data/d3/cctv/image/hwy80atnorwood/previous/hwy80atnorwood-6.jpg,https://cwwp2.dot.ca.gov/data/d3/cctv/image/hwy80atnorwood/previous/hwy80atnorwood-7.jpg,https://cwwp2.dot.ca.gov/data/d3/cctv/image/hwy80atnorwood/previous/hwy80atnorwood-8.jpg,https://cwwp2.dot.ca.gov/data/d3/cctv/image/hwy80atnorwood/previous/hwy80atnorwood-9.jpg,https://cwwp2.dot.ca.gov/data/d3/cctv/image/hwy80atnorwood/previous/hwy80atnorwood-10.jpg,https://cwwp2.dot.ca.gov/data/d3/cctv/image/hwy80atnorwood/previous/hwy80atnorwood-11.jpg,https://cwwp2.dot.ca.gov/data/d3/cctv/image/hwy80atnorwood/previous/hwy80atnorwood-12.jpg
56,2025-09-21,17:50:23,1758502223,3,"Hwy 80 at Raley",Sacramento,-121.429317,38.643198,45,West,Sacramento,I-80,,M,7.62,,91.53,true,,https://wzmedia.dot.ca.gov/D3/80_Raley_Blvd_OC_SAC80_WBy.stream/playlist.m3u8,1,https://cwwp2.dot.ca.gov/data/d3/cctv/image/hwy80atraley/hwy80atraley.jpg,15,https://cwwp2.dot.ca.gov/data/d3/cctv/image/hwy80atraley/previous/hwy80atraley-1.jpg,https://cwwp2.dot.ca.gov/data/d3/cctv/image/hwy80atraley/previous/hwy80atraley-2.jpg,https://cwwp2.dot.ca.gov/data/d3/cctv/image/hwy80atraley/previous/hwy80atraley-3.jpg,https://cwwp2.dot.ca.gov/data/d3/cctv/image/hwy80atraley/previous/hwy80atraley-4.jpg,https://cwwp2.dot.ca.gov/data/d3/cctv/image/hwy80atraley/previous/hwy80atraley-5.jpg,https://cwwp2.dot.ca.gov/data/d3/cctv/image/hwy80atraley/previous/hwy80atraley-6.jpg,https://cwwp2.dot.ca.gov/data/d3/cctv/image/hwy80atraley/previous/hwy80atraley-7.jpg,https://cwwp2.dot.ca.gov/data/d3/cctv/image/hwy80atraley/previous/hwy80atraley-8.jpg,https://cwwp2.dot.ca.gov/data/d3/cctv/image/hwy80atraley/previous/hwy80atraley-9.jpg,https://cwwp2.dot.ca.gov/data/d3/cctv/image/hwy80atraley/previous/hwy80atraley-10.jpg,https://cwwp2.dot.ca.gov/data/d3/cctv/image/hwy80atraley/previous/hwy80atraley-11.jpg,https://cwwp2.dot.ca.gov/data/d3/cctv/image/hwy80atraley/previous/hwy80atraley-12.jpg
58,2026-03-03,16:25:28,1772583928,3,"Hwy 80 at 51/80 Split","North Highlands",-121.367565,38.654136,88,Median,Sacramento,I-80,,,11.87,,95.37,true,,https://wzmedia.dot.ca.gov/D3/80_JCT51_SPLIT_SAC80_EB.stream/playlist.m3u8,1,https://cwwp2.dot.ca.gov/data/d3/cctv/image/hwy80at5180split/hwy80at5180split.jpg,15,https://cwwp2.dot.ca.gov/data/d3/cctv/image/hwy80at5180split/previous/hwy80at5180split-1.jpg,https://cwwp2.dot.ca.gov/data/d3/cctv/image/hwy80at5180split/previous/hwy80at5180split-2.jpg,https://cwwp2.dot.ca.gov/data/d3/cctv/image/hwy80at5180split/previous/hwy80at5180split-3.jpg,https://cwwp2.dot.ca.gov/data/d3/cctv/image/hwy80at5180split/previous/hwy80at5180split-4.jpg,https://cwwp2.dot.ca.gov/data/d3/cctv/image/hwy80at5180split/previous/hwy80at5180split-5.jpg,https://cwwp2.dot.ca.gov/data/d3/cctv/image/hwy80at5180split/previous/hwy80at5180split-6.jpg,https://cwwp2.dot.ca.gov/data/d3/cctv/image/hwy80at5180split/previous/hwy80at5180split-7.jpg,https://cwwp2.dot.ca.gov/data/d3/cctv/image/hwy80at5180split/previous/hwy80at5180split-8.jpg,https://cwwp2.dot.ca.gov/data/d3/cctv/image/hwy80at5180split/previous/hwy80at5180split-9.jpg,https://cwwp2.dot.ca.gov/data/d3/cctv/image/hwy80at5180split/previous/hwy80at5180split-10.jpg,https://cwwp2.dot.ca.gov/data/d3/cctv/image/hwy80at5180split/previous/hwy80at5180split-11.jpg,https://cwwp2.dot.ca.gov/data/d3/cctv/image/hwy80at5180split/previous/hwy80at5180split-12.jpg
60,2023-12-15,00:54:19,1702630459,3,"Hwy 80 at Greenback",Sacramento,-121.336574,38.682718,147,Median,Sacramento,I-80,,,14.44,,97.94,true,,https://wzmedia.dot.ca.gov/D3/80_Greenback_Ln_OC_SAC80_EB.stream/playlist.m3u8,1,https://cwwp2.dot.ca.gov/data/d3/cctv/image/hwy80atgreenback/hwy80atgreenback.jpg,15,https://cwwp2.dot.ca.gov/data/d3/cctv/image/hwy80atgreenback/previous/hwy80atgreenback-1.jpg,https://cwwp2.dot.ca.gov/data/d3/cctv/image/hwy80atgreenback/previous/hwy80atgreenback-2.jpg,https://cwwp2.dot.ca.gov/data/d3/cctv/image/hwy80atgreenback/previous/hwy80atgreenback-3.jpg,https://cwwp2.dot.ca.gov/data/d3/cctv/image/hwy80atgreenback/previous/hwy80atgreenback-4.jpg,https://cwwp2.dot.ca.gov/data/d3/cctv/image/hwy80atgreenback/previous/hwy80atgreenback-5.jpg,https://cwwp2.dot.ca.gov/data/d3/cctv/image/hwy80atgreenback/previous/hwy80atgreenback-6.jpg,https://cwwp2.dot.ca.gov/data/d3/cctv/image/hwy80atgreenback/previous/hwy80atgreenback-7.jpg,https://cwwp2.dot.ca.gov/data/d3/cctv/image/hwy80atgreenback/previous/hwy80atgreenback-8.jpg,https://cwwp2.dot.ca.gov/data/d3/cctv/image/hwy80atgreenback/previous/hwy80atgreenback-9.jpg,https://cwwp2.dot.ca.gov/data/d3/cctv/image/hwy80atgreenback/previous/hwy80atgreenback-10.jpg,https://cwwp2.dot.ca.gov/data/d3/cctv/image/hwy80atgreenback/previous/hwy80atgreenback-11.jpg,https://cwwp2.dot.ca.gov/data/d3/cctv/image/hwy80atgreenback/previous/hwy80atgreenback-12.jpg
61,2026-02-25,17:22:37,1772068957,3,"Hwy 80 at Antelope","Citrus Heights",-121.310319,38.707251,164,West,Sacramento,I-80,,,16.66,,100.16,true,,https://wzmedia.dot.ca.gov/D3/80_Antelope_Rd_OC_SAC80_WB.stream/playlist.m3u8,1,https://cwwp2.dot.ca.gov/data/d3/cctv/image/hwy80atantelope/hwy80atantelope.jpg,15,https://cwwp2.dot.ca.gov/data/d3/cctv/image/hwy80atantelope/previous/hwy80atantelope-1.jpg,https://cwwp2.dot.ca.gov/data/d3/cctv/image/hwy80atantelope/previous/hwy80atantelope-2.jpg,https://cwwp2.dot.ca.gov/data/d3/cctv/image/hwy80atantelope/previous/hwy80atantelope-3.jpg,https://cwwp2.dot.ca.gov/data/d3/cctv/image/hwy80atantelope/previous/hwy80atantelope-4.jpg,https://cwwp2.dot.ca.gov/data/d3/cctv/image/hwy80atantelope/previous/hwy80atantelope-5.jpg,https://cwwp2.dot.ca.gov/data/d3/cctv/image/hwy80atantelope/previous/hwy80atantelope-6.jpg,https://cwwp2.dot.ca.gov/data/d3/cctv/image/hwy80atantelope/previous/hwy80atantelope-7.jpg,https://cwwp2.dot.ca.gov/data/d3/cctv/image/hwy80atantelope/previous/hwy80atantelope-8.jpg,https://cwwp2.dot.ca.gov/data/d3/cctv/image/hwy80atantelope/previous/hwy80atantelope-9.jpg,https://cwwp2.dot.ca.gov/data/d3/cctv/image/hwy80atantelope/previous/hwy80atantelope-10.jpg,https://cwwp2.dot.ca.gov/data/d3/cctv/image/hwy80atantelope/previous/hwy80atantelope-11.jpg,https://cwwp2.dot.ca.gov/data/d3/cctv/image/hwy80atantelope/previous/hwy80atantelope-12.jpg
63,2025-06-17,17:06:52,1750205212,3,"Hwy 80 at Darling 1",Roseville,-121.278563,38.735825,154,West,Placer,I-80,,,1.29,,102.79,true,,https://wzmedia.dot.ca.gov/D3/80_Darling_Way_PLA80_WB_1.stream/playlist.m3u8,1,https://cwwp2.dot.ca.gov/data/d3/cctv/image/hwy80atdarling1/hwy80atdarling1.jpg,15,https://cwwp2.dot.ca.gov/data/d3/cctv/image/hwy80atdarling1/previous/hwy80atdarling1-1.jpg,https://cwwp2.dot.ca.gov/data/d3/cctv/image/hwy80atdarling1/previous/hwy80atdarling1-2.jpg,https://cwwp2.dot.ca.gov/data/d3/cctv/image/hwy80atdarling1/previous/hwy80atdarling1-3.jpg,https://cwwp2.dot.ca.gov/data/d3/cctv/image/hwy80atdarling1/previous/hwy80atdarling1-4.jpg,https://cwwp2.dot.ca.gov/data/d3/cctv/image/hwy80atdarling1/previous/hwy80atdarling1-5.jpg,https://cwwp2.dot.ca.gov/data/d3/cctv/image/hwy80atdarling1/previous/hwy80atdarling1-6.jpg,https://cwwp2.dot.ca.gov/data/d3/cctv/image/hwy80atdarling1/previous/hwy80atdarling1-7.jpg,https://cwwp2.dot.ca.gov/data/d3/cctv/image/hwy80atdarling1/previous/hwy80atdarling1-8.jpg,https://cwwp2.dot.ca.gov/data/d3/cctv/image/hwy80atdarling1/previous/hwy80atdarling1-9.jpg,https://cwwp2.dot.ca.gov/data/d3/cctv/image/hwy80atdarling1/previous/hwy80atdarling1-10.jpg,https://cwwp2.dot.ca.gov/data/d3/cctv/image/hwy80atdarling1/previous/hwy80atdarling1-11.jpg,https://cwwp2.dot.ca.gov/data/d3/cctv/image/hwy80atdarling1/previous/hwy80atdarling1-12.jpg
65,2023-04-17,09:39:49,1681749589,3,"Hwy 80 at Applegate",Applegate,-120.993299,39.003707,2040,West,Placer,I-80,,,25.86,,127.29,true,,https://wzmedia.dot.ca.gov/D3/80_Applegate_PLA80_EB.stream/playlist.m3u8,1,https://cwwp2.dot.ca.gov/data/d3/cctv/image/hwy80atapplegate/hwy80atapplegate.jpg,15,https://cwwp2.dot.ca.gov/data/d3/cctv/image/hwy80atapplegate/previous/hwy80atapplegate-1.jpg,https://cwwp2.dot.ca.gov/data/d3/cctv/image/hwy80atapplegate/previous/hwy80atapplegate-2.jpg,https://cwwp2.dot.ca.gov/data/d3/cctv/image/hwy80atapplegate/previous/hwy80atapplegate-3.jpg,https://cwwp2.dot.ca.gov/data/d3/cctv/image/hwy80atapplegate/previous/hwy80atapplegate-4.jpg,https://cwwp2.dot.ca.gov/data/d3/cctv/image/hwy80atapplegate/previous/hwy80atapplegate-5.jpg,https://cwwp2.dot.ca.gov/data/d3/cctv/image/hwy80atapplegate/previous/hwy80atapplegate-6.jpg,https://cwwp2.dot.ca.gov/data/d3/cctv/image/hwy80atapplegate/previous/hwy80atapplegate-7.jpg,https://cwwp2.dot.ca.gov/data/d3/cctv/image/hwy80atapplegate/previous/hwy80atapplegate-8.jpg,https://cwwp2.dot.ca.gov/data/d3/cctv/image/hwy80atapplegate/previous/hwy80atapplegate-9.jpg,https://cwwp2.dot.ca.gov/data/d3/cctv/image/hwy80atapplegate/previous/hwy80atapplegate-10.jpg,https://cwwp2.dot.ca.gov/data/d3/cctv/image/hwy80atapplegate/previous/hwy80atapplegate-11.jpg,https://cwwp2.dot.ca.gov/data/d3/cctv/image/hwy80atapplegate/previous/hwy80atapplegate-12.jpg
66,2024-04-01,19:51:06,1712026266,3,"Hwy 80 at Colfax",Colfax,-120.949353,39.095665,2414,East,Placer,I-80,,,33.13,,134.61,true,,https://wzmedia.dot.ca.gov/D3/80_Colfax_PLA80_EB.stream/playlist.m3u8,1,https://cwwp2.dot.ca.gov/data/d3/cctv/image/hwy80atcolfax/hwy80atcolfax.jpg,15,https://cwwp2.dot.ca.gov/data/d3/cctv/image/hwy80atcolfax/previous/hwy80atcolfax-1.jpg,https://cwwp2.dot.ca.gov/data/d3/cctv/image/hwy80atcolfax/previous/hwy80atcolfax-2.jpg,https://cwwp2.dot.ca.gov/data/d3/cctv/image/hwy80atcolfax/previous/hwy80atcolfax-3.jpg,https://cwwp2.dot.ca.gov/data/d3/cctv/image/hwy80atcolfax/previous/hwy80atcolfax-4.jpg,https://cwwp2.dot.ca.gov/data/d3/cctv/image/hwy80atcolfax/previous/hwy80atcolfax-5.jpg,https://cwwp2.dot.ca.gov/data/d3/cctv/image/hwy80atcolfax/previous/hwy80atcolfax-6.jpg,https://cwwp2.dot.ca.gov/data/d3/cctv/image/hwy80atcolfax/previous/hwy80atcolfax-7.jpg,https://cwwp2.dot.ca.gov/data/d3/cctv/image/hwy80atcolfax/previous/hwy80atcolfax-8.jpg,https://cwwp2.dot.ca.gov/data/d3/cctv/image/hwy80atcolfax/previous/hwy80atcolfax-9.jpg,https://cwwp2.dot.ca.gov/data/d3/cctv/image/hwy80atcolfax/previous/hwy80atcolfax-10.jpg,https://cwwp2.dot.ca.gov/data/d3/cctv/image/hwy80atcolfax/previous/hwy80atcolfax-11.jpg,https://cwwp2.dot.ca.gov/data/d3/cctv/image/hwy80atcolfax/previous/hwy80atcolfax-12.jpg
67,2025-05-07,12:28:54,1746646134,3,"Hwy 80 at Dutch Flat","Gold Run",-120.836073,39.188982,3323,Median,Placer,I-80,,,42.93,,144.41,true,,https://wzmedia.dot.ca.gov/D3/80_Dutch_Flat_PLA80_WB.stream/playlist.m3u8,1,https://cwwp2.dot.ca.gov/data/d3/cctv/image/hwy80atdutchflat/hwy80atdutchflat.jpg,15,https://cwwp2.dot.ca.gov/data/d3/cctv/image/hwy80atdutchflat/previous/hwy80atdutchflat-1.jpg,https://cwwp2.dot.ca.gov/data/d3/cctv/image/hwy80atdutchflat/previous/hwy80atdutchflat-2.jpg,https://cwwp2.dot.ca.gov/data/d3/cctv/image/hwy80atdutchflat/previous/hwy80atdutchflat-3.jpg,https://cwwp2.dot.ca.gov/data/d3/cctv/image/hwy80atdutchflat/previous/hwy80atdutchflat-4.jpg,https://cwwp2.dot.ca.gov/data/d3/cctv/image/hwy80atdutchflat/previous/hwy80atdutchflat-5.jpg,https://cwwp2.dot.ca.gov/data/d3/cctv/image/hwy80atdutchflat/previous/hwy80atdutchflat-6.jpg,https://cwwp2.dot.ca.gov/data/d3/cctv/image/hwy80atdutchflat/previous/hwy80atdutchflat-7.jpg,https://cwwp2.dot.ca.gov/data/d3/cctv/image/hwy80atdutchflat/previous/hwy80atdutchflat-8.jpg,https://cwwp2.dot.ca.gov/data/d3/cctv/image/hwy80atdutchflat/previous/hwy80atdutchflat-9.jpg,https://cwwp2.dot.ca.gov/data/d3/cctv/image/hwy80atdutchflat/previous/hwy80atdutchflat-10.jpg,https://cwwp2.dot.ca.gov/data/d3/cctv/image/hwy80atdutchflat/previous/hwy80atdutchflat-11.jpg,https://cwwp2.dot.ca.gov/data/d3/cctv/image/hwy80atdutchflat/previous/hwy80atdutchflat-12.jpg
68,2025-10-13,13:33:12,1760387592,3,"Hwy 80 at Crystal Springs",Alta,-120.786343,39.209215,3868,Median,Placer,I-80,,,46.32,,147.8,true,,https://wzmedia.dot.ca.gov/D3/80_crystal_springs.stream/playlist.m3u8,1,https://cwwp2.dot.ca.gov/data/d3/cctv/image/hwy80atcrystalsprings/hwy80atcrystalsprings.jpg,15,https://cwwp2.dot.ca.gov/data/d3/cctv/image/hwy80atcrystalsprings/previous/hwy80atcrystalsprings-1.jpg,https://cwwp2.dot.ca.gov/data/d3/cctv/image/hwy80atcrystalsprings/previous/hwy80atcrystalsprings-2.jpg,https://cwwp2.dot.ca.gov/data/d3/cctv/image/hwy80atcrystalsprings/previous/hwy80atcrystalsprings-3.jpg,https://cwwp2.dot.ca.gov/data/d3/cctv/image/hwy80atcrystalsprings/previous/hwy80atcrystalsprings-4.jpg,https://cwwp2.dot.ca.gov/data/d3/cctv/image/hwy80atcrystalsprings/previous/hwy80atcrystalsprings-5.jpg,https://cwwp2.dot.ca.gov/data/d3/cctv/image/hwy80atcrystalsprings/previous/hwy80atcrystalsprings-6.jpg,https://cwwp2.dot.ca.gov/data/d3/cctv/image/hwy80atcrystalsprings/previous/hwy80atcrystalsprings-7.jpg,https://cwwp2.dot.ca.gov/data/d3/cctv/image/hwy80atcrystalsprings/previous/hwy80atcrystalsprings-8.jpg,https://cwwp2.dot.ca.gov/data/d3/cctv/image/hwy80atcrystalsprings/previous/hwy80atcrystalsprings-9.jpg,https://cwwp2.dot.ca.gov/data/d3/cctv/image/hwy80atcrystalsprings/previous/hwy80atcrystalsprings-10.jpg,https://cwwp2.dot.ca.gov/data/d3/cctv/image/hwy80atcrystalsprings/previous/hwy80atcrystalsprings-11.jpg,https://cwwp2.dot.ca.gov/data/d3/cctv/image/hwy80atcrystalsprings/previous/hwy80atcrystalsprings-12.jpg
69,2026-02-13,09:23:07,1771003387,3,"Hwy 80 at Whitmore Grade","Blue Canyon",-120.719639,39.269867,5022,West,Placer,I-80,,,52,L,153.49,true,,https://wzmedia.dot.ca.gov/D3/80_Whitmore_Grade_PLA80_WB.stream/playlist.m3u8,1,https://cwwp2.dot.ca.gov/data/d3/cctv/image/hwy80atwhitmoregrade/hwy80atwhitmoregrade.jpg,15,https://cwwp2.dot.ca.gov/data/d3/cctv/image/hwy80atwhitmoregrade/previous/hwy80atwhitmoregrade-1.jpg,https://cwwp2.dot.ca.gov/data/d3/cctv/image/hwy80atwhitmoregrade/previous/hwy80atwhitmoregrade-2.jpg,https://cwwp2.dot.ca.gov/data/d3/cctv/image/hwy80atwhitmoregrade/previous/hwy80atwhitmoregrade-3.jpg,https://cwwp2.dot.ca.gov/data/d3/cctv/image/hwy80atwhitmoregrade/previous/hwy80atwhitmoregrade-4.jpg,https://cwwp2.dot.ca.gov/data/d3/cctv/image/hwy80atwhitmoregrade/previous/hwy80atwhitmoregrade-5.jpg,https://cwwp2.dot.ca.gov/data/d3/cctv/image/hwy80atwhitmoregrade/previous/hwy80atwhitmoregrade-6.jpg,https://cwwp2.dot.ca.gov/data/d3/cctv/image/hwy80atwhitmoregrade/previous/hwy80atwhitmoregrade-7.jpg,https://cwwp2.dot.ca.gov/data/d3/cctv/image/hwy80atwhitmoregrade/previous/hwy80atwhitmoregrade-8.jpg,https://cwwp2.dot.ca.gov/data/d3/cctv/image/hwy80atwhitmoregrade/previous/hwy80atwhitmoregrade-9.jpg,https://cwwp2.dot.ca.gov/data/d3/cctv/image/hwy80atwhitmoregrade/previous/hwy80atwhitmoregrade-10.jpg,https://cwwp2.dot.ca.gov/data/d3/cctv/image/hwy80atwhitmoregrade/previous/hwy80atwhitmoregrade-11.jpg,https://cwwp2.dot.ca.gov/data/d3/cctv/image/hwy80atwhitmoregrade/previous/hwy80atwhitmoregrade-12.jpg
71,2023-04-17,11:23:32,1681755812,3,"Hwy 80 at Kingvale WB","Soda Springs",-120.439405,39.31582,6128,West,Placer,I-80,,,69.66,,171.01,true,,https://wzmedia.dot.ca.gov/D3/80_Kingvale_PLA80_WB.stream/playlist.m3u8,1,https://cwwp2.dot.ca.gov/data/d3/cctv/image/hwy80atkingvalewb/hwy80atkingvalewb.jpg,15,https://cwwp2.dot.ca.gov/data/d3/cctv/image/hwy80atkingvalewb/previous/hwy80atkingvalewb-1.jpg,https://cwwp2.dot.ca.gov/data/d3/cctv/image/hwy80atkingvalewb/previous/hwy80atkingvalewb-2.jpg,https://cwwp2.dot.ca.gov/data/d3/cctv/image/hwy80atkingvalewb/previous/hwy80atkingvalewb-3.jpg,https://cwwp2.dot.ca.gov/data/d3/cctv/image/hwy80atkingvalewb/previous/hwy80atkingvalewb-4.jpg,https://cwwp2.dot.ca.gov/data/d3/cctv/image/hwy80atkingvalewb/previous/hwy80atkingvalewb-5.jpg,https://cwwp2.dot.ca.gov/data/d3/cctv/image/hwy80atkingvalewb/previous/hwy80atkingvalewb-6.jpg,https://cwwp2.dot.ca.gov/data/d3/cctv/image/hwy80atkingvalewb/previous/hwy80atkingvalewb-7.jpg,https://cwwp2.dot.ca.gov/data/d3/cctv/image/hwy80atkingvalewb/previous/hwy80atkingvalewb-8.jpg,https://cwwp2.dot.ca.gov/data/d3/cctv/image/hwy80atkingvalewb/previous/hwy80atkingvalewb-9.jpg,https://cwwp2.dot.ca.gov/data/d3/cctv/image/hwy80atkingvalewb/previous/hwy80atkingvalewb-10.jpg,https://cwwp2.dot.ca.gov/data/d3/cctv/image/hwy80atkingvalewb/previous/hwy80atkingvalewb-11.jpg,https://cwwp2.dot.ca.gov/data/d3/cctv/image/hwy80atkingvalewb/previous/hwy80atkingvalewb-12.jpg
72,2026-01-05,13:23:31,1767648211,3,"Hwy 80 at Soda Springs EB","Soda Springs",-120.389657,39.326506,6692,East,Nevada,I-80,,R,2.64,R,173.76,true,,https://wzmedia.dot.ca.gov/D3/80_Soda_Springs_NEV80_EB.stream/playlist.m3u8,1,https://cwwp2.dot.ca.gov/data/d3/cctv/image/hwy80atsodaspringseb/hwy80atsodaspringseb.jpg,15,https://cwwp2.dot.ca.gov/data/d3/cctv/image/hwy80atsodaspringseb/previous/hwy80atsodaspringseb-1.jpg,https://cwwp2.dot.ca.gov/data/d3/cctv/image/hwy80atsodaspringseb/previous/hwy80atsodaspringseb-2.jpg,https://cwwp2.dot.ca.gov/data/d3/cctv/image/hwy80atsodaspringseb/previous/hwy80atsodaspringseb-3.jpg,https://cwwp2.dot.ca.gov/data/d3/cctv/image/hwy80atsodaspringseb/previous/hwy80atsodaspringseb-4.jpg,https://cwwp2.dot.ca.gov/data/d3/cctv/image/hwy80atsodaspringseb/previous/hwy80atsodaspringseb-5.jpg,https://cwwp2.dot.ca.gov/data/d3/cctv/image/hwy80atsodaspringseb/previous/hwy80atsodaspringseb-6.jpg,https://cwwp2.dot.ca.gov/data/d3/cctv/image/hwy80atsodaspringseb/previous/hwy80atsodaspringseb-7.jpg,https://cwwp2.dot.ca.gov/data/d3/cctv/image/hwy80atsodaspringseb/previous/hwy80atsodaspringseb-8.jpg,https://cwwp2.dot.ca.gov/data/d3/cctv/image/hwy80atsodaspringseb/previous/hwy80atsodaspringseb-9.jpg,https://cwwp2.dot.ca.gov/data/d3/cctv/image/hwy80atsodaspringseb/previous/hwy80atsodaspringseb-10.jpg,https://cwwp2.dot.ca.gov/data/d3/cctv/image/hwy80atsodaspringseb/previous/hwy80atsodaspringseb-11.jpg,https://cwwp2.dot.ca.gov/data/d3/cctv/image/hwy80atsodaspringseb/previous/hwy80atsodaspringseb-12.jpg
74,2025-03-26,16:46:40,1743032800,3,"Hwy 80 at Old Ag Sta",Truckee,-120.219099,39.323597,5905,West,Nevada,I-80,,,13.57,,184.13,true,,https://wzmedia.dot.ca.gov/D3/80_AG_Station_NEV80_EB.stream/playlist.m3u8,1,https://cwwp2.dot.ca.gov/data/d3/cctv/image/hwy80atoldagsta/hwy80atoldagsta.jpg,15,https://cwwp2.dot.ca.gov/data/d3/cctv/image/hwy80atoldagsta/previous/hwy80atoldagsta-1.jpg,https://cwwp2.dot.ca.gov/data/d3/cctv/image/hwy80atoldagsta/previous/hwy80atoldagsta-2.jpg,https://cwwp2.dot.ca.gov/data/d3/cctv/image/hwy80atoldagsta/previous/hwy80atoldagsta-3.jpg,https://cwwp2.dot.ca.gov/data/d3/cctv/image/hwy80atoldagsta/previous/hwy80atoldagsta-4.jpg,https://cwwp2.dot.ca.gov/data/d3/cctv/image/hwy80atoldagsta/previous/hwy80atoldagsta-5.jpg,https://cwwp2.dot.ca.gov/data/d3/cctv/image/hwy80atoldagsta/previous/hwy80atoldagsta-6.jpg,https://cwwp2.dot.ca.gov/data/d3/cctv/image/hwy80atoldagsta/previous/hwy80atoldagsta-7.jpg,https://cwwp2.dot.ca.gov/data/d3/cctv/image/hwy80atoldagsta/previous/hwy80atoldagsta-8.jpg,https://cwwp2.dot.ca.gov/data/d3/cctv/image/hwy80atoldagsta/previous/hwy80atoldagsta-9.jpg,https://cwwp2.dot.ca.gov/data/d3/cctv/image/hwy80atoldagsta/previous/hwy80atoldagsta-10.jpg,https://cwwp2.dot.ca.gov/data/d3/cctv/image/hwy80atoldagsta/previous/hwy80atoldagsta-11.jpg,https://cwwp2.dot.ca.gov/data/d3/cctv/image/hwy80atoldagsta/previous/hwy80atoldagsta-12.jpg
75,2023-08-31,08:00:58,1693494058,3,"Hwy 80 at Hwy 89",Truckee,-120.207395,39.322884,5898,East,Nevada,I-80,,,14.2,,184.77,true,,https://wzmedia.dot.ca.gov/D3/80_JCT89S_NEV80_EB.stream/playlist.m3u8,1,https://cwwp2.dot.ca.gov/data/d3/cctv/image/hwy80athwy89/hwy80athwy89.jpg,15,https://cwwp2.dot.ca.gov/data/d3/cctv/image/hwy80athwy89/previous/hwy80athwy89-1.jpg,https://cwwp2.dot.ca.gov/data/d3/cctv/image/hwy80athwy89/previous/hwy80athwy89-2.jpg,https://cwwp2.dot.ca.gov/data/d3/cctv/image/hwy80athwy89/previous/hwy80athwy89-3.jpg,https://cwwp2.dot.ca.gov/data/d3/cctv/image/hwy80athwy89/previous/hwy80athwy89-4.jpg,https://cwwp2.dot.ca.gov/data/d3/cctv/image/hwy80athwy89/previous/hwy80athwy89-5.jpg,https://cwwp2.dot.ca.gov/data/d3/cctv/image/hwy80athwy89/previous/hwy80athwy89-6.jpg,https://cwwp2.dot.ca.gov/data/d3/cctv/image/hwy80athwy89/previous/hwy80athwy89-7.jpg,https://cwwp2.dot.ca.gov/data/d3/cctv/image/hwy80athwy89/previous/hwy80athwy89-8.jpg,https://cwwp2.dot.ca.gov/data/d3/cctv/image/hwy80athwy89/previous/hwy80athwy89-9.jpg,https://cwwp2.dot.ca.gov/data/d3/cctv/image/hwy80athwy89/previous/hwy80athwy89-10.jpg,https://cwwp2.dot.ca.gov/data/d3/cctv/image/hwy80athwy89/previous/hwy80athwy89-11.jpg,https://cwwp2.dot.ca.gov/data/d3/cctv/image/hwy80athwy89/previous/hwy80athwy89-12.jpg
76,2023-04-17,11:16:31,1681755391,3,"Hwy 80 at 267",Truckee,-120.16833,39.33791,5928,East,Nevada,I-80,,,16.64,,187.22,true,,https://wzmedia.dot.ca.gov/D3/80_JCT267_NEV80_EB.stream/playlist.m3u8,1,https://cwwp2.dot.ca.gov/data/d3/cctv/image/hwy80at267/hwy80at267.jpg,15,https://cwwp2.dot.ca.gov/data/d3/cctv/image/hwy80at267/previous/hwy80at267-1.jpg,https://cwwp2.dot.ca.gov/data/d3/cctv/image/hwy80at267/previous/hwy80at267-2.jpg,https://cwwp2.dot.ca.gov/data/d3/cctv/image/hwy80at267/previous/hwy80at267-3.jpg,https://cwwp2.dot.ca.gov/data/d3/cctv/image/hwy80at267/previous/hwy80at267-4.jpg,https://cwwp2.dot.ca.gov/data/d3/cctv/image/hwy80at267/previous/hwy80at267-5.jpg,https://cwwp2.dot.ca.gov/data/d3/cctv/image/hwy80at267/previous/hwy80at267-6.jpg,https://cwwp2.dot.ca.gov/data/d3/cctv/image/hwy80at267/previous/hwy80at267-7.jpg,https://cwwp2.dot.ca.gov/data/d3/cctv/image/hwy80at267/previous/hwy80at267-8.jpg,https://cwwp2.dot.ca.gov/data/d3/cctv/image/hwy80at267/previous/hwy80at267-9.jpg,https://cwwp2.dot.ca.gov/data/d3/cctv/image/hwy80at267/previous/hwy80at267-10.jpg,https://cwwp2.dot.ca.gov/data/d3/cctv/image/hwy80at267/previous/hwy80at267-11.jpg,https://cwwp2.dot.ca.gov/data/d3/cctv/image/hwy80at267/previous/hwy80at267-12.jpg
77,2023-04-17,14:04:23,1681765463,3,"Hwy 80 at Truckee Scales",Truckee,-120.130051,39.362234,5826,West,Nevada,I-80,,,19.28,,189.85,true,,https://wzmedia.dot.ca.gov/D3/80_Truckee_Scales_NEV80_WB.stream/playlist.m3u8,1,https://cwwp2.dot.ca.gov/data/d3/cctv/image/hwy80attruckeescales/hwy80attruckeescales.jpg,15,https://cwwp2.dot.ca.gov/data/d3/cctv/image/hwy80attruckeescales/previous/hwy80attruckeescales-1.jpg,https://cwwp2.dot.ca.gov/data/d3/cctv/image/hwy80attruckeescales/previous/hwy80attruckeescales-2.jpg,https://cwwp2.dot.ca.gov/data/d3/cctv/image/hwy80attruckeescales/previous/hwy80attruckeescales-3.jpg,https://cwwp2.dot.ca.gov/data/d3/cctv/image/hwy80attruckeescales/previous/hwy80attruckeescales-4.jpg,https://cwwp2.dot.ca.gov/data/d3/cctv/image/hwy80attruckeescales/previous/hwy80attruckeescales-5.jpg,https://cwwp2.dot.ca.gov/data/d3/cctv/image/hwy80attruckeescales/previous/hwy80attruckeescales-6.jpg,https://cwwp2.dot.ca.gov/data/d3/cctv/image/hwy80attruckeescales/previous/hwy80attruckeescales-7.jpg,https://cwwp2.dot.ca.gov/data/d3/cctv/image/hwy80attruckeescales/previous/hwy80attruckeescales-8.jpg,https://cwwp2.dot.ca.gov/data/d3/cctv/image/hwy80attruckeescales/previous/hwy80attruckeescales-9.jpg,https://cwwp2.dot.ca.gov/data/d3/cctv/image/hwy80attruckeescales/previous/hwy80attruckeescales-10.jpg,https://cwwp2.dot.ca.gov/data/d3/cctv/image/hwy80attruckeescales/previous/hwy80attruckeescales-11.jpg,https://cwwp2.dot.ca.gov/data/d3/cctv/image/hwy80attruckeescales/previous/hwy80attruckeescales-12.jpg
78,2023-04-17,10:57:16,1681754236,3,"Hwy 80 at Floriston",Truckee,-120.023839,39.395554,5291,East,Nevada,I-80,,,27.37,,197.94,true,,https://wzmedia.dot.ca.gov/D3/80_Floriston_Way_NEV80_EB.stream/playlist.m3u8,1,https://cwwp2.dot.ca.gov/data/d3/cctv/image/hwy80atfloriston/hwy80atfloriston.jpg,15,https://cwwp2.dot.ca.gov/data/d3/cctv/image/hwy80atfloriston/previous/hwy80atfloriston-1.jpg,https://cwwp2.dot.ca.gov/data/d3/cctv/image/hwy80atfloriston/previous/hwy80atfloriston-2.jpg,https://cwwp2.dot.ca.gov/data/d3/cctv/image/hwy80atfloriston/previous/hwy80atfloriston-3.jpg,https://cwwp2.dot.ca.gov/data/d3/cctv/image/hwy80atfloriston/previous/hwy80atfloriston-4.jpg,https://cwwp2.dot.ca.gov/data/d3/cctv/image/hwy80atfloriston/previous/hwy80atfloriston-5.jpg,https://cwwp2.dot.ca.gov/data/d3/cctv/image/hwy80atfloriston/previous/hwy80atfloriston-6.jpg,https://cwwp2.dot.ca.gov/data/d3/cctv/image/hwy80atfloriston/previous/hwy80atfloriston-7.jpg,https://cwwp2.dot.ca.gov/data/d3/cctv/image/hwy80atfloriston/previous/hwy80atfloriston-8.jpg,https://cwwp2.dot.ca.gov/data/d3/cctv/image/hwy80atfloriston/previous/hwy80atfloriston-9.jpg,https://cwwp2.dot.ca.gov/data/d3/cctv/image/hwy80atfloriston/previous/hwy80atfloriston-10.jpg,https://cwwp2.dot.ca.gov/data/d3/cctv/image/hwy80atfloriston/previous/hwy80atfloriston-11.jpg,https://cwwp2.dot.ca.gov/data/d3/cctv/image/hwy80atfloriston/previous/hwy80atfloriston-12.jpg
79,2023-04-17,14:44:26,1681767866,3,"Hwy 89 at Hwy 28","Tahoe City",-120.14546,39.16774,6246,West,Placer,SR-89,,T,8.58,,67.38,true,,https://wzmedia.dot.ca.gov/D3/89_JCT28_PLA89_NB.stream/playlist.m3u8,1,https://cwwp2.dot.ca.gov/data/d3/cctv/image/hwy89athwy28/hwy89athwy28.jpg,15,https://cwwp2.dot.ca.gov/data/d3/cctv/image/hwy89athwy28/previous/hwy89athwy28-1.jpg,https://cwwp2.dot.ca.gov/data/d3/cctv/image/hwy89athwy28/previous/hwy89athwy28-2.jpg,https://cwwp2.dot.ca.gov/data/d3/cctv/image/hwy89athwy28/previous/hwy89athwy28-3.jpg,https://cwwp2.dot.ca.gov/data/d3/cctv/image/hwy89athwy28/previous/hwy89athwy28-4.jpg,https://cwwp2.dot.ca.gov/data/d3/cctv/image/hwy89athwy28/previous/hwy89athwy28-5.jpg,https://cwwp2.dot.ca.gov/data/d3/cctv/image/hwy89athwy28/previous/hwy89athwy28-6.jpg,https://cwwp2.dot.ca.gov/data/d3/cctv/image/hwy89athwy28/previous/hwy89athwy28-7.jpg,https://cwwp2.dot.ca.gov/data/d3/cctv/image/hwy89athwy28/previous/hwy89athwy28-8.jpg,https://cwwp2.dot.ca.gov/data/d3/cctv/image/hwy89athwy28/previous/hwy89athwy28-9.jpg,https://cwwp2.dot.ca.gov/data/d3/cctv/image/hwy89athwy28/previous/hwy89athwy28-10.jpg,https://cwwp2.dot.ca.gov/data/d3/cctv/image/hwy89athwy28/previous/hwy89athwy28-11.jpg,https://cwwp2.dot.ca.gov/data/d3/cctv/image/hwy89athwy28/previous/hwy89athwy28-12.jpg
80,2023-10-12,12:27:21,1697138841,3,"Hwy 89 at Rampart","Olympic Valley",-120.177562,39.165377,6250,South,Placer,SR-89,,,10.56,,69.43,true,,https://wzmedia.dot.ca.gov/D3/89_rampart.stream/playlist.m3u8,1,https://cwwp2.dot.ca.gov/data/d3/cctv/image/hwy89atrampart/hwy89atrampart.jpg,15,https://cwwp2.dot.ca.gov/data/d3/cctv/image/hwy89atrampart/previous/hwy89atrampart-1.jpg,https://cwwp2.dot.ca.gov/data/d3/cctv/image/hwy89atrampart/previous/hwy89atrampart-2.jpg,https://cwwp2.dot.ca.gov/data/d3/cctv/image/hwy89atrampart/previous/hwy89atrampart-3.jpg,https://cwwp2.dot.ca.gov/data/d3/cctv/image/hwy89atrampart/previous/hwy89atrampart-4.jpg,https://cwwp2.dot.ca.gov/data/d3/cctv/image/hwy89atrampart/previous/hwy89atrampart-5.jpg,https://cwwp2.dot.ca.gov/data/d3/cctv/image/hwy89atrampart/previous/hwy89atrampart-6.jpg,https://cwwp2.dot.ca.gov/data/d3/cctv/image/hwy89atrampart/previous/hwy89atrampart-7.jpg,https://cwwp2.dot.ca.gov/data/d3/cctv/image/hwy89atrampart/previous/hwy89atrampart-8.jpg,https://cwwp2.dot.ca.gov/data/d3/cctv/image/hwy89atrampart/previous/hwy89atrampart-9.jpg,https://cwwp2.dot.ca.gov/data/d3/cctv/image/hwy89atrampart/previous/hwy89atrampart-10.jpg,https://cwwp2.dot.ca.gov/data/d3/cctv/image/hwy89atrampart/previous/hwy89atrampart-11.jpg,https://cwwp2.dot.ca.gov/data/d3/cctv/image/hwy89atrampart/previous/hwy89atrampart-12.jpg
81,2023-04-17,14:50:27,1681768227,3,"Hwy 89 at Olympic Valley","Olympic Valley",-120.199202,39.204709,6122,North,Placer,SR-89,,,13.72,,72.58,true,,https://wzmedia.dot.ca.gov/D3/89_Olympic_Valley_Rd_PLA89_NB.stream/playlist.m3u8,1,https://cwwp2.dot.ca.gov/data/d3/cctv/image/hwy89atolympicvalley/hwy89atolympicvalley.jpg,15,https://cwwp2.dot.ca.gov/data/d3/cctv/image/hwy89atolympicvalley/previous/hwy89atolympicvalley-1.jpg,https://cwwp2.dot.ca.gov/data/d3/cctv/image/hwy89atolympicvalley/previous/hwy89atolympicvalley-2.jpg,https://cwwp2.dot.ca.gov/data/d3/cctv/image/hwy89atolympicvalley/previous/hwy89atolympicvalley-3.jpg,https://cwwp2.dot.ca.gov/data/d3/cctv/image/hwy89atolympicvalley/previous/hwy89atolympicvalley-4.jpg,https://cwwp2.dot.ca.gov/data/d3/cctv/image/hwy89atolympicvalley/previous/hwy89atolympicvalley-5.jpg,https://cwwp2.dot.ca.gov/data/d3/cctv/image/hwy89atolympicvalley/previous/hwy89atolympicvalley-6.jpg,https://cwwp2.dot.ca.gov/data/d3/cctv/image/hwy89atolympicvalley/previous/hwy89atolympicvalley-7.jpg,https://cwwp2.dot.ca.gov/data/d3/cctv/image/hwy89atolympicvalley/previous/hwy89atolympicvalley-8.jpg,https://cwwp2.dot.ca.gov/data/d3/cctv/image/hwy89atolympicvalley/previous/hwy89atolympicvalley-9.jpg,https://cwwp2.dot.ca.gov/data/d3/cctv/image/hwy89atolympicvalley/previous/hwy89atolympicvalley-10.jpg,https://cwwp2.dot.ca.gov/data/d3/cctv/image/hwy89atolympicvalley/previous/hwy89atolympicvalley-11.jpg,https://cwwp2.dot.ca.gov/data/d3/cctv/image/hwy89atolympicvalley/previous/hwy89atolympicvalley-12.jpg
82,2025-10-15,18:50:18,1760579418,3,"Hwy 99 at Grantline","Elk Grove",-121.361428,38.376488,49,North,Sacramento,SR-99,,,10.05,,284.52,true,,https://wzmedia.dot.ca.gov/D3/99_Grantline_Rd_OC_SAC99_NB.stream/playlist.m3u8,1,https://cwwp2.dot.ca.gov/data/d3/cctv/image/hwy99atgrantline/hwy99atgrantline.jpg,15,https://cwwp2.dot.ca.gov/data/d3/cctv/image/hwy99atgrantline/previous/hwy99atgrantline-1.jpg,https://cwwp2.dot.ca.gov/data/d3/cctv/image/hwy99atgrantline/previous/hwy99atgrantline-2.jpg,https://cwwp2.dot.ca.gov/data/d3/cctv/image/hwy99atgrantline/previous/hwy99atgrantline-3.jpg,https://cwwp2.dot.ca.gov/data/d3/cctv/image/hwy99atgrantline/previous/hwy99atgrantline-4.jpg,https://cwwp2.dot.ca.gov/data/d3/cctv/image/hwy99atgrantline/previous/hwy99atgrantline-5.jpg,https://cwwp2.dot.ca.gov/data/d3/cctv/image/hwy99atgrantline/previous/hwy99atgrantline-6.jpg,https://cwwp2.dot.ca.gov/data/d3/cctv/image/hwy99atgrantline/previous/hwy99atgrantline-7.jpg,https://cwwp2.dot.ca.gov/data/d3/cctv/image/hwy99atgrantline/previous/hwy99atgrantline-8.jpg,https://cwwp2.dot.ca.gov/data/d3/cctv/image/hwy99atgrantline/previous/hwy99atgrantline-9.jpg,https://cwwp2.dot.ca.gov/data/d3/cctv/image/hwy99atgrantline/previous/hwy99atgrantline-10.jpg,https://cwwp2.dot.ca.gov/data/d3/cctv/image/hwy99atgrantline/previous/hwy99atgrantline-11.jpg,https://cwwp2.dot.ca.gov/data/d3/cctv/image/hwy99atgrantline/previous/hwy99atgrantline-12.jpg
85,2024-04-11,14:32:29,1712871149,3,"Hwy 99 at 47th Ave",Sacramento,-121.46024,38.51022,22,South,Sacramento,SR-99,,,20.85,,295.36,true,,https://wzmedia.dot.ca.gov/D3/99_47th_Ave_OC_SAC99_SB.stream/playlist.m3u8,1,https://cwwp2.dot.ca.gov/data/d3/cctv/image/hwy99at47thave/hwy99at47thave.jpg,15,https://cwwp2.dot.ca.gov/data/d3/cctv/image/hwy99at47thave/previous/hwy99at47thave-1.jpg,https://cwwp2.dot.ca.gov/data/d3/cctv/image/hwy99at47thave/previous/hwy99at47thave-2.jpg,https://cwwp2.dot.ca.gov/data/d3/cctv/image/hwy99at47thave/previous/hwy99at47thave-3.jpg,https://cwwp2.dot.ca.gov/data/d3/cctv/image/hwy99at47thave/previous/hwy99at47thave-4.jpg,https://cwwp2.dot.ca.gov/data/d3/cctv/image/hwy99at47thave/previous/hwy99at47thave-5.jpg,https://cwwp2.dot.ca.gov/data/d3/cctv/image/hwy99at47thave/previous/hwy99at47thave-6.jpg,https://cwwp2.dot.ca.gov/data/d3/cctv/image/hwy99at47thave/previous/hwy99at47thave-7.jpg,https://cwwp2.dot.ca.gov/data/d3/cctv/image/hwy99at47thave/previous/hwy99at47thave-8.jpg,https://cwwp2.dot.ca.gov/data/d3/cctv/image/hwy99at47thave/previous/hwy99at47thave-9.jpg,https://cwwp2.dot.ca.gov/data/d3/cctv/image/hwy99at47thave/previous/hwy99at47thave-10.jpg,https://cwwp2.dot.ca.gov/data/d3/cctv/image/hwy99at47thave/previous/hwy99at47thave-11.jpg,https://cwwp2.dot.ca.gov/data/d3/cctv/image/hwy99at47thave/previous/hwy99at47thave-12.jpg
88,2026-02-16,16:20:25,1771287625,3,"Hwy 99 at 4th Ave",Sacramento,-121.47399,38.55203,29,North,Sacramento,SR-99,,,23.88,,298.39,true,,https://wzmedia.dot.ca.gov/D3/99_4th_Ave_SAC99_NB.stream/playlist.m3u8,1,https://cwwp2.dot.ca.gov/data/d3/cctv/image/hwy99at4thave/hwy99at4thave.jpg,15,https://cwwp2.dot.ca.gov/data/d3/cctv/image/hwy99at4thave/previous/hwy99at4thave-1.jpg,https://cwwp2.dot.ca.gov/data/d3/cctv/image/hwy99at4thave/previous/hwy99at4thave-2.jpg,https://cwwp2.dot.ca.gov/data/d3/cctv/image/hwy99at4thave/previous/hwy99at4thave-3.jpg,https://cwwp2.dot.ca.gov/data/d3/cctv/image/hwy99at4thave/previous/hwy99at4thave-4.jpg,https://cwwp2.dot.ca.gov/data/d3/cctv/image/hwy99at4thave/previous/hwy99at4thave-5.jpg,https://cwwp2.dot.ca.gov/data/d3/cctv/image/hwy99at4thave/previous/hwy99at4thave-6.jpg,https://cwwp2.dot.ca.gov/data/d3/cctv/image/hwy99at4thave/previous/hwy99at4thave-7.jpg,https://cwwp2.dot.ca.gov/data/d3/cctv/image/hwy99at4thave/previous/hwy99at4thave-8.jpg,https://cwwp2.dot.ca.gov/data/d3/cctv/image/hwy99at4thave/previous/hwy99at4thave-9.jpg,https://cwwp2.dot.ca.gov/data/d3/cctv/image/hwy99at4thave/previous/hwy99at4thave-10.jpg,https://cwwp2.dot.ca.gov/data/d3/cctv/image/hwy99at4thave/previous/hwy99at4thave-11.jpg,https://cwwp2.dot.ca.gov/data/d3/cctv/image/hwy99at4thave/previous/hwy99at4thave-12.jpg
89,2023-07-10,13:25:57,1689020757,3,"Hwy 267 at Northstar",Northstar,-120.103798,39.287024,6197,North,Placer,SR-267,,,3.77,,5.558,true,,https://wzmedia.dot.ca.gov/D3/267_Northstar_PLA267_WB.stream/playlist.m3u8,1,https://cwwp2.dot.ca.gov/data/d3/cctv/image/hwy267atnorthstar/hwy267atnorthstar.jpg,15,https://cwwp2.dot.ca.gov/data/d3/cctv/image/hwy267atnorthstar/previous/hwy267atnorthstar-1.jpg,https://cwwp2.dot.ca.gov/data/d3/cctv/image/hwy267atnorthstar/previous/hwy267atnorthstar-2.jpg,https://cwwp2.dot.ca.gov/data/d3/cctv/image/hwy267atnorthstar/previous/hwy267atnorthstar-3.jpg,https://cwwp2.dot.ca.gov/data/d3/cctv/image/hwy267atnorthstar/previous/hwy267atnorthstar-4.jpg,https://cwwp2.dot.ca.gov/data/d3/cctv/image/hwy267atnorthstar/previous/hwy267atnorthstar-5.jpg,https://cwwp2.dot.ca.gov/data/d3/cctv/image/hwy267atnorthstar/previous/hwy267atnorthstar-6.jpg,https://cwwp2.dot.ca.gov/data/d3/cctv/image/hwy267atnorthstar/previous/hwy267atnorthstar-7.jpg,https://cwwp2.dot.ca.gov/data/d3/cctv/image/hwy267atnorthstar/previous/hwy267atnorthstar-8.jpg,https://cwwp2.dot.ca.gov/data/d3/cctv/image/hwy267atnorthstar/previous/hwy267atnorthstar-9.jpg,https://cwwp2.dot.ca.gov/data/d3/cctv/image/hwy267atnorthstar/previous/hwy267atnorthstar-10.jpg,https://cwwp2.dot.ca.gov/data/d3/cctv/image/hwy267atnorthstar/previous/hwy267atnorthstar-11.jpg,https://cwwp2.dot.ca.gov/data/d3/cctv/image/hwy267atnorthstar/previous/hwy267atnorthstar-12.jpg
90,2025-03-26,16:48:22,1743032902,3,"Hwy 99 at Twin Cities",Galt,-121.306928,38.28277,42,North,Sacramento,SR-99,,,2.87,,277.34,true,,https://wzmedia.dot.ca.gov/D3/99_Twin_Cities_Rd_JSO_SAC99_NB.stream/playlist.m3u8,1,https://cwwp2.dot.ca.gov/data/d3/cctv/image/hwy99attwincities/hwy99attwincities.jpg,15,https://cwwp2.dot.ca.gov/data/d3/cctv/image/hwy99attwincities/previous/hwy99attwincities-1.jpg,https://cwwp2.dot.ca.gov/data/d3/cctv/image/hwy99attwincities/previous/hwy99attwincities-2.jpg,https://cwwp2.dot.ca.gov/data/d3/cctv/image/hwy99attwincities/previous/hwy99attwincities-3.jpg,https://cwwp2.dot.ca.gov/data/d3/cctv/image/hwy99attwincities/previous/hwy99attwincities-4.jpg,https://cwwp2.dot.ca.gov/data/d3/cctv/image/hwy99attwincities/previous/hwy99attwincities-5.jpg,https://cwwp2.dot.ca.gov/data/d3/cctv/image/hwy99attwincities/previous/hwy99attwincities-6.jpg,https://cwwp2.dot.ca.gov/data/d3/cctv/image/hwy99attwincities/previous/hwy99attwincities-7.jpg,https://cwwp2.dot.ca.gov/data/d3/cctv/image/hwy99attwincities/previous/hwy99attwincities-8.jpg,https://cwwp2.dot.ca.gov/data/d3/cctv/image/hwy99attwincities/previous/hwy99attwincities-9.jpg,https://cwwp2.dot.ca.gov/data/d3/cctv/image/hwy99attwincities/previous/hwy99attwincities-10.jpg,https://cwwp2.dot.ca.gov/data/d3/cctv/image/hwy99attwincities/previous/hwy99attwincities-11.jpg,https://cwwp2.dot.ca.gov/data/d3/cctv/image/hwy99attwincities/previous/hwy99attwincities-12.jpg
91,2024-11-08,08:44:49,1731084289,3,"Hwy 5 at Laguna SB",Sacramento,-121.490253,38.4386,6,South,Sacramento,I-5,,,12.91,,508.2,true,,https://wzmedia.dot.ca.gov/D3/5_Laguna_Blvd_JNO_SAC5_SB.stream/playlist.m3u8,1,https://cwwp2.dot.ca.gov/data/d3/cctv/image/hwy5atlagunasb/hwy5atlagunasb.jpg,15,https://cwwp2.dot.ca.gov/data/d3/cctv/image/hwy5atlagunasb/previous/hwy5atlagunasb-1.jpg,https://cwwp2.dot.ca.gov/data/d3/cctv/image/hwy5atlagunasb/previous/hwy5atlagunasb-2.jpg,https://cwwp2.dot.ca.gov/data/d3/cctv/image/hwy5atlagunasb/previous/hwy5atlagunasb-3.jpg,https://cwwp2.dot.ca.gov/data/d3/cctv/image/hwy5atlagunasb/previous/hwy5atlagunasb-4.jpg,https://cwwp2.dot.ca.gov/data/d3/cctv/image/hwy5atlagunasb/previous/hwy5atlagunasb-5.jpg,https://cwwp2.dot.ca.gov/data/d3/cctv/image/hwy5atlagunasb/previous/hwy5atlagunasb-6.jpg,https://cwwp2.dot.ca.gov/data/d3/cctv/image/hwy5atlagunasb/previous/hwy5atlagunasb-7.jpg,https://cwwp2.dot.ca.gov/data/d3/cctv/image/hwy5atlagunasb/previous/hwy5atlagunasb-8.jpg,https://cwwp2.dot.ca.gov/data/d3/cctv/image/hwy5atlagunasb/previous/hwy5atlagunasb-9.jpg,https://cwwp2.dot.ca.gov/data/d3/cctv/image/hwy5atlagunasb/previous/hwy5atlagunasb-10.jpg,https://cwwp2.dot.ca.gov/data/d3/cctv/image/hwy5atlagunasb/previous/hwy5atlagunasb-11.jpg,https://cwwp2.dot.ca.gov/data/d3/cctv/image/hwy5atlagunasb/previous/hwy5atlagunasb-12.jpg
92,2024-02-23,09:19:33,1708708773,3,"Hwy 5 at Laguna NB","Elk Grove",-121.489032,38.435527,9,North,Sacramento,I-5,,,12.69,,507.99,true,,https://wzmedia.dot.ca.gov/D3/5_Laguna_Blvd_JNO_SAC5_NB.stream/playlist.m3u8,1,https://cwwp2.dot.ca.gov/data/d3/cctv/image/hwy5atlagunanb/hwy5atlagunanb.jpg,15,https://cwwp2.dot.ca.gov/data/d3/cctv/image/hwy5atlagunanb/previous/hwy5atlagunanb-1.jpg,https://cwwp2.dot.ca.gov/data/d3/cctv/image/hwy5atlagunanb/previous/hwy5atlagunanb-2.jpg,https://cwwp2.dot.ca.gov/data/d3/cctv/image/hwy5atlagunanb/previous/hwy5atlagunanb-3.jpg,https://cwwp2.dot.ca.gov/data/d3/cctv/image/hwy5atlagunanb/previous/hwy5atlagunanb-4.jpg,https://cwwp2.dot.ca.gov/data/d3/cctv/image/hwy5atlagunanb/previous/hwy5atlagunanb-5.jpg,https://cwwp2.dot.ca.gov/data/d3/cctv/image/hwy5atlagunanb/previous/hwy5atlagunanb-6.jpg,https://cwwp2.dot.ca.gov/data/d3/cctv/image/hwy5atlagunanb/previous/hwy5atlagunanb-7.jpg,https://cwwp2.dot.ca.gov/data/d3/cctv/image/hwy5atlagunanb/previous/hwy5atlagunanb-8.jpg,https://cwwp2.dot.ca.gov/data/d3/cctv/image/hwy5atlagunanb/previous/hwy5atlagunanb-9.jpg,https://cwwp2.dot.ca.gov/data/d3/cctv/image/hwy5atlagunanb/previous/hwy5atlagunanb-10.jpg,https://cwwp2.dot.ca.gov/data/d3/cctv/image/hwy5atlagunanb/previous/hwy5atlagunanb-11.jpg,https://cwwp2.dot.ca.gov/data/d3/cctv/image/hwy5atlagunanb/previous/hwy5atlagunanb-12.jpg
94,2026-03-09,17:25:15,1773102315,3,Sheldon_Rd_JNO_SAC99_SB_1,"Elk Grove",-121.406059,38.446887,42,South,Sacramento,SR-99,,,15.53,,290,true,,https://wzmedia.dot.ca.gov/D3/99_Sheldon_Rd_JNO_SAC99_SB_1.stream/playlist.m3u8,1,https://cwwp2.dot.ca.gov/data/d3/cctv/image/sheldonrdjnosac99sb1/sheldonrdjnosac99sb1.jpg,15,https://cwwp2.dot.ca.gov/data/d3/cctv/image/sheldonrdjnosac99sb1/previous/sheldonrdjnosac99sb1-1.jpg,https://cwwp2.dot.ca.gov/data/d3/cctv/image/sheldonrdjnosac99sb1/previous/sheldonrdjnosac99sb1-2.jpg,https://cwwp2.dot.ca.gov/data/d3/cctv/image/sheldonrdjnosac99sb1/previous/sheldonrdjnosac99sb1-3.jpg,https://cwwp2.dot.ca.gov/data/d3/cctv/image/sheldonrdjnosac99sb1/previous/sheldonrdjnosac99sb1-4.jpg,https://cwwp2.dot.ca.gov/data/d3/cctv/image/sheldonrdjnosac99sb1/previous/sheldonrdjnosac99sb1-5.jpg,https://cwwp2.dot.ca.gov/data/d3/cctv/image/sheldonrdjnosac99sb1/previous/sheldonrdjnosac99sb1-6.jpg,https://cwwp2.dot.ca.gov/data/d3/cctv/image/sheldonrdjnosac99sb1/previous/sheldonrdjnosac99sb1-7.jpg,https://cwwp2.dot.ca.gov/data/d3/cctv/image/sheldonrdjnosac99sb1/previous/sheldonrdjnosac99sb1-8.jpg,https://cwwp2.dot.ca.gov/data/d3/cctv/image/sheldonrdjnosac99sb1/previous/sheldonrdjnosac99sb1-9.jpg,https://cwwp2.dot.ca.gov/data/d3/cctv/image/sheldonrdjnosac99sb1/previous/sheldonrdjnosac99sb1-10.jpg,https://cwwp2.dot.ca.gov/data/d3/cctv/image/sheldonrdjnosac99sb1/previous/sheldonrdjnosac99sb1-11.jpg,https://cwwp2.dot.ca.gov/data/d3/cctv/image/sheldonrdjnosac99sb1/previous/sheldonrdjnosac99sb1-12.jpg
96,2025-09-25,13:14:36,1758831276,3,"Hwy 5 at Del Paso",Sacramento,-121.529352,38.649567,16,South,Sacramento,I-5,,,28.54,,523.84,true,,https://wzmedia.dot.ca.gov/D3/5_Del_Paso_Rd_JSO_SAC5_NB.stream/playlist.m3u8,1,https://cwwp2.dot.ca.gov/data/d3/cctv/image/hwy5atdelpaso/hwy5atdelpaso.jpg,15,https://cwwp2.dot.ca.gov/data/d3/cctv/image/hwy5atdelpaso/previous/hwy5atdelpaso-1.jpg,https://cwwp2.dot.ca.gov/data/d3/cctv/image/hwy5atdelpaso/previous/hwy5atdelpaso-2.jpg,https://cwwp2.dot.ca.gov/data/d3/cctv/image/hwy5atdelpaso/previous/hwy5atdelpaso-3.jpg,https://cwwp2.dot.ca.gov/data/d3/cctv/image/hwy5atdelpaso/previous/hwy5atdelpaso-4.jpg,https://cwwp2.dot.ca.gov/data/d3/cctv/image/hwy5atdelpaso/previous/hwy5atdelpaso-5.jpg,https://cwwp2.dot.ca.gov/data/d3/cctv/image/hwy5atdelpaso/previous/hwy5atdelpaso-6.jpg,https://cwwp2.dot.ca.gov/data/d3/cctv/image/hwy5atdelpaso/previous/hwy5atdelpaso-7.jpg,https://cwwp2.dot.ca.gov/data/d3/cctv/image/hwy5atdelpaso/previous/hwy5atdelpaso-8.jpg,https://cwwp2.dot.ca.gov/data/d3/cctv/image/hwy5atdelpaso/previous/hwy5atdelpaso-9.jpg,https://cwwp2.dot.ca.gov/data/d3/cctv/image/hwy5atdelpaso/previous/hwy5atdelpaso-10.jpg,https://cwwp2.dot.ca.gov/data/d3/cctv/image/hwy5atdelpaso/previous/hwy5atdelpaso-11.jpg,https://cwwp2.dot.ca.gov/data/d3/cctv/image/hwy5atdelpaso/previous/hwy5atdelpaso-12.jpg
102,2026-03-08,15:55:56,1773010556,3,"Hwy 80 at Rocklin",Rocklin,-121.228026,38.784226,262,West,Placer,I-80,,,5.66,,107.16,true,,https://wzmedia.dot.ca.gov/D3/80_Rocklin_Rd_JWO_PLA80_WB.stream/playlist.m3u8,1,https://cwwp2.dot.ca.gov/data/d3/cctv/image/hwy80atrocklin/hwy80atrocklin.jpg,15,https://cwwp2.dot.ca.gov/data/d3/cctv/image/hwy80atrocklin/previous/hwy80atrocklin-1.jpg,https://cwwp2.dot.ca.gov/data/d3/cctv/image/hwy80atrocklin/previous/hwy80atrocklin-2.jpg,https://cwwp2.dot.ca.gov/data/d3/cctv/image/hwy80atrocklin/previous/hwy80atrocklin-3.jpg,https://cwwp2.dot.ca.gov/data/d3/cctv/image/hwy80atrocklin/previous/hwy80atrocklin-4.jpg,https://cwwp2.dot.ca.gov/data/d3/cctv/image/hwy80atrocklin/previous/hwy80atrocklin-5.jpg,https://cwwp2.dot.ca.gov/data/d3/cctv/image/hwy80atrocklin/previous/hwy80atrocklin-6.jpg,https://cwwp2.dot.ca.gov/data/d3/cctv/image/hwy80atrocklin/previous/hwy80atrocklin-7.jpg,https://cwwp2.dot.ca.gov/data/d3/cctv/image/hwy80atrocklin/previous/hwy80atrocklin-8.jpg,https://cwwp2.dot.ca.gov/data/d3/cctv/image/hwy80atrocklin/previous/hwy80atrocklin-9.jpg,https://cwwp2.dot.ca.gov/data/d3/cctv/image/hwy80atrocklin/previous/hwy80atrocklin-10.jpg,https://cwwp2.dot.ca.gov/data/d3/cctv/image/hwy80atrocklin/previous/hwy80atrocklin-11.jpg,https://cwwp2.dot.ca.gov/data/d3/cctv/image/hwy80atrocklin/previous/hwy80atrocklin-12.jpg
103,2025-09-23,10:12:15,1758647535,3,"Hwy 99 at Elkhorn",Sacramento,-121.540398,38.691962,19,South,Sacramento,SR-99,,,33.81,,300.5,true,,https://wzmedia.dot.ca.gov/D3/99_W_Elkhorn_Blvd_JNO_SAC99_SB.stream/playlist.m3u8,1,https://cwwp2.dot.ca.gov/data/d3/cctv/image/hwy99atelkhorn/hwy99atelkhorn.jpg,15,https://cwwp2.dot.ca.gov/data/d3/cctv/image/hwy99atelkhorn/previous/hwy99atelkhorn-1.jpg,https://cwwp2.dot.ca.gov/data/d3/cctv/image/hwy99atelkhorn/previous/hwy99atelkhorn-2.jpg,https://cwwp2.dot.ca.gov/data/d3/cctv/image/hwy99atelkhorn/previous/hwy99atelkhorn-3.jpg,https://cwwp2.dot.ca.gov/data/d3/cctv/image/hwy99atelkhorn/previous/hwy99atelkhorn-4.jpg,https://cwwp2.dot.ca.gov/data/d3/cctv/image/hwy99atelkhorn/previous/hwy99atelkhorn-5.jpg,https://cwwp2.dot.ca.gov/data/d3/cctv/image/hwy99atelkhorn/previous/hwy99atelkhorn-6.jpg,https://cwwp2.dot.ca.gov/data/d3/cctv/image/hwy99atelkhorn/previous/hwy99atelkhorn-7.jpg,https://cwwp2.dot.ca.gov/data/d3/cctv/image/hwy99atelkhorn/previous/hwy99atelkhorn-8.jpg,https://cwwp2.dot.ca.gov/data/d3/cctv/image/hwy99atelkhorn/previous/hwy99atelkhorn-9.jpg,https://cwwp2.dot.ca.gov/data/d3/cctv/image/hwy99atelkhorn/previous/hwy99atelkhorn-10.jpg,https://cwwp2.dot.ca.gov/data/d3/cctv/image/hwy99atelkhorn/previous/hwy99atelkhorn-11.jpg,https://cwwp2.dot.ca.gov/data/d3/cctv/image/hwy99atelkhorn/previous/hwy99atelkhorn-12.jpg
104,2023-04-17,10:35:16,1681752916,3,"Hwy 80 at Donner Summit","Soda Springs",-120.347722,39.339039,7221,East,Nevada,I-80,,R,5.17,R,176.29,true,,https://wzmedia.dot.ca.gov/D3/80_Donner_Summit_JWO_NEV80_EB.stream/playlist.m3u8,1,https://cwwp2.dot.ca.gov/data/d3/cctv/image/hwy80atdonnersummit/hwy80atdonnersummit.jpg,15,https://cwwp2.dot.ca.gov/data/d3/cctv/image/hwy80atdonnersummit/previous/hwy80atdonnersummit-1.jpg,https://cwwp2.dot.ca.gov/data/d3/cctv/image/hwy80atdonnersummit/previous/hwy80atdonnersummit-2.jpg,https://cwwp2.dot.ca.gov/data/d3/cctv/image/hwy80atdonnersummit/previous/hwy80atdonnersummit-3.jpg,https://cwwp2.dot.ca.gov/data/d3/cctv/image/hwy80atdonnersummit/previous/hwy80atdonnersummit-4.jpg,https://cwwp2.dot.ca.gov/data/d3/cctv/image/hwy80atdonnersummit/previous/hwy80atdonnersummit-5.jpg,https://cwwp2.dot.ca.gov/data/d3/cctv/image/hwy80atdonnersummit/previous/hwy80atdonnersummit-6.jpg,https://cwwp2.dot.ca.gov/data/d3/cctv/image/hwy80atdonnersummit/previous/hwy80atdonnersummit-7.jpg,https://cwwp2.dot.ca.gov/data/d3/cctv/image/hwy80atdonnersummit/previous/hwy80atdonnersummit-8.jpg,https://cwwp2.dot.ca.gov/data/d3/cctv/image/hwy80atdonnersummit/previous/hwy80atdonnersummit-9.jpg,https://cwwp2.dot.ca.gov/data/d3/cctv/image/hwy80atdonnersummit/previous/hwy80atdonnersummit-10.jpg,https://cwwp2.dot.ca.gov/data/d3/cctv/image/hwy80atdonnersummit/previous/hwy80atdonnersummit-11.jpg,https://cwwp2.dot.ca.gov/data/d3/cctv/image/hwy80atdonnersummit/previous/hwy80atdonnersummit-12.jpg
105,2023-04-04,10:57:17,1680631037,3,"Hwy 28 at Hwy 267 Kings Beach","Kings Beach",-120.03157,39.237831,6256,East,Placer,SR-28,,,9.34,,9.25,true,,https://wzmedia.dot.ca.gov/D3/28_JCT267_JWO_KINGS_BEACH_PLA28_EB.stream/playlist.m3u8,1,https://cwwp2.dot.ca.gov/data/d3/cctv/image/hwy28athwy267kingsbeach/hwy28athwy267kingsbeach.jpg,15,https://cwwp2.dot.ca.gov/data/d3/cctv/image/hwy28athwy267kingsbeach/previous/hwy28athwy267kingsbeach-1.jpg,https://cwwp2.dot.ca.gov/data/d3/cctv/image/hwy28athwy267kingsbeach/previous/hwy28athwy267kingsbeach-2.jpg,https://cwwp2.dot.ca.gov/data/d3/cctv/image/hwy28athwy267kingsbeach/previous/hwy28athwy267kingsbeach-3.jpg,https://cwwp2.dot.ca.gov/data/d3/cctv/image/hwy28athwy267kingsbeach/previous/hwy28athwy267kingsbeach-4.jpg,https://cwwp2.dot.ca.gov/data/d3/cctv/image/hwy28athwy267kingsbeach/previous/hwy28athwy267kingsbeach-5.jpg,https://cwwp2.dot.ca.gov/data/d3/cctv/image/hwy28athwy267kingsbeach/previous/hwy28athwy267kingsbeach-6.jpg,https://cwwp2.dot.ca.gov/data/d3/cctv/image/hwy28athwy267kingsbeach/previous/hwy28athwy267kingsbeach-7.jpg,https://cwwp2.dot.ca.gov/data/d3/cctv/image/hwy28athwy267kingsbeach/previous/hwy28athwy267kingsbeach-8.jpg,https://cwwp2.dot.ca.gov/data/d3/cctv/image/hwy28athwy267kingsbeach/previous/hwy28athwy267kingsbeach-9.jpg,https://cwwp2.dot.ca.gov/data/d3/cctv/image/hwy28athwy267kingsbeach/previous/hwy28athwy267kingsbeach-10.jpg,https://cwwp2.dot.ca.gov/data/d3/cctv/image/hwy28athwy267kingsbeach/previous/hwy28athwy267kingsbeach-11.jpg,https://cwwp2.dot.ca.gov/data/d3/cctv/image/hwy28athwy267kingsbeach/previous/hwy28athwy267kingsbeach-12.jpg
106,2025-03-20,12:05:08,1742497508,3,"Hwy 50 at Echo Summit","South Lake Tahoe",-120.02928,38.81321,7427,East,"El Dorado",US-50,,,66.84,,95,true,,https://wzmedia.dot.ca.gov/D3/50_Echo_Summit_ED50_EB.stream/playlist.m3u8,1,https://cwwp2.dot.ca.gov/data/d3/cctv/image/hwy50atechosummit/hwy50atechosummit.jpg,15,https://cwwp2.dot.ca.gov/data/d3/cctv/image/hwy50atechosummit/previous/hwy50atechosummit-1.jpg,https://cwwp2.dot.ca.gov/data/d3/cctv/image/hwy50atechosummit/previous/hwy50atechosummit-2.jpg,https://cwwp2.dot.ca.gov/data/d3/cctv/image/hwy50atechosummit/previous/hwy50atechosummit-3.jpg,https://cwwp2.dot.ca.gov/data/d3/cctv/image/hwy50atechosummit/previous/hwy50atechosummit-4.jpg,https://cwwp2.dot.ca.gov/data/d3/cctv/image/hwy50atechosummit/previous/hwy50atechosummit-5.jpg,https://cwwp2.dot.ca.gov/data/d3/cctv/image/hwy50atechosummit/previous/hwy50atechosummit-6.jpg,https://cwwp2.dot.ca.gov/data/d3/cctv/image/hwy50atechosummit/previous/hwy50atechosummit-7.jpg,https://cwwp2.dot.ca.gov/data/d3/cctv/image/hwy50atechosummit/previous/hwy50atechosummit-8.jpg,https://cwwp2.dot.ca.gov/data/d3/cctv/image/hwy50atechosummit/previous/hwy50atechosummit-9.jpg,https://cwwp2.dot.ca.gov/data/d3/cctv/image/hwy50atechosummit/previous/hwy50atechosummit-10.jpg,https://cwwp2.dot.ca.gov/data/d3/cctv/image/hwy50atechosummit/previous/hwy50atechosummit-11.jpg,https://cwwp2.dot.ca.gov/data/d3/cctv/image/hwy50atechosummit/previous/hwy50atechosummit-12.jpg
107,2025-08-06,11:20:33,1754504433,3,"Hwy 80 at Donner Lake",Truckee,-120.285422,39.33075,6394,West,Nevada,I-80,,R,9.33,L,180.46,true,,https://wzmedia.dot.ca.gov/D3/80_Donner_Lake_Rd_JEO_NEV80_WB.stream/playlist.m3u8,1,https://cwwp2.dot.ca.gov/data/d3/cctv/image/hwy80atdonnerlake/hwy80atdonnerlake.jpg,15,https://cwwp2.dot.ca.gov/data/d3/cctv/image/hwy80atdonnerlake/previous/hwy80atdonnerlake-1.jpg,https://cwwp2.dot.ca.gov/data/d3/cctv/image/hwy80atdonnerlake/previous/hwy80atdonnerlake-2.jpg,https://cwwp2.dot.ca.gov/data/d3/cctv/image/hwy80atdonnerlake/previous/hwy80atdonnerlake-3.jpg,https://cwwp2.dot.ca.gov/data/d3/cctv/image/hwy80atdonnerlake/previous/hwy80atdonnerlake-4.jpg,https://cwwp2.dot.ca.gov/data/d3/cctv/image/hwy80atdonnerlake/previous/hwy80atdonnerlake-5.jpg,https://cwwp2.dot.ca.gov/data/d3/cctv/image/hwy80atdonnerlake/previous/hwy80atdonnerlake-6.jpg,https://cwwp2.dot.ca.gov/data/d3/cctv/image/hwy80atdonnerlake/previous/hwy80atdonnerlake-7.jpg,https://cwwp2.dot.ca.gov/data/d3/cctv/image/hwy80atdonnerlake/previous/hwy80atdonnerlake-8.jpg,https://cwwp2.dot.ca.gov/data/d3/cctv/image/hwy80atdonnerlake/previous/hwy80atdonnerlake-9.jpg,https://cwwp2.dot.ca.gov/data/d3/cctv/image/hwy80atdonnerlake/previous/hwy80atdonnerlake-10.jpg,https://cwwp2.dot.ca.gov/data/d3/cctv/image/hwy80atdonnerlake/previous/hwy80atdonnerlake-11.jpg,https://cwwp2.dot.ca.gov/data/d3/cctv/image/hwy80atdonnerlake/previous/hwy80atdonnerlake-12.jpg
108,2025-03-27,17:37:19,1743122239,3,"Hwy 80 at Castle Peak","Soda Springs",-120.355626,39.334602,7165,East,Nevada,I-80,,R,4.66,R,175.78,true,,https://wzmedia.dot.ca.gov/D3/80_Castle_Peak_NEV80_EB.stream/playlist.m3u8,1,https://cwwp2.dot.ca.gov/data/d3/cctv/image/hwy80atcastlepeak/hwy80atcastlepeak.jpg,15,https://cwwp2.dot.ca.gov/data/d3/cctv/image/hwy80atcastlepeak/previous/hwy80atcastlepeak-1.jpg,https://cwwp2.dot.ca.gov/data/d3/cctv/image/hwy80atcastlepeak/previous/hwy80atcastlepeak-2.jpg,https://cwwp2.dot.ca.gov/data/d3/cctv/image/hwy80atcastlepeak/previous/hwy80atcastlepeak-3.jpg,https://cwwp2.dot.ca.gov/data/d3/cctv/image/hwy80atcastlepeak/previous/hwy80atcastlepeak-4.jpg,https://cwwp2.dot.ca.gov/data/d3/cctv/image/hwy80atcastlepeak/previous/hwy80atcastlepeak-5.jpg,https://cwwp2.dot.ca.gov/data/d3/cctv/image/hwy80atcastlepeak/previous/hwy80atcastlepeak-6.jpg,https://cwwp2.dot.ca.gov/data/d3/cctv/image/hwy80atcastlepeak/previous/hwy80atcastlepeak-7.jpg,https://cwwp2.dot.ca.gov/data/d3/cctv/image/hwy80atcastlepeak/previous/hwy80atcastlepeak-8.jpg,https://cwwp2.dot.ca.gov/data/d3/cctv/image/hwy80atcastlepeak/previous/hwy80atcastlepeak-9.jpg,https://cwwp2.dot.ca.gov/data/d3/cctv/image/hwy80atcastlepeak/previous/hwy80atcastlepeak-10.jpg,https://cwwp2.dot.ca.gov/data/d3/cctv/image/hwy80atcastlepeak/previous/hwy80atcastlepeak-11.jpg,https://cwwp2.dot.ca.gov/data/d3/cctv/image/hwy80atcastlepeak/previous/hwy80atcastlepeak-12.jpg
110,2023-04-18,13:53:56,1681851236,3,"Hwy 267 at Brockway Summit","Tahoe Vista",-120.071841,39.26079,7194,South,Placer,SR-267,,,6.7,,8.49,true,,https://wzmedia.dot.ca.gov/D3/267_Brockway_Summit_PLA267_EB.stream/playlist.m3u8,1,https://cwwp2.dot.ca.gov/data/d3/cctv/image/hwy267atbrockwaysummit/hwy267atbrockwaysummit.jpg,15,https://cwwp2.dot.ca.gov/data/d3/cctv/image/hwy267atbrockwaysummit/previous/hwy267atbrockwaysummit-1.jpg,https://cwwp2.dot.ca.gov/data/d3/cctv/image/hwy267atbrockwaysummit/previous/hwy267atbrockwaysummit-2.jpg,https://cwwp2.dot.ca.gov/data/d3/cctv/image/hwy267atbrockwaysummit/previous/hwy267atbrockwaysummit-3.jpg,https://cwwp2.dot.ca.gov/data/d3/cctv/image/hwy267atbrockwaysummit/previous/hwy267atbrockwaysummit-4.jpg,https://cwwp2.dot.ca.gov/data/d3/cctv/image/hwy267atbrockwaysummit/previous/hwy267atbrockwaysummit-5.jpg,https://cwwp2.dot.ca.gov/data/d3/cctv/image/hwy267atbrockwaysummit/previous/hwy267atbrockwaysummit-6.jpg,https://cwwp2.dot.ca.gov/data/d3/cctv/image/hwy267atbrockwaysummit/previous/hwy267atbrockwaysummit-7.jpg,https://cwwp2.dot.ca.gov/data/d3/cctv/image/hwy267atbrockwaysummit/previous/hwy267atbrockwaysummit-8.jpg,https://cwwp2.dot.ca.gov/data/d3/cctv/image/hwy267atbrockwaysummit/previous/hwy267atbrockwaysummit-9.jpg,https://cwwp2.dot.ca.gov/data/d3/cctv/image/hwy267atbrockwaysummit/previous/hwy267atbrockwaysummit-10.jpg,https://cwwp2.dot.ca.gov/data/d3/cctv/image/hwy267atbrockwaysummit/previous/hwy267atbrockwaysummit-11.jpg,https://cwwp2.dot.ca.gov/data/d3/cctv/image/hwy267atbrockwaysummit/previous/hwy267atbrockwaysummit-12.jpg
111,2025-01-10,23:49:20,1736581760,3,"Hwy 80 at Taylor",Roseville,-121.25594,38.765875,200,West,Placer,I-80,,,3.65,,105.15,true,,https://wzmedia.dot.ca.gov/D3/80_Taylor_Rd_OC_PLA80_WB.stream/playlist.m3u8,1,https://cwwp2.dot.ca.gov/data/d3/cctv/image/hwy80attaylor/hwy80attaylor.jpg,15,https://cwwp2.dot.ca.gov/data/d3/cctv/image/hwy80attaylor/previous/hwy80attaylor-1.jpg,https://cwwp2.dot.ca.gov/data/d3/cctv/image/hwy80attaylor/previous/hwy80attaylor-2.jpg,https://cwwp2.dot.ca.gov/data/d3/cctv/image/hwy80attaylor/previous/hwy80attaylor-3.jpg,https://cwwp2.dot.ca.gov/data/d3/cctv/image/hwy80attaylor/previous/hwy80attaylor-4.jpg,https://cwwp2.dot.ca.gov/data/d3/cctv/image/hwy80attaylor/previous/hwy80attaylor-5.jpg,https://cwwp2.dot.ca.gov/data/d3/cctv/image/hwy80attaylor/previous/hwy80attaylor-6.jpg,https://cwwp2.dot.ca.gov/data/d3/cctv/image/hwy80attaylor/previous/hwy80attaylor-7.jpg,https://cwwp2.dot.ca.gov/data/d3/cctv/image/hwy80attaylor/previous/hwy80attaylor-8.jpg,https://cwwp2.dot.ca.gov/data/d3/cctv/image/hwy80attaylor/previous/hwy80attaylor-9.jpg,https://cwwp2.dot.ca.gov/data/d3/cctv/image/hwy80attaylor/previous/hwy80attaylor-10.jpg,https://cwwp2.dot.ca.gov/data/d3/cctv/image/hwy80attaylor/previous/hwy80attaylor-11.jpg,https://cwwp2.dot.ca.gov/data/d3/cctv/image/hwy80attaylor/previous/hwy80attaylor-12.jpg
112,2023-11-08,22:22:47,1699510967,3,"Hwy 65 at Hwy 80",Roseville,-121.24929,38.770111,229,South,Placer,SR-65,,R,4.89,,64.6,true,,https://wzmedia.dot.ca.gov/D3/65_JCT80_PLA65_NB.stream/playlist.m3u8,1,https://cwwp2.dot.ca.gov/data/d3/cctv/image/hwy65athwy80/hwy65athwy80.jpg,15,https://cwwp2.dot.ca.gov/data/d3/cctv/image/hwy65athwy80/previous/hwy65athwy80-1.jpg,https://cwwp2.dot.ca.gov/data/d3/cctv/image/hwy65athwy80/previous/hwy65athwy80-2.jpg,https://cwwp2.dot.ca.gov/data/d3/cctv/image/hwy65athwy80/previous/hwy65athwy80-3.jpg,https://cwwp2.dot.ca.gov/data/d3/cctv/image/hwy65athwy80/previous/hwy65athwy80-4.jpg,https://cwwp2.dot.ca.gov/data/d3/cctv/image/hwy65athwy80/previous/hwy65athwy80-5.jpg,https://cwwp2.dot.ca.gov/data/d3/cctv/image/hwy65athwy80/previous/hwy65athwy80-6.jpg,https://cwwp2.dot.ca.gov/data/d3/cctv/image/hwy65athwy80/previous/hwy65athwy80-7.jpg,https://cwwp2.dot.ca.gov/data/d3/cctv/image/hwy65athwy80/previous/hwy65athwy80-8.jpg,https://cwwp2.dot.ca.gov/data/d3/cctv/image/hwy65athwy80/previous/hwy65athwy80-9.jpg,https://cwwp2.dot.ca.gov/data/d3/cctv/image/hwy65athwy80/previous/hwy65athwy80-10.jpg,https://cwwp2.dot.ca.gov/data/d3/cctv/image/hwy65athwy80/previous/hwy65athwy80-11.jpg,https://cwwp2.dot.ca.gov/data/d3/cctv/image/hwy65athwy80/previous/hwy65athwy80-12.jpg
116,2025-11-06,15:39:23,1762472363,3,"Hwy 65 at Blue Oaks",Rocklin,-121.298418,38.796599,131,South,Placer,SR-65,,M,8.34,,68.05,true,,https://wzmedia.dot.ca.gov/D3/65_Blue_Oaks_Blvd_JNO_PLA65_NB.stream/playlist.m3u8,1,https://cwwp2.dot.ca.gov/data/d3/cctv/image/hwy65atblueoaks/hwy65atblueoaks.jpg,15,https://cwwp2.dot.ca.gov/data/d3/cctv/image/hwy65atblueoaks/previous/hwy65atblueoaks-1.jpg,https://cwwp2.dot.ca.gov/data/d3/cctv/image/hwy65atblueoaks/previous/hwy65atblueoaks-2.jpg,https://cwwp2.dot.ca.gov/data/d3/cctv/image/hwy65atblueoaks/previous/hwy65atblueoaks-3.jpg,https://cwwp2.dot.ca.gov/data/d3/cctv/image/hwy65atblueoaks/previous/hwy65atblueoaks-4.jpg,https://cwwp2.dot.ca.gov/data/d3/cctv/image/hwy65atblueoaks/previous/hwy65atblueoaks-5.jpg,https://cwwp2.dot.ca.gov/data/d3/cctv/image/hwy65atblueoaks/previous/hwy65atblueoaks-6.jpg,https://cwwp2.dot.ca.gov/data/d3/cctv/image/hwy65atblueoaks/previous/hwy65atblueoaks-7.jpg,https://cwwp2.dot.ca.gov/data/d3/cctv/image/hwy65atblueoaks/previous/hwy65atblueoaks-8.jpg,https://cwwp2.dot.ca.gov/data/d3/cctv/image/hwy65atblueoaks/previous/hwy65atblueoaks-9.jpg,https://cwwp2.dot.ca.gov/data/d3/cctv/image/hwy65atblueoaks/previous/hwy65atblueoaks-10.jpg,https://cwwp2.dot.ca.gov/data/d3/cctv/image/hwy65atblueoaks/previous/hwy65atblueoaks-11.jpg,https://cwwp2.dot.ca.gov/data/d3/cctv/image/hwy65atblueoaks/previous/hwy65atblueoaks-12.jpg
117,2025-09-23,10:27:56,1758648476,3,"Hwy 32 at Main St Chico",Chico,-121.834856,39.725615,193,West,Butte,SR-32,,,9.08,,20.87,true,,https://wzmedia.dot.ca.gov/D3/32_Main_St_Chico_BUT32_EB.stream/playlist.m3u8,1,https://cwwp2.dot.ca.gov/data/d3/cctv/image/hwy32atmainstchico/hwy32atmainstchico.jpg,15,https://cwwp2.dot.ca.gov/data/d3/cctv/image/hwy32atmainstchico/previous/hwy32atmainstchico-1.jpg,https://cwwp2.dot.ca.gov/data/d3/cctv/image/hwy32atmainstchico/previous/hwy32atmainstchico-2.jpg,https://cwwp2.dot.ca.gov/data/d3/cctv/image/hwy32atmainstchico/previous/hwy32atmainstchico-3.jpg,https://cwwp2.dot.ca.gov/data/d3/cctv/image/hwy32atmainstchico/previous/hwy32atmainstchico-4.jpg,https://cwwp2.dot.ca.gov/data/d3/cctv/image/hwy32atmainstchico/previous/hwy32atmainstchico-5.jpg,https://cwwp2.dot.ca.gov/data/d3/cctv/image/hwy32atmainstchico/previous/hwy32atmainstchico-6.jpg,https://cwwp2.dot.ca.gov/data/d3/cctv/image/hwy32atmainstchico/previous/hwy32atmainstchico-7.jpg,https://cwwp2.dot.ca.gov/data/d3/cctv/image/hwy32atmainstchico/previous/hwy32atmainstchico-8.jpg,https://cwwp2.dot.ca.gov/data/d3/cctv/image/hwy32atmainstchico/previous/hwy32atmainstchico-9.jpg,https://cwwp2.dot.ca.gov/data/d3/cctv/image/hwy32atmainstchico/previous/hwy32atmainstchico-10.jpg,https://cwwp2.dot.ca.gov/data/d3/cctv/image/hwy32atmainstchico/previous/hwy32atmainstchico-11.jpg,https://cwwp2.dot.ca.gov/data/d3/cctv/image/hwy32atmainstchico/previous/hwy32atmainstchico-12.jpg
118,2023-08-11,18:41:21,1691804481,3,"Hwy 65 at Nelson",Lincoln,-121.340356,38.886197,118,North,Placer,SR-65,,R,15.57,,75.28,true,,https://wzmedia.dot.ca.gov/D3/65_Nelson_Ln_PLA65_NB.stream/playlist.m3u8,1,https://cwwp2.dot.ca.gov/data/d3/cctv/image/hwy65atnelson/hwy65atnelson.jpg,15,https://cwwp2.dot.ca.gov/data/d3/cctv/image/hwy65atnelson/previous/hwy65atnelson-1.jpg,https://cwwp2.dot.ca.gov/data/d3/cctv/image/hwy65atnelson/previous/hwy65atnelson-2.jpg,https://cwwp2.dot.ca.gov/data/d3/cctv/image/hwy65atnelson/previous/hwy65atnelson-3.jpg,https://cwwp2.dot.ca.gov/data/d3/cctv/image/hwy65atnelson/previous/hwy65atnelson-4.jpg,https://cwwp2.dot.ca.gov/data/d3/cctv/image/hwy65atnelson/previous/hwy65atnelson-5.jpg,https://cwwp2.dot.ca.gov/data/d3/cctv/image/hwy65atnelson/previous/hwy65atnelson-6.jpg,https://cwwp2.dot.ca.gov/data/d3/cctv/image/hwy65atnelson/previous/hwy65atnelson-7.jpg,https://cwwp2.dot.ca.gov/data/d3/cctv/image/hwy65atnelson/previous/hwy65atnelson-8.jpg,https://cwwp2.dot.ca.gov/data/d3/cctv/image/hwy65atnelson/previous/hwy65atnelson-9.jpg,https://cwwp2.dot.ca.gov/data/d3/cctv/image/hwy65atnelson/previous/hwy65atnelson-10.jpg,https://cwwp2.dot.ca.gov/data/d3/cctv/image/hwy65atnelson/previous/hwy65atnelson-11.jpg,https://cwwp2.dot.ca.gov/data/d3/cctv/image/hwy65atnelson/previous/hwy65atnelson-12.jpg
119,2024-03-19,12:29:26,1710876566,3,"Hwy 65 at Wise",Lincoln,-121.368768,38.92624,98,South,Placer,SR-65,,R,19.45,,79.16,true,,https://wzmedia.dot.ca.gov/D3/65_West_Wise_Rd_PLA65_SB.stream/playlist.m3u8,1,https://cwwp2.dot.ca.gov/data/d3/cctv/image/hwy65atwise/hwy65atwise.jpg,15,https://cwwp2.dot.ca.gov/data/d3/cctv/image/hwy65atwise/previous/hwy65atwise-1.jpg,https://cwwp2.dot.ca.gov/data/d3/cctv/image/hwy65atwise/previous/hwy65atwise-2.jpg,https://cwwp2.dot.ca.gov/data/d3/cctv/image/hwy65atwise/previous/hwy65atwise-3.jpg,https://cwwp2.dot.ca.gov/data/d3/cctv/image/hwy65atwise/previous/hwy65atwise-4.jpg,https://cwwp2.dot.ca.gov/data/d3/cctv/image/hwy65atwise/previous/hwy65atwise-5.jpg,https://cwwp2.dot.ca.gov/data/d3/cctv/image/hwy65atwise/previous/hwy65atwise-6.jpg,https://cwwp2.dot.ca.gov/data/d3/cctv/image/hwy65atwise/previous/hwy65atwise-7.jpg,https://cwwp2.dot.ca.gov/data/d3/cctv/image/hwy65atwise/previous/hwy65atwise-8.jpg,https://cwwp2.dot.ca.gov/data/d3/cctv/image/hwy65atwise/previous/hwy65atwise-9.jpg,https://cwwp2.dot.ca.gov/data/d3/cctv/image/hwy65atwise/previous/hwy65atwise-10.jpg,https://cwwp2.dot.ca.gov/data/d3/cctv/image/hwy65atwise/previous/hwy65atwise-11.jpg,https://cwwp2.dot.ca.gov/data/d3/cctv/image/hwy65atwise/previous/hwy65atwise-12.jpg
120,2024-05-31,10:19:13,1717175953,3,"Hwy 65 at Industrial",Lincoln,-121.30139,38.863919,141,North,Placer,SR-65,,R,12.79,,72.49,true,,https://wzmedia.dot.ca.gov/D3/65_Industrial_Ave_UC_PLA65_MD.stream/playlist.m3u8,1,https://cwwp2.dot.ca.gov/data/d3/cctv/image/hwy65atindustrial/hwy65atindustrial.jpg,15,https://cwwp2.dot.ca.gov/data/d3/cctv/image/hwy65atindustrial/previous/hwy65atindustrial-1.jpg,https://cwwp2.dot.ca.gov/data/d3/cctv/image/hwy65atindustrial/previous/hwy65atindustrial-2.jpg,https://cwwp2.dot.ca.gov/data/d3/cctv/image/hwy65atindustrial/previous/hwy65atindustrial-3.jpg,https://cwwp2.dot.ca.gov/data/d3/cctv/image/hwy65atindustrial/previous/hwy65atindustrial-4.jpg,https://cwwp2.dot.ca.gov/data/d3/cctv/image/hwy65atindustrial/previous/hwy65atindustrial-5.jpg,https://cwwp2.dot.ca.gov/data/d3/cctv/image/hwy65atindustrial/previous/hwy65atindustrial-6.jpg,https://cwwp2.dot.ca.gov/data/d3/cctv/image/hwy65atindustrial/previous/hwy65atindustrial-7.jpg,https://cwwp2.dot.ca.gov/data/d3/cctv/image/hwy65atindustrial/previous/hwy65atindustrial-8.jpg,https://cwwp2.dot.ca.gov/data/d3/cctv/image/hwy65atindustrial/previous/hwy65atindustrial-9.jpg,https://cwwp2.dot.ca.gov/data/d3/cctv/image/hwy65atindustrial/previous/hwy65atindustrial-10.jpg,https://cwwp2.dot.ca.gov/data/d3/cctv/image/hwy65atindustrial/previous/hwy65atindustrial-11.jpg,https://cwwp2.dot.ca.gov/data/d3/cctv/image/hwy65atindustrial/previous/hwy65atindustrial-12.jpg
121,2025-05-07,12:27:07,1746646027,3,"Hwy 50 at Twin Bridges","Twin Bridges",-120.124303,38.811193,6161,West,"El Dorado",US-50,,,59.61,,87.88,true,,https://wzmedia.dot.ca.gov/D3/50_Twin_bridges_ED50_WB.stream/playlist.m3u8,1,https://cwwp2.dot.ca.gov/data/d3/cctv/image/hwy50attwinbridges/hwy50attwinbridges.jpg,15,https://cwwp2.dot.ca.gov/data/d3/cctv/image/hwy50attwinbridges/previous/hwy50attwinbridges-1.jpg,https://cwwp2.dot.ca.gov/data/d3/cctv/image/hwy50attwinbridges/previous/hwy50attwinbridges-2.jpg,https://cwwp2.dot.ca.gov/data/d3/cctv/image/hwy50attwinbridges/previous/hwy50attwinbridges-3.jpg,https://cwwp2.dot.ca.gov/data/d3/cctv/image/hwy50attwinbridges/previous/hwy50attwinbridges-4.jpg,https://cwwp2.dot.ca.gov/data/d3/cctv/image/hwy50attwinbridges/previous/hwy50attwinbridges-5.jpg,https://cwwp2.dot.ca.gov/data/d3/cctv/image/hwy50attwinbridges/previous/hwy50attwinbridges-6.jpg,https://cwwp2.dot.ca.gov/data/d3/cctv/image/hwy50attwinbridges/previous/hwy50attwinbridges-7.jpg,https://cwwp2.dot.ca.gov/data/d3/cctv/image/hwy50attwinbridges/previous/hwy50attwinbridges-8.jpg,https://cwwp2.dot.ca.gov/data/d3/cctv/image/hwy50attwinbridges/previous/hwy50attwinbridges-9.jpg,https://cwwp2.dot.ca.gov/data/d3/cctv/image/hwy50attwinbridges/previous/hwy50attwinbridges-10.jpg,https://cwwp2.dot.ca.gov/data/d3/cctv/image/hwy50attwinbridges/previous/hwy50attwinbridges-11.jpg,https://cwwp2.dot.ca.gov/data/d3/cctv/image/hwy50attwinbridges/previous/hwy50attwinbridges-12.jpg
122,2025-03-20,09:41:01,1742488861,3,"Hwy 50 at Sierra EB","Echo Lake",-120.07592,38.81914,6909,East,"El Dorado",US-50,,,63.79,,91.95,true,,https://wzmedia.dot.ca.gov/D3/50_Sierra_at_Tahoe_Rd_ED50_EB.stream/playlist.m3u8,1,https://cwwp2.dot.ca.gov/data/d3/cctv/image/hwy50atsierraeb/hwy50atsierraeb.jpg,15,https://cwwp2.dot.ca.gov/data/d3/cctv/image/hwy50atsierraeb/previous/hwy50atsierraeb-1.jpg,https://cwwp2.dot.ca.gov/data/d3/cctv/image/hwy50atsierraeb/previous/hwy50atsierraeb-2.jpg,https://cwwp2.dot.ca.gov/data/d3/cctv/image/hwy50atsierraeb/previous/hwy50atsierraeb-3.jpg,https://cwwp2.dot.ca.gov/data/d3/cctv/image/hwy50atsierraeb/previous/hwy50atsierraeb-4.jpg,https://cwwp2.dot.ca.gov/data/d3/cctv/image/hwy50atsierraeb/previous/hwy50atsierraeb-5.jpg,https://cwwp2.dot.ca.gov/data/d3/cctv/image/hwy50atsierraeb/previous/hwy50atsierraeb-6.jpg,https://cwwp2.dot.ca.gov/data/d3/cctv/image/hwy50atsierraeb/previous/hwy50atsierraeb-7.jpg,https://cwwp2.dot.ca.gov/data/d3/cctv/image/hwy50atsierraeb/previous/hwy50atsierraeb-8.jpg,https://cwwp2.dot.ca.gov/data/d3/cctv/image/hwy50atsierraeb/previous/hwy50atsierraeb-9.jpg,https://cwwp2.dot.ca.gov/data/d3/cctv/image/hwy50atsierraeb/previous/hwy50atsierraeb-10.jpg,https://cwwp2.dot.ca.gov/data/d3/cctv/image/hwy50atsierraeb/previous/hwy50atsierraeb-11.jpg,https://cwwp2.dot.ca.gov/data/d3/cctv/image/hwy50atsierraeb/previous/hwy50atsierraeb-12.jpg
124,2023-10-12,12:27:28,1697138848,3,"Hwy 89 at West River",Truckee,-120.204003,39.314744,5885,South,Placer,SR-89,,,21.58,,80.44,true,,https://wzmedia.dot.ca.gov/D3/89_West_River_St_PLA89_NB.stream/playlist.m3u8,1,https://cwwp2.dot.ca.gov/data/d3/cctv/image/hwy89atwestriver/hwy89atwestriver.jpg,15,https://cwwp2.dot.ca.gov/data/d3/cctv/image/hwy89atwestriver/previous/hwy89atwestriver-1.jpg,https://cwwp2.dot.ca.gov/data/d3/cctv/image/hwy89atwestriver/previous/hwy89atwestriver-2.jpg,https://cwwp2.dot.ca.gov/data/d3/cctv/image/hwy89atwestriver/previous/hwy89atwestriver-3.jpg,https://cwwp2.dot.ca.gov/data/d3/cctv/image/hwy89atwestriver/previous/hwy89atwestriver-4.jpg,https://cwwp2.dot.ca.gov/data/d3/cctv/image/hwy89atwestriver/previous/hwy89atwestriver-5.jpg,https://cwwp2.dot.ca.gov/data/d3/cctv/image/hwy89atwestriver/previous/hwy89atwestriver-6.jpg,https://cwwp2.dot.ca.gov/data/d3/cctv/image/hwy89atwestriver/previous/hwy89atwestriver-7.jpg,https://cwwp2.dot.ca.gov/data/d3/cctv/image/hwy89atwestriver/previous/hwy89atwestriver-8.jpg,https://cwwp2.dot.ca.gov/data/d3/cctv/image/hwy89atwestriver/previous/hwy89atwestriver-9.jpg,https://cwwp2.dot.ca.gov/data/d3/cctv/image/hwy89atwestriver/previous/hwy89atwestriver-10.jpg,https://cwwp2.dot.ca.gov/data/d3/cctv/image/hwy89atwestriver/previous/hwy89atwestriver-11.jpg,https://cwwp2.dot.ca.gov/data/d3/cctv/image/hwy89atwestriver/previous/hwy89atwestriver-12.jpg
126,2024-05-31,10:19:27,1717175967,3,"Hwy 65 at Ferrari Ranch",Lincoln,-121.307918,38.870571,134,North,Placer,SR-65,,R,13.39,,73.1,true,,https://wzmedia.dot.ca.gov/D3/65_Ferrari_Ranch_Rd_PLA65_NB.stream/playlist.m3u8,1,https://cwwp2.dot.ca.gov/data/d3/cctv/image/hwy65atferrariranch/hwy65atferrariranch.jpg,15,https://cwwp2.dot.ca.gov/data/d3/cctv/image/hwy65atferrariranch/previous/hwy65atferrariranch-1.jpg,https://cwwp2.dot.ca.gov/data/d3/cctv/image/hwy65atferrariranch/previous/hwy65atferrariranch-2.jpg,https://cwwp2.dot.ca.gov/data/d3/cctv/image/hwy65atferrariranch/previous/hwy65atferrariranch-3.jpg,https://cwwp2.dot.ca.gov/data/d3/cctv/image/hwy65atferrariranch/previous/hwy65atferrariranch-4.jpg,https://cwwp2.dot.ca.gov/data/d3/cctv/image/hwy65atferrariranch/previous/hwy65atferrariranch-5.jpg,https://cwwp2.dot.ca.gov/data/d3/cctv/image/hwy65atferrariranch/previous/hwy65atferrariranch-6.jpg,https://cwwp2.dot.ca.gov/data/d3/cctv/image/hwy65atferrariranch/previous/hwy65atferrariranch-7.jpg,https://cwwp2.dot.ca.gov/data/d3/cctv/image/hwy65atferrariranch/previous/hwy65atferrariranch-8.jpg,https://cwwp2.dot.ca.gov/data/d3/cctv/image/hwy65atferrariranch/previous/hwy65atferrariranch-9.jpg,https://cwwp2.dot.ca.gov/data/d3/cctv/image/hwy65atferrariranch/previous/hwy65atferrariranch-10.jpg,https://cwwp2.dot.ca.gov/data/d3/cctv/image/hwy65atferrariranch/previous/hwy65atferrariranch-11.jpg,https://cwwp2.dot.ca.gov/data/d3/cctv/image/hwy65atferrariranch/previous/hwy65atferrariranch-12.jpg
128,2026-01-27,10:17:46,1769537866,3,"Hwy 5 at Williams NB",Williams,-122.14045,39.15128,62,,Colusa,I-5,,R,17.54,,576.15,true,,https://wzmedia.dot.ca.gov/D3/5_Williams_COL5_NB.stream/playlist.m3u8,1,https://cwwp2.dot.ca.gov/data/d3/cctv/image/hwy5atwilliamsnb/hwy5atwilliamsnb.jpg,15,https://cwwp2.dot.ca.gov/data/d3/cctv/image/hwy5atwilliamsnb/previous/hwy5atwilliamsnb-1.jpg,https://cwwp2.dot.ca.gov/data/d3/cctv/image/hwy5atwilliamsnb/previous/hwy5atwilliamsnb-2.jpg,https://cwwp2.dot.ca.gov/data/d3/cctv/image/hwy5atwilliamsnb/previous/hwy5atwilliamsnb-3.jpg,https://cwwp2.dot.ca.gov/data/d3/cctv/image/hwy5atwilliamsnb/previous/hwy5atwilliamsnb-4.jpg,https://cwwp2.dot.ca.gov/data/d3/cctv/image/hwy5atwilliamsnb/previous/hwy5atwilliamsnb-5.jpg,https://cwwp2.dot.ca.gov/data/d3/cctv/image/hwy5atwilliamsnb/previous/hwy5atwilliamsnb-6.jpg,https://cwwp2.dot.ca.gov/data/d3/cctv/image/hwy5atwilliamsnb/previous/hwy5atwilliamsnb-7.jpg,https://cwwp2.dot.ca.gov/data/d3/cctv/image/hwy5atwilliamsnb/previous/hwy5atwilliamsnb-8.jpg,https://cwwp2.dot.ca.gov/data/d3/cctv/image/hwy5atwilliamsnb/previous/hwy5atwilliamsnb-9.jpg,https://cwwp2.dot.ca.gov/data/d3/cctv/image/hwy5atwilliamsnb/previous/hwy5atwilliamsnb-10.jpg,https://cwwp2.dot.ca.gov/data/d3/cctv/image/hwy5atwilliamsnb/previous/hwy5atwilliamsnb-11.jpg,https://cwwp2.dot.ca.gov/data/d3/cctv/image/hwy5atwilliamsnb/previous/hwy5atwilliamsnb-12.jpg
129,2026-01-27,10:18:46,1769537926,3,"Hwy 5 at Williams SB",Williams,-122.15929,39.17793,62,,Colusa,I-5,,R,19.66,,578.27,true,,https://wzmedia.dot.ca.gov/D3/5_Williams_COL5_SB.stream/playlist.m3u8,1,https://cwwp2.dot.ca.gov/data/d3/cctv/image/hwy5atwilliamssb/hwy5atwilliamssb.jpg,15,https://cwwp2.dot.ca.gov/data/d3/cctv/image/hwy5atwilliamssb/previous/hwy5atwilliamssb-1.jpg,https://cwwp2.dot.ca.gov/data/d3/cctv/image/hwy5atwilliamssb/previous/hwy5atwilliamssb-2.jpg,https://cwwp2.dot.ca.gov/data/d3/cctv/image/hwy5atwilliamssb/previous/hwy5atwilliamssb-3.jpg,https://cwwp2.dot.ca.gov/data/d3/cctv/image/hwy5atwilliamssb/previous/hwy5atwilliamssb-4.jpg,https://cwwp2.dot.ca.gov/data/d3/cctv/image/hwy5atwilliamssb/previous/hwy5atwilliamssb-5.jpg,https://cwwp2.dot.ca.gov/data/d3/cctv/image/hwy5atwilliamssb/previous/hwy5atwilliamssb-6.jpg,https://cwwp2.dot.ca.gov/data/d3/cctv/image/hwy5atwilliamssb/previous/hwy5atwilliamssb-7.jpg,https://cwwp2.dot.ca.gov/data/d3/cctv/image/hwy5atwilliamssb/previous/hwy5atwilliamssb-8.jpg,https://cwwp2.dot.ca.gov/data/d3/cctv/image/hwy5atwilliamssb/previous/hwy5atwilliamssb-9.jpg,https://cwwp2.dot.ca.gov/data/d3/cctv/image/hwy5atwilliamssb/previous/hwy5atwilliamssb-10.jpg,https://cwwp2.dot.ca.gov/data/d3/cctv/image/hwy5atwilliamssb/previous/hwy5atwilliamssb-11.jpg,https://cwwp2.dot.ca.gov/data/d3/cctv/image/hwy5atwilliamssb/previous/hwy5atwilliamssb-12.jpg
130,2025-10-10,07:33:32,1760106812,3,"Hwy 5 at Twin Cities","Elk Grove",-121.45575,38.27609,9,North,Sacramento,I-5,,,1.547,R,496.630,true,,https://wzmedia.dot.ca.gov/D3/5_Twin_Cities_Rd_JSO_SAC5_NB.stream/playlist.m3u8,1,https://cwwp2.dot.ca.gov/data/d3/cctv/image/hwy5attwincities/hwy5attwincities.jpg,15,https://cwwp2.dot.ca.gov/data/d3/cctv/image/hwy5attwincities/previous/hwy5attwincities-1.jpg,https://cwwp2.dot.ca.gov/data/d3/cctv/image/hwy5attwincities/previous/hwy5attwincities-2.jpg,https://cwwp2.dot.ca.gov/data/d3/cctv/image/hwy5attwincities/previous/hwy5attwincities-3.jpg,https://cwwp2.dot.ca.gov/data/d3/cctv/image/hwy5attwincities/previous/hwy5attwincities-4.jpg,https://cwwp2.dot.ca.gov/data/d3/cctv/image/hwy5attwincities/previous/hwy5attwincities-5.jpg,https://cwwp2.dot.ca.gov/data/d3/cctv/image/hwy5attwincities/previous/hwy5attwincities-6.jpg,https://cwwp2.dot.ca.gov/data/d3/cctv/image/hwy5attwincities/previous/hwy5attwincities-7.jpg,https://cwwp2.dot.ca.gov/data/d3/cctv/image/hwy5attwincities/previous/hwy5attwincities-8.jpg,https://cwwp2.dot.ca.gov/data/d3/cctv/image/hwy5attwincities/previous/hwy5attwincities-9.jpg,https://cwwp2.dot.ca.gov/data/d3/cctv/image/hwy5attwincities/previous/hwy5attwincities-10.jpg,https://cwwp2.dot.ca.gov/data/d3/cctv/image/hwy5attwincities/previous/hwy5attwincities-11.jpg,https://cwwp2.dot.ca.gov/data/d3/cctv/image/hwy5attwincities/previous/hwy5attwincities-12.jpg
131,2026-03-08,01:33:57,1772962437,3,"Hwy 99 at Fruitridge",Sacramento,-121.46752,38.523998,42,South,Sacramento,SR-99,,,21.88,,296.437,true,,https://wzmedia.dot.ca.gov/D3/99_Fruitridge_Rd_JSO_SAC99_SB.stream/playlist.m3u8,1,https://cwwp2.dot.ca.gov/data/d3/cctv/image/hwy99atfruitridge/hwy99atfruitridge.jpg,15,https://cwwp2.dot.ca.gov/data/d3/cctv/image/hwy99atfruitridge/previous/hwy99atfruitridge-1.jpg,https://cwwp2.dot.ca.gov/data/d3/cctv/image/hwy99atfruitridge/previous/hwy99atfruitridge-2.jpg,https://cwwp2.dot.ca.gov/data/d3/cctv/image/hwy99atfruitridge/previous/hwy99atfruitridge-3.jpg,https://cwwp2.dot.ca.gov/data/d3/cctv/image/hwy99atfruitridge/previous/hwy99atfruitridge-4.jpg,https://cwwp2.dot.ca.gov/data/d3/cctv/image/hwy99atfruitridge/previous/hwy99atfruitridge-5.jpg,https://cwwp2.dot.ca.gov/data/d3/cctv/image/hwy99atfruitridge/previous/hwy99atfruitridge-6.jpg,https://cwwp2.dot.ca.gov/data/d3/cctv/image/hwy99atfruitridge/previous/hwy99atfruitridge-7.jpg,https://cwwp2.dot.ca.gov/data/d3/cctv/image/hwy99atfruitridge/previous/hwy99atfruitridge-8.jpg,https://cwwp2.dot.ca.gov/data/d3/cctv/image/hwy99atfruitridge/previous/hwy99atfruitridge-9.jpg,https://cwwp2.dot.ca.gov/data/d3/cctv/image/hwy99atfruitridge/previous/hwy99atfruitridge-10.jpg,https://cwwp2.dot.ca.gov/data/d3/cctv/image/hwy99atfruitridge/previous/hwy99atfruitridge-11.jpg,https://cwwp2.dot.ca.gov/data/d3/cctv/image/hwy99atfruitridge/previous/hwy99atfruitridge-12.jpg
132,2026-01-28,20:15:11,1769660111,3,"Hwy 5 at 25th",Sacramento,-121.51749,38.53381,39,,Sacramento,I-5,,,19.94,,515.02,true,,https://wzmedia.dot.ca.gov/D3/5_25th_Ave_SAC5_SB.stream/playlist.m3u8,1,https://cwwp2.dot.ca.gov/data/d3/cctv/image/hwy5at25th/hwy5at25th.jpg,15,https://cwwp2.dot.ca.gov/data/d3/cctv/image/hwy5at25th/previous/hwy5at25th-1.jpg,https://cwwp2.dot.ca.gov/data/d3/cctv/image/hwy5at25th/previous/hwy5at25th-2.jpg,https://cwwp2.dot.ca.gov/data/d3/cctv/image/hwy5at25th/previous/hwy5at25th-3.jpg,https://cwwp2.dot.ca.gov/data/d3/cctv/image/hwy5at25th/previous/hwy5at25th-4.jpg,https://cwwp2.dot.ca.gov/data/d3/cctv/image/hwy5at25th/previous/hwy5at25th-5.jpg,https://cwwp2.dot.ca.gov/data/d3/cctv/image/hwy5at25th/previous/hwy5at25th-6.jpg,https://cwwp2.dot.ca.gov/data/d3/cctv/image/hwy5at25th/previous/hwy5at25th-7.jpg,https://cwwp2.dot.ca.gov/data/d3/cctv/image/hwy5at25th/previous/hwy5at25th-8.jpg,https://cwwp2.dot.ca.gov/data/d3/cctv/image/hwy5at25th/previous/hwy5at25th-9.jpg,https://cwwp2.dot.ca.gov/data/d3/cctv/image/hwy5at25th/previous/hwy5at25th-10.jpg,https://cwwp2.dot.ca.gov/data/d3/cctv/image/hwy5at25th/previous/hwy5at25th-11.jpg,https://cwwp2.dot.ca.gov/data/d3/cctv/image/hwy5at25th/previous/hwy5at25th-12.jpg
133,2026-03-10,16:57:08,1773187028,3,"Hwy 5 at W El Camino",Sacramento,-121.51238,38.61488,22,,Sacramento,I-5,,,25.98,,521.06,true,,https://wzmedia.dot.ca.gov/D3/5_W_El_Camino_OC_SAC5_SB.stream/playlist.m3u8,1,https://cwwp2.dot.ca.gov/data/d3/cctv/image/hwy5atwelcamino/hwy5atwelcamino.jpg,15,https://cwwp2.dot.ca.gov/data/d3/cctv/image/hwy5atwelcamino/previous/hwy5atwelcamino-1.jpg,https://cwwp2.dot.ca.gov/data/d3/cctv/image/hwy5atwelcamino/previous/hwy5atwelcamino-2.jpg,https://cwwp2.dot.ca.gov/data/d3/cctv/image/hwy5atwelcamino/previous/hwy5atwelcamino-3.jpg,https://cwwp2.dot.ca.gov/data/d3/cctv/image/hwy5atwelcamino/previous/hwy5atwelcamino-4.jpg,https://cwwp2.dot.ca.gov/data/d3/cctv/image/hwy5atwelcamino/previous/hwy5atwelcamino-5.jpg,https://cwwp2.dot.ca.gov/data/d3/cctv/image/hwy5atwelcamino/previous/hwy5atwelcamino-6.jpg,https://cwwp2.dot.ca.gov/data/d3/cctv/image/hwy5atwelcamino/previous/hwy5atwelcamino-7.jpg,https://cwwp2.dot.ca.gov/data/d3/cctv/image/hwy5atwelcamino/previous/hwy5atwelcamino-8.jpg,https://cwwp2.dot.ca.gov/data/d3/cctv/image/hwy5atwelcamino/previous/hwy5atwelcamino-9.jpg,https://cwwp2.dot.ca.gov/data/d3/cctv/image/hwy5atwelcamino/previous/hwy5atwelcamino-10.jpg,https://cwwp2.dot.ca.gov/data/d3/cctv/image/hwy5atwelcamino/previous/hwy5atwelcamino-11.jpg,https://cwwp2.dot.ca.gov/data/d3/cctv/image/hwy5atwelcamino/previous/hwy5atwelcamino-12.jpg
134,2026-02-28,06:30:24,1772289024,3,"Hwy 80 at Watt","North Highlands",-121.38327,38.64602,65,,Sacramento,I-80,,M,10.35,,94.27,true,,https://wzmedia.dot.ca.gov/D3/80_Watt_Ave_OC_SAC80_WB.stream/playlist.m3u8,1,https://cwwp2.dot.ca.gov/data/d3/cctv/image/hwy80atwatt/hwy80atwatt.jpg,15,https://cwwp2.dot.ca.gov/data/d3/cctv/image/hwy80atwatt/previous/hwy80atwatt-1.jpg,https://cwwp2.dot.ca.gov/data/d3/cctv/image/hwy80atwatt/previous/hwy80atwatt-2.jpg,https://cwwp2.dot.ca.gov/data/d3/cctv/image/hwy80atwatt/previous/hwy80atwatt-3.jpg,https://cwwp2.dot.ca.gov/data/d3/cctv/image/hwy80atwatt/previous/hwy80atwatt-4.jpg,https://cwwp2.dot.ca.gov/data/d3/cctv/image/hwy80atwatt/previous/hwy80atwatt-5.jpg,https://cwwp2.dot.ca.gov/data/d3/cctv/image/hwy80atwatt/previous/hwy80atwatt-6.jpg,https://cwwp2.dot.ca.gov/data/d3/cctv/image/hwy80atwatt/previous/hwy80atwatt-7.jpg,https://cwwp2.dot.ca.gov/data/d3/cctv/image/hwy80atwatt/previous/hwy80atwatt-8.jpg,https://cwwp2.dot.ca.gov/data/d3/cctv/image/hwy80atwatt/previous/hwy80atwatt-9.jpg,https://cwwp2.dot.ca.gov/data/d3/cctv/image/hwy80atwatt/previous/hwy80atwatt-10.jpg,https://cwwp2.dot.ca.gov/data/d3/cctv/image/hwy80atwatt/previous/hwy80atwatt-11.jpg,https://cwwp2.dot.ca.gov/data/d3/cctv/image/hwy80atwatt/previous/hwy80atwatt-12.jpg
135,2025-09-16,12:39:40,1758051580,3,"Hwy 80 at Riverside",Roseville,-121.29014,38.72491,170,,Placer,I-80,,,0.28,,101.8,true,,https://wzmedia.dot.ca.gov/D3/80_Riverside_Ave_OC_PLA80_WB.stream/playlist.m3u8,1,https://cwwp2.dot.ca.gov/data/d3/cctv/image/hwy80atriverside/hwy80atriverside.jpg,15,https://cwwp2.dot.ca.gov/data/d3/cctv/image/hwy80atriverside/previous/hwy80atriverside-1.jpg,https://cwwp2.dot.ca.gov/data/d3/cctv/image/hwy80atriverside/previous/hwy80atriverside-2.jpg,https://cwwp2.dot.ca.gov/data/d3/cctv/image/hwy80atriverside/previous/hwy80atriverside-3.jpg,https://cwwp2.dot.ca.gov/data/d3/cctv/image/hwy80atriverside/previous/hwy80atriverside-4.jpg,https://cwwp2.dot.ca.gov/data/d3/cctv/image/hwy80atriverside/previous/hwy80atriverside-5.jpg,https://cwwp2.dot.ca.gov/data/d3/cctv/image/hwy80atriverside/previous/hwy80atriverside-6.jpg,https://cwwp2.dot.ca.gov/data/d3/cctv/image/hwy80atriverside/previous/hwy80atriverside-7.jpg,https://cwwp2.dot.ca.gov/data/d3/cctv/image/hwy80atriverside/previous/hwy80atriverside-8.jpg,https://cwwp2.dot.ca.gov/data/d3/cctv/image/hwy80atriverside/previous/hwy80atriverside-9.jpg,https://cwwp2.dot.ca.gov/data/d3/cctv/image/hwy80atriverside/previous/hwy80atriverside-10.jpg,https://cwwp2.dot.ca.gov/data/d3/cctv/image/hwy80atriverside/previous/hwy80atriverside-11.jpg,https://cwwp2.dot.ca.gov/data/d3/cctv/image/hwy80atriverside/previous/hwy80atriverside-12.jpg
136,2025-06-09,15:27:36,1749508056,3,"Hwy 80 at Douglas",Roseville,-121.27008,38.74418,170,,Placer,I-80,,,2,,103.52,true,,https://wzmedia.dot.ca.gov/D3/80_Douglas_Blvd_OC_PLA80_EB.stream/playlist.m3u8,1,https://cwwp2.dot.ca.gov/data/d3/cctv/image/hwy80atdouglas/hwy80atdouglas.jpg,15,https://cwwp2.dot.ca.gov/data/d3/cctv/image/hwy80atdouglas/previous/hwy80atdouglas-1.jpg,https://cwwp2.dot.ca.gov/data/d3/cctv/image/hwy80atdouglas/previous/hwy80atdouglas-2.jpg,https://cwwp2.dot.ca.gov/data/d3/cctv/image/hwy80atdouglas/previous/hwy80atdouglas-3.jpg,https://cwwp2.dot.ca.gov/data/d3/cctv/image/hwy80atdouglas/previous/hwy80atdouglas-4.jpg,https://cwwp2.dot.ca.gov/data/d3/cctv/image/hwy80atdouglas/previous/hwy80atdouglas-5.jpg,https://cwwp2.dot.ca.gov/data/d3/cctv/image/hwy80atdouglas/previous/hwy80atdouglas-6.jpg,https://cwwp2.dot.ca.gov/data/d3/cctv/image/hwy80atdouglas/previous/hwy80atdouglas-7.jpg,https://cwwp2.dot.ca.gov/data/d3/cctv/image/hwy80atdouglas/previous/hwy80atdouglas-8.jpg,https://cwwp2.dot.ca.gov/data/d3/cctv/image/hwy80atdouglas/previous/hwy80atdouglas-9.jpg,https://cwwp2.dot.ca.gov/data/d3/cctv/image/hwy80atdouglas/previous/hwy80atdouglas-10.jpg,https://cwwp2.dot.ca.gov/data/d3/cctv/image/hwy80atdouglas/previous/hwy80atdouglas-11.jpg,https://cwwp2.dot.ca.gov/data/d3/cctv/image/hwy80atdouglas/previous/hwy80atdouglas-12.jpg
137,2025-09-26,12:47:34,1758916054,3,"Hwy 89 at Alpine Meadows","Tahoe City",-120.19489,39.18724,6220,,Placer,SR-89,,,12.35,,71.21,true,,https://wzmedia.dot.ca.gov/D3/89_Alpine_Meadows_PLA89_NB.stream/playlist.m3u8,1,https://cwwp2.dot.ca.gov/data/d3/cctv/image/hwy89atalpinemeadows/hwy89atalpinemeadows.jpg,15,https://cwwp2.dot.ca.gov/data/d3/cctv/image/hwy89atalpinemeadows/previous/hwy89atalpinemeadows-1.jpg,https://cwwp2.dot.ca.gov/data/d3/cctv/image/hwy89atalpinemeadows/previous/hwy89atalpinemeadows-2.jpg,https://cwwp2.dot.ca.gov/data/d3/cctv/image/hwy89atalpinemeadows/previous/hwy89atalpinemeadows-3.jpg,https://cwwp2.dot.ca.gov/data/d3/cctv/image/hwy89atalpinemeadows/previous/hwy89atalpinemeadows-4.jpg,https://cwwp2.dot.ca.gov/data/d3/cctv/image/hwy89atalpinemeadows/previous/hwy89atalpinemeadows-5.jpg,https://cwwp2.dot.ca.gov/data/d3/cctv/image/hwy89atalpinemeadows/previous/hwy89atalpinemeadows-6.jpg,https://cwwp2.dot.ca.gov/data/d3/cctv/image/hwy89atalpinemeadows/previous/hwy89atalpinemeadows-7.jpg,https://cwwp2.dot.ca.gov/data/d3/cctv/image/hwy89atalpinemeadows/previous/hwy89atalpinemeadows-8.jpg,https://cwwp2.dot.ca.gov/data/d3/cctv/image/hwy89atalpinemeadows/previous/hwy89atalpinemeadows-9.jpg,https://cwwp2.dot.ca.gov/data/d3/cctv/image/hwy89atalpinemeadows/previous/hwy89atalpinemeadows-10.jpg,https://cwwp2.dot.ca.gov/data/d3/cctv/image/hwy89atalpinemeadows/previous/hwy89atalpinemeadows-11.jpg,https://cwwp2.dot.ca.gov/data/d3/cctv/image/hwy89atalpinemeadows/previous/hwy89atalpinemeadows-12.jpg
138,2024-01-29,10:27:38,1706552858,3,"Hwy 5 at Cosumnes",Sacramento,-121.49646,38.46643,19,,Sacramento,I-5,,,14.86,,509.94,true,,https://wzmedia.dot.ca.gov/D3/5_Cosumnes_River_Blvd_OC_SAC5_NB.stream/playlist.m3u8,1,https://cwwp2.dot.ca.gov/data/d3/cctv/image/hwy5atcosumnes/hwy5atcosumnes.jpg,15,https://cwwp2.dot.ca.gov/data/d3/cctv/image/hwy5atcosumnes/previous/hwy5atcosumnes-1.jpg,https://cwwp2.dot.ca.gov/data/d3/cctv/image/hwy5atcosumnes/previous/hwy5atcosumnes-2.jpg,https://cwwp2.dot.ca.gov/data/d3/cctv/image/hwy5atcosumnes/previous/hwy5atcosumnes-3.jpg,https://cwwp2.dot.ca.gov/data/d3/cctv/image/hwy5atcosumnes/previous/hwy5atcosumnes-4.jpg,https://cwwp2.dot.ca.gov/data/d3/cctv/image/hwy5atcosumnes/previous/hwy5atcosumnes-5.jpg,https://cwwp2.dot.ca.gov/data/d3/cctv/image/hwy5atcosumnes/previous/hwy5atcosumnes-6.jpg,https://cwwp2.dot.ca.gov/data/d3/cctv/image/hwy5atcosumnes/previous/hwy5atcosumnes-7.jpg,https://cwwp2.dot.ca.gov/data/d3/cctv/image/hwy5atcosumnes/previous/hwy5atcosumnes-8.jpg,https://cwwp2.dot.ca.gov/data/d3/cctv/image/hwy5atcosumnes/previous/hwy5atcosumnes-9.jpg,https://cwwp2.dot.ca.gov/data/d3/cctv/image/hwy5atcosumnes/previous/hwy5atcosumnes-10.jpg,https://cwwp2.dot.ca.gov/data/d3/cctv/image/hwy5atcosumnes/previous/hwy5atcosumnes-11.jpg,https://cwwp2.dot.ca.gov/data/d3/cctv/image/hwy5atcosumnes/previous/hwy5atcosumnes-12.jpg
139,2026-02-26,22:31:51,1772173911,3,"Hwy 5 at Elk Grove","Elk Grove",-121.484446,38.408888,13,,Sacramento,I-5,,,10.838,,505.916,true,,https://wzmedia.dot.ca.gov/D3/5_Elk_Grove_OC_SAC5_NB.stream/playlist.m3u8,1,https://cwwp2.dot.ca.gov/data/d3/cctv/image/hwy5atelkgrove/hwy5atelkgrove.jpg,15,https://cwwp2.dot.ca.gov/data/d3/cctv/image/hwy5atelkgrove/previous/hwy5atelkgrove-1.jpg,https://cwwp2.dot.ca.gov/data/d3/cctv/image/hwy5atelkgrove/previous/hwy5atelkgrove-2.jpg,https://cwwp2.dot.ca.gov/data/d3/cctv/image/hwy5atelkgrove/previous/hwy5atelkgrove-3.jpg,https://cwwp2.dot.ca.gov/data/d3/cctv/image/hwy5atelkgrove/previous/hwy5atelkgrove-4.jpg,https://cwwp2.dot.ca.gov/data/d3/cctv/image/hwy5atelkgrove/previous/hwy5atelkgrove-5.jpg,https://cwwp2.dot.ca.gov/data/d3/cctv/image/hwy5atelkgrove/previous/hwy5atelkgrove-6.jpg,https://cwwp2.dot.ca.gov/data/d3/cctv/image/hwy5atelkgrove/previous/hwy5atelkgrove-7.jpg,https://cwwp2.dot.ca.gov/data/d3/cctv/image/hwy5atelkgrove/previous/hwy5atelkgrove-8.jpg,https://cwwp2.dot.ca.gov/data/d3/cctv/image/hwy5atelkgrove/previous/hwy5atelkgrove-9.jpg,https://cwwp2.dot.ca.gov/data/d3/cctv/image/hwy5atelkgrove/previous/hwy5atelkgrove-10.jpg,https://cwwp2.dot.ca.gov/data/d3/cctv/image/hwy5atelkgrove/previous/hwy5atelkgrove-11.jpg,https://cwwp2.dot.ca.gov/data/d3/cctv/image/hwy5atelkgrove/previous/hwy5atelkgrove-12.jpg
141,2025-10-13,11:11:41,1760379101,3,"Hwy 5 at Airport",Sacramento,-121.58977,38.67148,13,,Sacramento,I-5,,,32.67,,527.75,true,,https://wzmedia.dot.ca.gov/D3/5_Airport_Blvd_OC_SAC5_NB.stream/playlist.m3u8,1,https://cwwp2.dot.ca.gov/data/d3/cctv/image/hwy5atairport/hwy5atairport.jpg,15,https://cwwp2.dot.ca.gov/data/d3/cctv/image/hwy5atairport/previous/hwy5atairport-1.jpg,https://cwwp2.dot.ca.gov/data/d3/cctv/image/hwy5atairport/previous/hwy5atairport-2.jpg,https://cwwp2.dot.ca.gov/data/d3/cctv/image/hwy5atairport/previous/hwy5atairport-3.jpg,https://cwwp2.dot.ca.gov/data/d3/cctv/image/hwy5atairport/previous/hwy5atairport-4.jpg,https://cwwp2.dot.ca.gov/data/d3/cctv/image/hwy5atairport/previous/hwy5atairport-5.jpg,https://cwwp2.dot.ca.gov/data/d3/cctv/image/hwy5atairport/previous/hwy5atairport-6.jpg,https://cwwp2.dot.ca.gov/data/d3/cctv/image/hwy5atairport/previous/hwy5atairport-7.jpg,https://cwwp2.dot.ca.gov/data/d3/cctv/image/hwy5atairport/previous/hwy5atairport-8.jpg,https://cwwp2.dot.ca.gov/data/d3/cctv/image/hwy5atairport/previous/hwy5atairport-9.jpg,https://cwwp2.dot.ca.gov/data/d3/cctv/image/hwy5atairport/previous/hwy5atairport-10.jpg,https://cwwp2.dot.ca.gov/data/d3/cctv/image/hwy5atairport/previous/hwy5atairport-11.jpg,https://cwwp2.dot.ca.gov/data/d3/cctv/image/hwy5atairport/previous/hwy5atairport-12.jpg
142,2025-09-23,08:40:52,1758642052,3,"Hwy 65 - Riosa",Lincoln,-121.38221,38.97877,95,,Placer,SR-65,,L,23.11,,82.82,true,,https://wzmedia.dot.ca.gov/D3/65_Riosa_Rd_PLA65_NB.stream/playlist.m3u8,1,https://cwwp2.dot.ca.gov/data/d3/cctv/image/hwy65riosa/hwy65riosa.jpg,15,https://cwwp2.dot.ca.gov/data/d3/cctv/image/hwy65riosa/previous/hwy65riosa-1.jpg,https://cwwp2.dot.ca.gov/data/d3/cctv/image/hwy65riosa/previous/hwy65riosa-2.jpg,https://cwwp2.dot.ca.gov/data/d3/cctv/image/hwy65riosa/previous/hwy65riosa-3.jpg,https://cwwp2.dot.ca.gov/data/d3/cctv/image/hwy65riosa/previous/hwy65riosa-4.jpg,https://cwwp2.dot.ca.gov/data/d3/cctv/image/hwy65riosa/previous/hwy65riosa-5.jpg,https://cwwp2.dot.ca.gov/data/d3/cctv/image/hwy65riosa/previous/hwy65riosa-6.jpg,https://cwwp2.dot.ca.gov/data/d3/cctv/image/hwy65riosa/previous/hwy65riosa-7.jpg,https://cwwp2.dot.ca.gov/data/d3/cctv/image/hwy65riosa/previous/hwy65riosa-8.jpg,https://cwwp2.dot.ca.gov/data/d3/cctv/image/hwy65riosa/previous/hwy65riosa-9.jpg,https://cwwp2.dot.ca.gov/data/d3/cctv/image/hwy65riosa/previous/hwy65riosa-10.jpg,https://cwwp2.dot.ca.gov/data/d3/cctv/image/hwy65riosa/previous/hwy65riosa-11.jpg,https://cwwp2.dot.ca.gov/data/d3/cctv/image/hwy65riosa/previous/hwy65riosa-12.jpg
143,2023-04-18,14:00:25,1681851625,3,"Hwy 267 at Truckee Bypass",Truckee,-120.16323,39.33429,5866,,Nevada,SR-267,,M,0.36,,0.36,true,,https://wzmedia.dot.ca.gov/D3/267_Truckee_Bypass_NEV267_WB.stream/playlist.m3u8,1,https://cwwp2.dot.ca.gov/data/d3/cctv/image/hwy267attruckeebypass/hwy267attruckeebypass.jpg,15,https://cwwp2.dot.ca.gov/data/d3/cctv/image/hwy267attruckeebypass/previous/hwy267attruckeebypass-1.jpg,https://cwwp2.dot.ca.gov/data/d3/cctv/image/hwy267attruckeebypass/previous/hwy267attruckeebypass-2.jpg,https://cwwp2.dot.ca.gov/data/d3/cctv/image/hwy267attruckeebypass/previous/hwy267attruckeebypass-3.jpg,https://cwwp2.dot.ca.gov/data/d3/cctv/image/hwy267attruckeebypass/previous/hwy267attruckeebypass-4.jpg,https://cwwp2.dot.ca.gov/data/d3/cctv/image/hwy267attruckeebypass/previous/hwy267attruckeebypass-5.jpg,https://cwwp2.dot.ca.gov/data/d3/cctv/image/hwy267attruckeebypass/previous/hwy267attruckeebypass-6.jpg,https://cwwp2.dot.ca.gov/data/d3/cctv/image/hwy267attruckeebypass/previous/hwy267attruckeebypass-7.jpg,https://cwwp2.dot.ca.gov/data/d3/cctv/image/hwy267attruckeebypass/previous/hwy267attruckeebypass-8.jpg,https://cwwp2.dot.ca.gov/data/d3/cctv/image/hwy267attruckeebypass/previous/hwy267attruckeebypass-9.jpg,https://cwwp2.dot.ca.gov/data/d3/cctv/image/hwy267attruckeebypass/previous/hwy267attruckeebypass-10.jpg,https://cwwp2.dot.ca.gov/data/d3/cctv/image/hwy267attruckeebypass/previous/hwy267attruckeebypass-11.jpg,https://cwwp2.dot.ca.gov/data/d3/cctv/image/hwy267attruckeebypass/previous/hwy267attruckeebypass-12.jpg
144,2023-04-04,11:09:59,1680631799,3,"Hwy 28 at Dollar","Tahoe City",-120.10347,39.19375,6528,,Placer,SR-28,,,3.1,,3.02,true,,https://wzmedia.dot.ca.gov/D3/28_Dollar_Point_PLA28_WB.stream/playlist.m3u8,1,https://cwwp2.dot.ca.gov/data/d3/cctv/image/hwy28atdollar/hwy28atdollar.jpg,15,https://cwwp2.dot.ca.gov/data/d3/cctv/image/hwy28atdollar/previous/hwy28atdollar-1.jpg,https://cwwp2.dot.ca.gov/data/d3/cctv/image/hwy28atdollar/previous/hwy28atdollar-2.jpg,https://cwwp2.dot.ca.gov/data/d3/cctv/image/hwy28atdollar/previous/hwy28atdollar-3.jpg,https://cwwp2.dot.ca.gov/data/d3/cctv/image/hwy28atdollar/previous/hwy28atdollar-4.jpg,https://cwwp2.dot.ca.gov/data/d3/cctv/image/hwy28atdollar/previous/hwy28atdollar-5.jpg,https://cwwp2.dot.ca.gov/data/d3/cctv/image/hwy28atdollar/previous/hwy28atdollar-6.jpg,https://cwwp2.dot.ca.gov/data/d3/cctv/image/hwy28atdollar/previous/hwy28atdollar-7.jpg,https://cwwp2.dot.ca.gov/data/d3/cctv/image/hwy28atdollar/previous/hwy28atdollar-8.jpg,https://cwwp2.dot.ca.gov/data/d3/cctv/image/hwy28atdollar/previous/hwy28atdollar-9.jpg,https://cwwp2.dot.ca.gov/data/d3/cctv/image/hwy28atdollar/previous/hwy28atdollar-10.jpg,https://cwwp2.dot.ca.gov/data/d3/cctv/image/hwy28atdollar/previous/hwy28atdollar-11.jpg,https://cwwp2.dot.ca.gov/data/d3/cctv/image/hwy28atdollar/previous/hwy28atdollar-12.jpg
145,2025-10-21,14:54:26,1761083666,3,"Hwy 50 at El Dorado ED50 WB 1","El Dorado Hills",-121.07222,38.65268,639,,"El Dorado",US-50,,,0.78,,29.59,true,,https://wzmedia.dot.ca.gov/D3/50_El_Dorado_Hills_ED50_WB_1.stream/playlist.m3u8,1,https://cwwp2.dot.ca.gov/data/d3/cctv/image/hwy50ateldoradoed50wb1/hwy50ateldoradoed50wb1.jpg,15,https://cwwp2.dot.ca.gov/data/d3/cctv/image/hwy50ateldoradoed50wb1/previous/hwy50ateldoradoed50wb1-1.jpg,https://cwwp2.dot.ca.gov/data/d3/cctv/image/hwy50ateldoradoed50wb1/previous/hwy50ateldoradoed50wb1-2.jpg,https://cwwp2.dot.ca.gov/data/d3/cctv/image/hwy50ateldoradoed50wb1/previous/hwy50ateldoradoed50wb1-3.jpg,https://cwwp2.dot.ca.gov/data/d3/cctv/image/hwy50ateldoradoed50wb1/previous/hwy50ateldoradoed50wb1-4.jpg,https://cwwp2.dot.ca.gov/data/d3/cctv/image/hwy50ateldoradoed50wb1/previous/hwy50ateldoradoed50wb1-5.jpg,https://cwwp2.dot.ca.gov/data/d3/cctv/image/hwy50ateldoradoed50wb1/previous/hwy50ateldoradoed50wb1-6.jpg,https://cwwp2.dot.ca.gov/data/d3/cctv/image/hwy50ateldoradoed50wb1/previous/hwy50ateldoradoed50wb1-7.jpg,https://cwwp2.dot.ca.gov/data/d3/cctv/image/hwy50ateldoradoed50wb1/previous/hwy50ateldoradoed50wb1-8.jpg,https://cwwp2.dot.ca.gov/data/d3/cctv/image/hwy50ateldoradoed50wb1/previous/hwy50ateldoradoed50wb1-9.jpg,https://cwwp2.dot.ca.gov/data/d3/cctv/image/hwy50ateldoradoed50wb1/previous/hwy50ateldoradoed50wb1-10.jpg,https://cwwp2.dot.ca.gov/data/d3/cctv/image/hwy50ateldoradoed50wb1/previous/hwy50ateldoradoed50wb1-11.jpg,https://cwwp2.dot.ca.gov/data/d3/cctv/image/hwy50ateldoradoed50wb1/previous/hwy50ateldoradoed50wb1-12.jpg
147,2026-02-24,14:26:21,1771971981,3,"Hwy 70 at Feather River",Marysville,-121.57217,39.12163,55,,Yuba,SR-70,,R,11.06,,19.4,false,,https://wzmedia.dot.ca.gov/D3/70_Feather_River_Blvd_JSO_YUB70_NB.stream/playlist.m3u8,1,https://cwwp2.dot.ca.gov/data/d3/cctv/image/hwy70atfeatherriver/hwy70atfeatherriver.jpg,15,https://cwwp2.dot.ca.gov/data/d3/cctv/image/hwy70atfeatherriver/previous/hwy70atfeatherriver-1.jpg,https://cwwp2.dot.ca.gov/data/d3/cctv/image/hwy70atfeatherriver/previous/hwy70atfeatherriver-2.jpg,https://cwwp2.dot.ca.gov/data/d3/cctv/image/hwy70atfeatherriver/previous/hwy70atfeatherriver-3.jpg,https://cwwp2.dot.ca.gov/data/d3/cctv/image/hwy70atfeatherriver/previous/hwy70atfeatherriver-4.jpg,https://cwwp2.dot.ca.gov/data/d3/cctv/image/hwy70atfeatherriver/previous/hwy70atfeatherriver-5.jpg,https://cwwp2.dot.ca.gov/data/d3/cctv/image/hwy70atfeatherriver/previous/hwy70atfeatherriver-6.jpg,https://cwwp2.dot.ca.gov/data/d3/cctv/image/hwy70atfeatherriver/previous/hwy70atfeatherriver-7.jpg,https://cwwp2.dot.ca.gov/data/d3/cctv/image/hwy70atfeatherriver/previous/hwy70atfeatherriver-8.jpg,https://cwwp2.dot.ca.gov/data/d3/cctv/image/hwy70atfeatherriver/previous/hwy70atfeatherriver-9.jpg,https://cwwp2.dot.ca.gov/data/d3/cctv/image/hwy70atfeatherriver/previous/hwy70atfeatherriver-10.jpg,https://cwwp2.dot.ca.gov/data/d3/cctv/image/hwy70atfeatherriver/previous/hwy70atfeatherriver-11.jpg,https://cwwp2.dot.ca.gov/data/d3/cctv/image/hwy70atfeatherriver/previous/hwy70atfeatherriver-12.jpg
150,2024-06-30,05:04:57,1719749097,3,"Hwy 99 at Riego NB",Nicolaus,-121.54006,38.74828,13,,Sutter,SR-99,,,0.81,,304.41,true,,https://wzmedia.dot.ca.gov/D3/99_W_Riego_Rd_OC_SUT99_NB.stream/playlist.m3u8,1,https://cwwp2.dot.ca.gov/data/d3/cctv/image/hwy99atriegonb/hwy99atriegonb.jpg,15,https://cwwp2.dot.ca.gov/data/d3/cctv/image/hwy99atriegonb/previous/hwy99atriegonb-1.jpg,https://cwwp2.dot.ca.gov/data/d3/cctv/image/hwy99atriegonb/previous/hwy99atriegonb-2.jpg,https://cwwp2.dot.ca.gov/data/d3/cctv/image/hwy99atriegonb/previous/hwy99atriegonb-3.jpg,https://cwwp2.dot.ca.gov/data/d3/cctv/image/hwy99atriegonb/previous/hwy99atriegonb-4.jpg,https://cwwp2.dot.ca.gov/data/d3/cctv/image/hwy99atriegonb/previous/hwy99atriegonb-5.jpg,https://cwwp2.dot.ca.gov/data/d3/cctv/image/hwy99atriegonb/previous/hwy99atriegonb-6.jpg,https://cwwp2.dot.ca.gov/data/d3/cctv/image/hwy99atriegonb/previous/hwy99atriegonb-7.jpg,https://cwwp2.dot.ca.gov/data/d3/cctv/image/hwy99atriegonb/previous/hwy99atriegonb-8.jpg,https://cwwp2.dot.ca.gov/data/d3/cctv/image/hwy99atriegonb/previous/hwy99atriegonb-9.jpg,https://cwwp2.dot.ca.gov/data/d3/cctv/image/hwy99atriegonb/previous/hwy99atriegonb-10.jpg,https://cwwp2.dot.ca.gov/data/d3/cctv/image/hwy99atriegonb/previous/hwy99atriegonb-11.jpg,https://cwwp2.dot.ca.gov/data/d3/cctv/image/hwy99atriegonb/previous/hwy99atriegonb-12.jpg
151,2026-02-25,22:26:01,1772087161,3,"Hwy 99 at Lincoln","Yuba City",-121.63447,39.11258,52,,Sutter,SR-99,,,28.65,,331.17,true,,https://wzmedia.dot.ca.gov/D3/99_Lincoln_Rd_SUT99_NB.stream/playlist.m3u8,1,https://cwwp2.dot.ca.gov/data/d3/cctv/image/hwy99atlincoln/hwy99atlincoln.jpg,15,https://cwwp2.dot.ca.gov/data/d3/cctv/image/hwy99atlincoln/previous/hwy99atlincoln-1.jpg,https://cwwp2.dot.ca.gov/data/d3/cctv/image/hwy99atlincoln/previous/hwy99atlincoln-2.jpg,https://cwwp2.dot.ca.gov/data/d3/cctv/image/hwy99atlincoln/previous/hwy99atlincoln-3.jpg,https://cwwp2.dot.ca.gov/data/d3/cctv/image/hwy99atlincoln/previous/hwy99atlincoln-4.jpg,https://cwwp2.dot.ca.gov/data/d3/cctv/image/hwy99atlincoln/previous/hwy99atlincoln-5.jpg,https://cwwp2.dot.ca.gov/data/d3/cctv/image/hwy99atlincoln/previous/hwy99atlincoln-6.jpg,https://cwwp2.dot.ca.gov/data/d3/cctv/image/hwy99atlincoln/previous/hwy99atlincoln-7.jpg,https://cwwp2.dot.ca.gov/data/d3/cctv/image/hwy99atlincoln/previous/hwy99atlincoln-8.jpg,https://cwwp2.dot.ca.gov/data/d3/cctv/image/hwy99atlincoln/previous/hwy99atlincoln-9.jpg,https://cwwp2.dot.ca.gov/data/d3/cctv/image/hwy99atlincoln/previous/hwy99atlincoln-10.jpg,https://cwwp2.dot.ca.gov/data/d3/cctv/image/hwy99atlincoln/previous/hwy99atlincoln-11.jpg,https://cwwp2.dot.ca.gov/data/d3/cctv/image/hwy99atlincoln/previous/hwy99atlincoln-12.jpg
152,2025-09-29,14:39:39,1759181979,3,"Hwy 99 at Bridge","Yuba City",-121.63484,39.13255,55,,Sutter,SR-99,,,30.04,,332.56,true,,https://wzmedia.dot.ca.gov/D3/99_Bridge_St_SUT99_NB.stream/playlist.m3u8,1,https://cwwp2.dot.ca.gov/data/d3/cctv/image/hwy99atbridge/hwy99atbridge.jpg,15,https://cwwp2.dot.ca.gov/data/d3/cctv/image/hwy99atbridge/previous/hwy99atbridge-1.jpg,https://cwwp2.dot.ca.gov/data/d3/cctv/image/hwy99atbridge/previous/hwy99atbridge-2.jpg,https://cwwp2.dot.ca.gov/data/d3/cctv/image/hwy99atbridge/previous/hwy99atbridge-3.jpg,https://cwwp2.dot.ca.gov/data/d3/cctv/image/hwy99atbridge/previous/hwy99atbridge-4.jpg,https://cwwp2.dot.ca.gov/data/d3/cctv/image/hwy99atbridge/previous/hwy99atbridge-5.jpg,https://cwwp2.dot.ca.gov/data/d3/cctv/image/hwy99atbridge/previous/hwy99atbridge-6.jpg,https://cwwp2.dot.ca.gov/data/d3/cctv/image/hwy99atbridge/previous/hwy99atbridge-7.jpg,https://cwwp2.dot.ca.gov/data/d3/cctv/image/hwy99atbridge/previous/hwy99atbridge-8.jpg,https://cwwp2.dot.ca.gov/data/d3/cctv/image/hwy99atbridge/previous/hwy99atbridge-9.jpg,https://cwwp2.dot.ca.gov/data/d3/cctv/image/hwy99atbridge/previous/hwy99atbridge-10.jpg,https://cwwp2.dot.ca.gov/data/d3/cctv/image/hwy99atbridge/previous/hwy99atbridge-11.jpg,https://cwwp2.dot.ca.gov/data/d3/cctv/image/hwy99atbridge/previous/hwy99atbridge-12.jpg
153,2025-12-02,13:57:54,1764712674,3,"Hwy 99 at Route 20","Yuba City",-121.63486,39.14213,52,,Sutter,SR-99,,T,30.65,,333.17,true,,https://wzmedia.dot.ca.gov/D3/99_JCT20_SUT99_SB.stream/playlist.m3u8,1,https://cwwp2.dot.ca.gov/data/d3/cctv/image/hwy99atroute20/hwy99atroute20.jpg,15,https://cwwp2.dot.ca.gov/data/d3/cctv/image/hwy99atroute20/previous/hwy99atroute20-1.jpg,https://cwwp2.dot.ca.gov/data/d3/cctv/image/hwy99atroute20/previous/hwy99atroute20-2.jpg,https://cwwp2.dot.ca.gov/data/d3/cctv/image/hwy99atroute20/previous/hwy99atroute20-3.jpg,https://cwwp2.dot.ca.gov/data/d3/cctv/image/hwy99atroute20/previous/hwy99atroute20-4.jpg,https://cwwp2.dot.ca.gov/data/d3/cctv/image/hwy99atroute20/previous/hwy99atroute20-5.jpg,https://cwwp2.dot.ca.gov/data/d3/cctv/image/hwy99atroute20/previous/hwy99atroute20-6.jpg,https://cwwp2.dot.ca.gov/data/d3/cctv/image/hwy99atroute20/previous/hwy99atroute20-7.jpg,https://cwwp2.dot.ca.gov/data/d3/cctv/image/hwy99atroute20/previous/hwy99atroute20-8.jpg,https://cwwp2.dot.ca.gov/data/d3/cctv/image/hwy99atroute20/previous/hwy99atroute20-9.jpg,https://cwwp2.dot.ca.gov/data/d3/cctv/image/hwy99atroute20/previous/hwy99atroute20-10.jpg,https://cwwp2.dot.ca.gov/data/d3/cctv/image/hwy99atroute20/previous/hwy99atroute20-11.jpg,https://cwwp2.dot.ca.gov/data/d3/cctv/image/hwy99atroute20/previous/hwy99atroute20-12.jpg
154,2025-10-13,12:23:10,1760383390,3,"Hwy 99 at Neal",Durham,-121.74011,39.6622,216,,Butte,SR-99,,,25.73,,370.5,true,,https://wzmedia.dot.ca.gov/D3/99_Neal_Rd_JSO_BUT99_SB.stream/playlist.m3u8,1,https://cwwp2.dot.ca.gov/data/d3/cctv/image/hwy99atneal/hwy99atneal.jpg,15,https://cwwp2.dot.ca.gov/data/d3/cctv/image/hwy99atneal/previous/hwy99atneal-1.jpg,https://cwwp2.dot.ca.gov/data/d3/cctv/image/hwy99atneal/previous/hwy99atneal-2.jpg,https://cwwp2.dot.ca.gov/data/d3/cctv/image/hwy99atneal/previous/hwy99atneal-3.jpg,https://cwwp2.dot.ca.gov/data/d3/cctv/image/hwy99atneal/previous/hwy99atneal-4.jpg,https://cwwp2.dot.ca.gov/data/d3/cctv/image/hwy99atneal/previous/hwy99atneal-5.jpg,https://cwwp2.dot.ca.gov/data/d3/cctv/image/hwy99atneal/previous/hwy99atneal-6.jpg,https://cwwp2.dot.ca.gov/data/d3/cctv/image/hwy99atneal/previous/hwy99atneal-7.jpg,https://cwwp2.dot.ca.gov/data/d3/cctv/image/hwy99atneal/previous/hwy99atneal-8.jpg,https://cwwp2.dot.ca.gov/data/d3/cctv/image/hwy99atneal/previous/hwy99atneal-9.jpg,https://cwwp2.dot.ca.gov/data/d3/cctv/image/hwy99atneal/previous/hwy99atneal-10.jpg,https://cwwp2.dot.ca.gov/data/d3/cctv/image/hwy99atneal/previous/hwy99atneal-11.jpg,https://cwwp2.dot.ca.gov/data/d3/cctv/image/hwy99atneal/previous/hwy99atneal-12.jpg
155,2026-02-21,17:40:49,1771724449,3,"Hwy 51 at H St",Sacramento,-121.46668,38.57546,32,,Sacramento,SR-51,,,1.20,,1.20,true,,https://wzmedia.dot.ca.gov/D3/51_H_St_SAC51_SB.stream/playlist.m3u8,1,https://cwwp2.dot.ca.gov/data/d3/cctv/image/hwy51athst/hwy51athst.jpg,15,https://cwwp2.dot.ca.gov/data/d3/cctv/image/hwy51athst/previous/hwy51athst-1.jpg,https://cwwp2.dot.ca.gov/data/d3/cctv/image/hwy51athst/previous/hwy51athst-2.jpg,https://cwwp2.dot.ca.gov/data/d3/cctv/image/hwy51athst/previous/hwy51athst-3.jpg,https://cwwp2.dot.ca.gov/data/d3/cctv/image/hwy51athst/previous/hwy51athst-4.jpg,https://cwwp2.dot.ca.gov/data/d3/cctv/image/hwy51athst/previous/hwy51athst-5.jpg,https://cwwp2.dot.ca.gov/data/d3/cctv/image/hwy51athst/previous/hwy51athst-6.jpg,https://cwwp2.dot.ca.gov/data/d3/cctv/image/hwy51athst/previous/hwy51athst-7.jpg,https://cwwp2.dot.ca.gov/data/d3/cctv/image/hwy51athst/previous/hwy51athst-8.jpg,https://cwwp2.dot.ca.gov/data/d3/cctv/image/hwy51athst/previous/hwy51athst-9.jpg,https://cwwp2.dot.ca.gov/data/d3/cctv/image/hwy51athst/previous/hwy51athst-10.jpg,https://cwwp2.dot.ca.gov/data/d3/cctv/image/hwy51athst/previous/hwy51athst-11.jpg,https://cwwp2.dot.ca.gov/data/d3/cctv/image/hwy51athst/previous/hwy51athst-12.jpg
156,2026-02-16,17:32:21,1771291941,3,"Hwy 99 at 14th Ave",Sacramento,-121.47444,38.53909,22,,Sacramento,SR-99,,,22.99,,297.50,true,,https://wzmedia.dot.ca.gov/D3/99_14th_Ave_SAC99_SB.stream/playlist.m3u8,1,https://cwwp2.dot.ca.gov/data/d3/cctv/image/hwy99at14thave/hwy99at14thave.jpg,15,https://cwwp2.dot.ca.gov/data/d3/cctv/image/hwy99at14thave/previous/hwy99at14thave-1.jpg,https://cwwp2.dot.ca.gov/data/d3/cctv/image/hwy99at14thave/previous/hwy99at14thave-2.jpg,https://cwwp2.dot.ca.gov/data/d3/cctv/image/hwy99at14thave/previous/hwy99at14thave-3.jpg,https://cwwp2.dot.ca.gov/data/d3/cctv/image/hwy99at14thave/previous/hwy99at14thave-4.jpg,https://cwwp2.dot.ca.gov/data/d3/cctv/image/hwy99at14thave/previous/hwy99at14thave-5.jpg,https://cwwp2.dot.ca.gov/data/d3/cctv/image/hwy99at14thave/previous/hwy99at14thave-6.jpg,https://cwwp2.dot.ca.gov/data/d3/cctv/image/hwy99at14thave/previous/hwy99at14thave-7.jpg,https://cwwp2.dot.ca.gov/data/d3/cctv/image/hwy99at14thave/previous/hwy99at14thave-8.jpg,https://cwwp2.dot.ca.gov/data/d3/cctv/image/hwy99at14thave/previous/hwy99at14thave-9.jpg,https://cwwp2.dot.ca.gov/data/d3/cctv/image/hwy99at14thave/previous/hwy99at14thave-10.jpg,https://cwwp2.dot.ca.gov/data/d3/cctv/image/hwy99at14thave/previous/hwy99at14thave-11.jpg,https://cwwp2.dot.ca.gov/data/d3/cctv/image/hwy99at14thave/previous/hwy99at14thave-12.jpg
157,2025-08-24,23:37:56,1756103876,3,"Hwy 99 at Martin Luther King",Sacramento,-121.46579,38.51943,39,,Sacramento,SR-99,,,21.57,,296.08,true,,https://wzmedia.dot.ca.gov/D3/99_Martin_Luther_King_SAC99_SB.stream/playlist.m3u8,1,https://cwwp2.dot.ca.gov/data/d3/cctv/image/hwy99atmartinlutherking/hwy99atmartinlutherking.jpg,15,https://cwwp2.dot.ca.gov/data/d3/cctv/image/hwy99atmartinlutherking/previous/hwy99atmartinlutherking-1.jpg,https://cwwp2.dot.ca.gov/data/d3/cctv/image/hwy99atmartinlutherking/previous/hwy99atmartinlutherking-2.jpg,https://cwwp2.dot.ca.gov/data/d3/cctv/image/hwy99atmartinlutherking/previous/hwy99atmartinlutherking-3.jpg,https://cwwp2.dot.ca.gov/data/d3/cctv/image/hwy99atmartinlutherking/previous/hwy99atmartinlutherking-4.jpg,https://cwwp2.dot.ca.gov/data/d3/cctv/image/hwy99atmartinlutherking/previous/hwy99atmartinlutherking-5.jpg,https://cwwp2.dot.ca.gov/data/d3/cctv/image/hwy99atmartinlutherking/previous/hwy99atmartinlutherking-6.jpg,https://cwwp2.dot.ca.gov/data/d3/cctv/image/hwy99atmartinlutherking/previous/hwy99atmartinlutherking-7.jpg,https://cwwp2.dot.ca.gov/data/d3/cctv/image/hwy99atmartinlutherking/previous/hwy99atmartinlutherking-8.jpg,https://cwwp2.dot.ca.gov/data/d3/cctv/image/hwy99atmartinlutherking/previous/hwy99atmartinlutherking-9.jpg,https://cwwp2.dot.ca.gov/data/d3/cctv/image/hwy99atmartinlutherking/previous/hwy99atmartinlutherking-10.jpg,https://cwwp2.dot.ca.gov/data/d3/cctv/image/hwy99atmartinlutherking/previous/hwy99atmartinlutherking-11.jpg,https://cwwp2.dot.ca.gov/data/d3/cctv/image/hwy99atmartinlutherking/previous/hwy99atmartinlutherking-12.jpg
158,2024-04-08,15:08:41,1712614121,3,"Hwy 99 at Calvine","Elk Grove",-121.41135,38.45757,32,,Sacramento,SR-99,,,16.32,,290.83,true,,https://wzmedia.dot.ca.gov/D3/99_Calvine_Rd_JNO_SAC99_SB.stream/playlist.m3u8,1,https://cwwp2.dot.ca.gov/data/d3/cctv/image/hwy99atcalvine/hwy99atcalvine.jpg,15,https://cwwp2.dot.ca.gov/data/d3/cctv/image/hwy99atcalvine/previous/hwy99atcalvine-1.jpg,https://cwwp2.dot.ca.gov/data/d3/cctv/image/hwy99atcalvine/previous/hwy99atcalvine-2.jpg,https://cwwp2.dot.ca.gov/data/d3/cctv/image/hwy99atcalvine/previous/hwy99atcalvine-3.jpg,https://cwwp2.dot.ca.gov/data/d3/cctv/image/hwy99atcalvine/previous/hwy99atcalvine-4.jpg,https://cwwp2.dot.ca.gov/data/d3/cctv/image/hwy99atcalvine/previous/hwy99atcalvine-5.jpg,https://cwwp2.dot.ca.gov/data/d3/cctv/image/hwy99atcalvine/previous/hwy99atcalvine-6.jpg,https://cwwp2.dot.ca.gov/data/d3/cctv/image/hwy99atcalvine/previous/hwy99atcalvine-7.jpg,https://cwwp2.dot.ca.gov/data/d3/cctv/image/hwy99atcalvine/previous/hwy99atcalvine-8.jpg,https://cwwp2.dot.ca.gov/data/d3/cctv/image/hwy99atcalvine/previous/hwy99atcalvine-9.jpg,https://cwwp2.dot.ca.gov/data/d3/cctv/image/hwy99atcalvine/previous/hwy99atcalvine-10.jpg,https://cwwp2.dot.ca.gov/data/d3/cctv/image/hwy99atcalvine/previous/hwy99atcalvine-11.jpg,https://cwwp2.dot.ca.gov/data/d3/cctv/image/hwy99atcalvine/previous/hwy99atcalvine-12.jpg
160,2025-12-10,06:32:20,1765377140,3,"Hwy 80 at Reed","West Sacramento",-121.55276,38.59053,13,,Yolo,I-80,,R,11.12,,83.33,true,,https://wzmedia.dot.ca.gov/D3/80_Reed_Ave_UC_YOL80_EB.stream/playlist.m3u8,1,https://cwwp2.dot.ca.gov/data/d3/cctv/image/hwy80atreed/hwy80atreed.jpg,15,https://cwwp2.dot.ca.gov/data/d3/cctv/image/hwy80atreed/previous/hwy80atreed-1.jpg,https://cwwp2.dot.ca.gov/data/d3/cctv/image/hwy80atreed/previous/hwy80atreed-2.jpg,https://cwwp2.dot.ca.gov/data/d3/cctv/image/hwy80atreed/previous/hwy80atreed-3.jpg,https://cwwp2.dot.ca.gov/data/d3/cctv/image/hwy80atreed/previous/hwy80atreed-4.jpg,https://cwwp2.dot.ca.gov/data/d3/cctv/image/hwy80atreed/previous/hwy80atreed-5.jpg,https://cwwp2.dot.ca.gov/data/d3/cctv/image/hwy80atreed/previous/hwy80atreed-6.jpg,https://cwwp2.dot.ca.gov/data/d3/cctv/image/hwy80atreed/previous/hwy80atreed-7.jpg,https://cwwp2.dot.ca.gov/data/d3/cctv/image/hwy80atreed/previous/hwy80atreed-8.jpg,https://cwwp2.dot.ca.gov/data/d3/cctv/image/hwy80atreed/previous/hwy80atreed-9.jpg,https://cwwp2.dot.ca.gov/data/d3/cctv/image/hwy80atreed/previous/hwy80atreed-10.jpg,https://cwwp2.dot.ca.gov/data/d3/cctv/image/hwy80atreed/previous/hwy80atreed-11.jpg,https://cwwp2.dot.ca.gov/data/d3/cctv/image/hwy80atreed/previous/hwy80atreed-12.jpg
161,2023-04-17,14:29:58,1681766998,3,"Hwy 89 at Fairway Dr","Tahoe City",-120.1498,39.164,6286,,Placer,SR-89,,,8.89,,67.755,true,,https://wzmedia.dot.ca.gov/D3/89_Fairway_Dr_JWO_PLA89_NB.stream/playlist.m3u8,1,https://cwwp2.dot.ca.gov/data/d3/cctv/image/hwy89atfairwaydr/hwy89atfairwaydr.jpg,15,https://cwwp2.dot.ca.gov/data/d3/cctv/image/hwy89atfairwaydr/previous/hwy89atfairwaydr-1.jpg,https://cwwp2.dot.ca.gov/data/d3/cctv/image/hwy89atfairwaydr/previous/hwy89atfairwaydr-2.jpg,https://cwwp2.dot.ca.gov/data/d3/cctv/image/hwy89atfairwaydr/previous/hwy89atfairwaydr-3.jpg,https://cwwp2.dot.ca.gov/data/d3/cctv/image/hwy89atfairwaydr/previous/hwy89atfairwaydr-4.jpg,https://cwwp2.dot.ca.gov/data/d3/cctv/image/hwy89atfairwaydr/previous/hwy89atfairwaydr-5.jpg,https://cwwp2.dot.ca.gov/data/d3/cctv/image/hwy89atfairwaydr/previous/hwy89atfairwaydr-6.jpg,https://cwwp2.dot.ca.gov/data/d3/cctv/image/hwy89atfairwaydr/previous/hwy89atfairwaydr-7.jpg,https://cwwp2.dot.ca.gov/data/d3/cctv/image/hwy89atfairwaydr/previous/hwy89atfairwaydr-8.jpg,https://cwwp2.dot.ca.gov/data/d3/cctv/image/hwy89atfairwaydr/previous/hwy89atfairwaydr-9.jpg,https://cwwp2.dot.ca.gov/data/d3/cctv/image/hwy89atfairwaydr/previous/hwy89atfairwaydr-10.jpg,https://cwwp2.dot.ca.gov/data/d3/cctv/image/hwy89atfairwaydr/previous/hwy89atfairwaydr-11.jpg,https://cwwp2.dot.ca.gov/data/d3/cctv/image/hwy89atfairwaydr/previous/hwy89atfairwaydr-12.jpg
162,2025-10-30,12:22:07,1761852127,3,"Hwy 89 at Granlibakken","Tahoe City",-120.1447,39.16170,6256,,Placer,SR-89,,,8.13,,66.93,true,,https://wzmedia.dot.ca.gov/D3/89_Granlibakken_Rd_JNO_PLA89_NB.stream/playlist.m3u8,1,https://cwwp2.dot.ca.gov/data/d3/cctv/image/hwy89atgranlibakken/hwy89atgranlibakken.jpg,15,https://cwwp2.dot.ca.gov/data/d3/cctv/image/hwy89atgranlibakken/previous/hwy89atgranlibakken-1.jpg,https://cwwp2.dot.ca.gov/data/d3/cctv/image/hwy89atgranlibakken/previous/hwy89atgranlibakken-2.jpg,https://cwwp2.dot.ca.gov/data/d3/cctv/image/hwy89atgranlibakken/previous/hwy89atgranlibakken-3.jpg,https://cwwp2.dot.ca.gov/data/d3/cctv/image/hwy89atgranlibakken/previous/hwy89atgranlibakken-4.jpg,https://cwwp2.dot.ca.gov/data/d3/cctv/image/hwy89atgranlibakken/previous/hwy89atgranlibakken-5.jpg,https://cwwp2.dot.ca.gov/data/d3/cctv/image/hwy89atgranlibakken/previous/hwy89atgranlibakken-6.jpg,https://cwwp2.dot.ca.gov/data/d3/cctv/image/hwy89atgranlibakken/previous/hwy89atgranlibakken-7.jpg,https://cwwp2.dot.ca.gov/data/d3/cctv/image/hwy89atgranlibakken/previous/hwy89atgranlibakken-8.jpg,https://cwwp2.dot.ca.gov/data/d3/cctv/image/hwy89atgranlibakken/previous/hwy89atgranlibakken-9.jpg,https://cwwp2.dot.ca.gov/data/d3/cctv/image/hwy89atgranlibakken/previous/hwy89atgranlibakken-10.jpg,https://cwwp2.dot.ca.gov/data/d3/cctv/image/hwy89atgranlibakken/previous/hwy89atgranlibakken-11.jpg,https://cwwp2.dot.ca.gov/data/d3/cctv/image/hwy89atgranlibakken/previous/hwy89atgranlibakken-12.jpg
163,2025-10-30,15:05:38,1761861938,3,"Hwy 128 at Main St (Winters)",Winters,-121.98216,38.52104,131,,Yolo,SR-128,,,8.11,,120.59,true,,https://wzmedia.dot.ca.gov/D3/128_Main_St_JWO_YOL128_WB.stream/playlist.m3u8,1,https://cwwp2.dot.ca.gov/data/d3/cctv/image/hwy128atmainstwinters/hwy128atmainstwinters.jpg,15,https://cwwp2.dot.ca.gov/data/d3/cctv/image/hwy128atmainstwinters/previous/hwy128atmainstwinters-1.jpg,https://cwwp2.dot.ca.gov/data/d3/cctv/image/hwy128atmainstwinters/previous/hwy128atmainstwinters-2.jpg,https://cwwp2.dot.ca.gov/data/d3/cctv/image/hwy128atmainstwinters/previous/hwy128atmainstwinters-3.jpg,https://cwwp2.dot.ca.gov/data/d3/cctv/image/hwy128atmainstwinters/previous/hwy128atmainstwinters-4.jpg,https://cwwp2.dot.ca.gov/data/d3/cctv/image/hwy128atmainstwinters/previous/hwy128atmainstwinters-5.jpg,https://cwwp2.dot.ca.gov/data/d3/cctv/image/hwy128atmainstwinters/previous/hwy128atmainstwinters-6.jpg,https://cwwp2.dot.ca.gov/data/d3/cctv/image/hwy128atmainstwinters/previous/hwy128atmainstwinters-7.jpg,https://cwwp2.dot.ca.gov/data/d3/cctv/image/hwy128atmainstwinters/previous/hwy128atmainstwinters-8.jpg,https://cwwp2.dot.ca.gov/data/d3/cctv/image/hwy128atmainstwinters/previous/hwy128atmainstwinters-9.jpg,https://cwwp2.dot.ca.gov/data/d3/cctv/image/hwy128atmainstwinters/previous/hwy128atmainstwinters-10.jpg,https://cwwp2.dot.ca.gov/data/d3/cctv/image/hwy128atmainstwinters/previous/hwy128atmainstwinters-11.jpg,https://cwwp2.dot.ca.gov/data/d3/cctv/image/hwy128atmainstwinters/previous/hwy128atmainstwinters-12.jpg
179,2024-12-12,13:55:56,1734040556,3,"Hwy 12 at Rio Vista Bridge East","Rio Vista",-121.67937,38.15654,9,,Sacramento,SR-12,,,0.38,,63.98,true,,https://wzmedia.dot.ca.gov/D3/12_Rio_Vista_Bridge_SAC12_EB.stream/playlist.m3u8,1,https://cwwp2.dot.ca.gov/data/d3/cctv/image/hwy12atriovistabridgeeast/hwy12atriovistabridgeeast.jpg,15,https://cwwp2.dot.ca.gov/data/d3/cctv/image/hwy12atriovistabridgeeast/previous/hwy12atriovistabridgeeast-1.jpg,https://cwwp2.dot.ca.gov/data/d3/cctv/image/hwy12atriovistabridgeeast/previous/hwy12atriovistabridgeeast-2.jpg,https://cwwp2.dot.ca.gov/data/d3/cctv/image/hwy12atriovistabridgeeast/previous/hwy12atriovistabridgeeast-3.jpg,https://cwwp2.dot.ca.gov/data/d3/cctv/image/hwy12atriovistabridgeeast/previous/hwy12atriovistabridgeeast-4.jpg,https://cwwp2.dot.ca.gov/data/d3/cctv/image/hwy12atriovistabridgeeast/previous/hwy12atriovistabridgeeast-5.jpg,https://cwwp2.dot.ca.gov/data/d3/cctv/image/hwy12atriovistabridgeeast/previous/hwy12atriovistabridgeeast-6.jpg,https://cwwp2.dot.ca.gov/data/d3/cctv/image/hwy12atriovistabridgeeast/previous/hwy12atriovistabridgeeast-7.jpg,https://cwwp2.dot.ca.gov/data/d3/cctv/image/hwy12atriovistabridgeeast/previous/hwy12atriovistabridgeeast-8.jpg,https://cwwp2.dot.ca.gov/data/d3/cctv/image/hwy12atriovistabridgeeast/previous/hwy12atriovistabridgeeast-9.jpg,https://cwwp2.dot.ca.gov/data/d3/cctv/image/hwy12atriovistabridgeeast/previous/hwy12atriovistabridgeeast-10.jpg,https://cwwp2.dot.ca.gov/data/d3/cctv/image/hwy12atriovistabridgeeast/previous/hwy12atriovistabridgeeast-11.jpg,https://cwwp2.dot.ca.gov/data/d3/cctv/image/hwy12atriovistabridgeeast/previous/hwy12atriovistabridgeeast-12.jpg
182,2025-10-27,15:14:54,1761603294,3,"Hwy 49 at Pleasant Valley","Diamond Springs",-120.813169,38.695034,200,West,"El Dorado",SR-49,,,11.867,,144.877,true,,https://wzmedia.dot.ca.gov/D3/49_Pleasant_Valley_ED49_NB.stream/playlist.m3u8,1,https://cwwp2.dot.ca.gov/data/d3/cctv/image/hwy49atpleasantvalley/hwy49atpleasantvalley.jpg,15,https://cwwp2.dot.ca.gov/data/d3/cctv/image/hwy49atpleasantvalley/previous/hwy49atpleasantvalley-1.jpg,https://cwwp2.dot.ca.gov/data/d3/cctv/image/hwy49atpleasantvalley/previous/hwy49atpleasantvalley-2.jpg,https://cwwp2.dot.ca.gov/data/d3/cctv/image/hwy49atpleasantvalley/previous/hwy49atpleasantvalley-3.jpg,https://cwwp2.dot.ca.gov/data/d3/cctv/image/hwy49atpleasantvalley/previous/hwy49atpleasantvalley-4.jpg,https://cwwp2.dot.ca.gov/data/d3/cctv/image/hwy49atpleasantvalley/previous/hwy49atpleasantvalley-5.jpg,https://cwwp2.dot.ca.gov/data/d3/cctv/image/hwy49atpleasantvalley/previous/hwy49atpleasantvalley-6.jpg,https://cwwp2.dot.ca.gov/data/d3/cctv/image/hwy49atpleasantvalley/previous/hwy49atpleasantvalley-7.jpg,https://cwwp2.dot.ca.gov/data/d3/cctv/image/hwy49atpleasantvalley/previous/hwy49atpleasantvalley-8.jpg,https://cwwp2.dot.ca.gov/data/d3/cctv/image/hwy49atpleasantvalley/previous/hwy49atpleasantvalley-9.jpg,https://cwwp2.dot.ca.gov/data/d3/cctv/image/hwy49atpleasantvalley/previous/hwy49atpleasantvalley-10.jpg,https://cwwp2.dot.ca.gov/data/d3/cctv/image/hwy49atpleasantvalley/previous/hwy49atpleasantvalley-11.jpg,https://cwwp2.dot.ca.gov/data/d3/cctv/image/hwy49atpleasantvalley/previous/hwy49atpleasantvalley-12.jpg
183,2025-12-11,14:16:51,1765491411,3,"Hwy 160 at Sherman Island Rd","Rio Vista",-121.732872,38.077950,-13,,Sacramento,SR-160,,L,4.012,,6.678,true,,https://wzmedia.dot.ca.gov/D3/160_W_Sherman_Island_Rd_JSO_SAC160_NB.stream/playlist.m3u8,1,https://cwwp2.dot.ca.gov/data/d3/cctv/image/hwy160atshermanislandrd/hwy160atshermanislandrd.jpg,15,https://cwwp2.dot.ca.gov/data/d3/cctv/image/hwy160atshermanislandrd/previous/hwy160atshermanislandrd-1.jpg,https://cwwp2.dot.ca.gov/data/d3/cctv/image/hwy160atshermanislandrd/previous/hwy160atshermanislandrd-2.jpg,https://cwwp2.dot.ca.gov/data/d3/cctv/image/hwy160atshermanislandrd/previous/hwy160atshermanislandrd-3.jpg,https://cwwp2.dot.ca.gov/data/d3/cctv/image/hwy160atshermanislandrd/previous/hwy160atshermanislandrd-4.jpg,https://cwwp2.dot.ca.gov/data/d3/cctv/image/hwy160atshermanislandrd/previous/hwy160atshermanislandrd-5.jpg,https://cwwp2.dot.ca.gov/data/d3/cctv/image/hwy160atshermanislandrd/previous/hwy160atshermanislandrd-6.jpg,https://cwwp2.dot.ca.gov/data/d3/cctv/image/hwy160atshermanislandrd/previous/hwy160atshermanislandrd-7.jpg,https://cwwp2.dot.ca.gov/data/d3/cctv/image/hwy160atshermanislandrd/previous/hwy160atshermanislandrd-8.jpg,https://cwwp2.dot.ca.gov/data/d3/cctv/image/hwy160atshermanislandrd/previous/hwy160atshermanislandrd-9.jpg,https://cwwp2.dot.ca.gov/data/d3/cctv/image/hwy160atshermanislandrd/previous/hwy160atshermanislandrd-10.jpg,https://cwwp2.dot.ca.gov/data/d3/cctv/image/hwy160atshermanislandrd/previous/hwy160atshermanislandrd-11.jpg,https://cwwp2.dot.ca.gov/data/d3/cctv/image/hwy160atshermanislandrd/previous/hwy160atshermanislandrd-12.jpg
184,2023-04-04,13:08:16,1680638896,3,"Hwy 50 at Canal St",Placerville,-120.80793839044719,38.728448363651644,1840,West,"El Dorado",US-50,,,17.5,,46.039,true,,https://wzmedia.dot.ca.gov/D3/50_Canal_St_JWO_ED50_WB.stream/playlist.m3u8,1,https://cwwp2.dot.ca.gov/data/d3/cctv/image/hwy50atcanalst/hwy50atcanalst.jpg,15,https://cwwp2.dot.ca.gov/data/d3/cctv/image/hwy50atcanalst/previous/hwy50atcanalst-1.jpg,https://cwwp2.dot.ca.gov/data/d3/cctv/image/hwy50atcanalst/previous/hwy50atcanalst-2.jpg,https://cwwp2.dot.ca.gov/data/d3/cctv/image/hwy50atcanalst/previous/hwy50atcanalst-3.jpg,https://cwwp2.dot.ca.gov/data/d3/cctv/image/hwy50atcanalst/previous/hwy50atcanalst-4.jpg,https://cwwp2.dot.ca.gov/data/d3/cctv/image/hwy50atcanalst/previous/hwy50atcanalst-5.jpg,https://cwwp2.dot.ca.gov/data/d3/cctv/image/hwy50atcanalst/previous/hwy50atcanalst-6.jpg,https://cwwp2.dot.ca.gov/data/d3/cctv/image/hwy50atcanalst/previous/hwy50atcanalst-7.jpg,https://cwwp2.dot.ca.gov/data/d3/cctv/image/hwy50atcanalst/previous/hwy50atcanalst-8.jpg,https://cwwp2.dot.ca.gov/data/d3/cctv/image/hwy50atcanalst/previous/hwy50atcanalst-9.jpg,https://cwwp2.dot.ca.gov/data/d3/cctv/image/hwy50atcanalst/previous/hwy50atcanalst-10.jpg,https://cwwp2.dot.ca.gov/data/d3/cctv/image/hwy50atcanalst/previous/hwy50atcanalst-11.jpg,https://cwwp2.dot.ca.gov/data/d3/cctv/image/hwy50atcanalst/previous/hwy50atcanalst-12.jpg
185,2024-03-31,00:07:13,1711868833,3,"Hwy 50 at Bedford",Placerville,-120.79934,38.73059,1876,West,"El Dorado",US-50,,,18.015,,46.554,true,,https://wzmedia.dot.ca.gov/D3/50_Bedford_Ave_ED50_WB.stream/playlist.m3u8,1,https://cwwp2.dot.ca.gov/data/d3/cctv/image/hwy50atbedford/hwy50atbedford.jpg,15,https://cwwp2.dot.ca.gov/data/d3/cctv/image/hwy50atbedford/previous/hwy50atbedford-1.jpg,https://cwwp2.dot.ca.gov/data/d3/cctv/image/hwy50atbedford/previous/hwy50atbedford-2.jpg,https://cwwp2.dot.ca.gov/data/d3/cctv/image/hwy50atbedford/previous/hwy50atbedford-3.jpg,https://cwwp2.dot.ca.gov/data/d3/cctv/image/hwy50atbedford/previous/hwy50atbedford-4.jpg,https://cwwp2.dot.ca.gov/data/d3/cctv/image/hwy50atbedford/previous/hwy50atbedford-5.jpg,https://cwwp2.dot.ca.gov/data/d3/cctv/image/hwy50atbedford/previous/hwy50atbedford-6.jpg,https://cwwp2.dot.ca.gov/data/d3/cctv/image/hwy50atbedford/previous/hwy50atbedford-7.jpg,https://cwwp2.dot.ca.gov/data/d3/cctv/image/hwy50atbedford/previous/hwy50atbedford-8.jpg,https://cwwp2.dot.ca.gov/data/d3/cctv/image/hwy50atbedford/previous/hwy50atbedford-9.jpg,https://cwwp2.dot.ca.gov/data/d3/cctv/image/hwy50atbedford/previous/hwy50atbedford-10.jpg,https://cwwp2.dot.ca.gov/data/d3/cctv/image/hwy50atbedford/previous/hwy50atbedford-11.jpg,https://cwwp2.dot.ca.gov/data/d3/cctv/image/hwy50atbedford/previous/hwy50atbedford-12.jpg
187,2025-06-17,11:41:26,1750185686,3,"Hwy 50 at Silva_Valley_ED50_WB","El Dorado Hills",-121.05564,38.65829,725,,"El Dorado",US-50,,R,1.762,L,30.568,true,,https://wzmedia.dot.ca.gov/D3/50_Silva_Valley_ED50_WB.stream/playlist.m3u8,1,https://cwwp2.dot.ca.gov/data/d3/cctv/image/hwy50atsilvavalleyed50wb/hwy50atsilvavalleyed50wb.jpg,15,https://cwwp2.dot.ca.gov/data/d3/cctv/image/hwy50atsilvavalleyed50wb/previous/hwy50atsilvavalleyed50wb-1.jpg,https://cwwp2.dot.ca.gov/data/d3/cctv/image/hwy50atsilvavalleyed50wb/previous/hwy50atsilvavalleyed50wb-2.jpg,https://cwwp2.dot.ca.gov/data/d3/cctv/image/hwy50atsilvavalleyed50wb/previous/hwy50atsilvavalleyed50wb-3.jpg,https://cwwp2.dot.ca.gov/data/d3/cctv/image/hwy50atsilvavalleyed50wb/previous/hwy50atsilvavalleyed50wb-4.jpg,https://cwwp2.dot.ca.gov/data/d3/cctv/image/hwy50atsilvavalleyed50wb/previous/hwy50atsilvavalleyed50wb-5.jpg,https://cwwp2.dot.ca.gov/data/d3/cctv/image/hwy50atsilvavalleyed50wb/previous/hwy50atsilvavalleyed50wb-6.jpg,https://cwwp2.dot.ca.gov/data/d3/cctv/image/hwy50atsilvavalleyed50wb/previous/hwy50atsilvavalleyed50wb-7.jpg,https://cwwp2.dot.ca.gov/data/d3/cctv/image/hwy50atsilvavalleyed50wb/previous/hwy50atsilvavalleyed50wb-8.jpg,https://cwwp2.dot.ca.gov/data/d3/cctv/image/hwy50atsilvavalleyed50wb/previous/hwy50atsilvavalleyed50wb-9.jpg,https://cwwp2.dot.ca.gov/data/d3/cctv/image/hwy50atsilvavalleyed50wb/previous/hwy50atsilvavalleyed50wb-10.jpg,https://cwwp2.dot.ca.gov/data/d3/cctv/image/hwy50atsilvavalleyed50wb/previous/hwy50atsilvavalleyed50wb-11.jpg,https://cwwp2.dot.ca.gov/data/d3/cctv/image/hwy50atsilvavalleyed50wb/previous/hwy50atsilvavalleyed50wb-12.jpg
188,2025-09-26,12:05:35,1758913535,3,"Hwy 80 at Truckee Scales WB",Truckee,-120.12443,39.36354,5820,,Nevada,I-80,,,19.625,L,190.393,true,,https://wzmedia.dot.ca.gov/D3/80_Truckee_Scales_JEO_NEV80_WB.stream/playlist.m3u8,1,https://cwwp2.dot.ca.gov/data/d3/cctv/image/hwy80attruckeescaleswb/hwy80attruckeescaleswb.jpg,15,https://cwwp2.dot.ca.gov/data/d3/cctv/image/hwy80attruckeescaleswb/previous/hwy80attruckeescaleswb-1.jpg,https://cwwp2.dot.ca.gov/data/d3/cctv/image/hwy80attruckeescaleswb/previous/hwy80attruckeescaleswb-2.jpg,https://cwwp2.dot.ca.gov/data/d3/cctv/image/hwy80attruckeescaleswb/previous/hwy80attruckeescaleswb-3.jpg,https://cwwp2.dot.ca.gov/data/d3/cctv/image/hwy80attruckeescaleswb/previous/hwy80attruckeescaleswb-4.jpg,https://cwwp2.dot.ca.gov/data/d3/cctv/image/hwy80attruckeescaleswb/previous/hwy80attruckeescaleswb-5.jpg,https://cwwp2.dot.ca.gov/data/d3/cctv/image/hwy80attruckeescaleswb/previous/hwy80attruckeescaleswb-6.jpg,https://cwwp2.dot.ca.gov/data/d3/cctv/image/hwy80attruckeescaleswb/previous/hwy80attruckeescaleswb-7.jpg,https://cwwp2.dot.ca.gov/data/d3/cctv/image/hwy80attruckeescaleswb/previous/hwy80attruckeescaleswb-8.jpg,https://cwwp2.dot.ca.gov/data/d3/cctv/image/hwy80attruckeescaleswb/previous/hwy80attruckeescaleswb-9.jpg,https://cwwp2.dot.ca.gov/data/d3/cctv/image/hwy80attruckeescaleswb/previous/hwy80attruckeescaleswb-10.jpg,https://cwwp2.dot.ca.gov/data/d3/cctv/image/hwy80attruckeescaleswb/previous/hwy80attruckeescaleswb-11.jpg,https://cwwp2.dot.ca.gov/data/d3/cctv/image/hwy80attruckeescaleswb/previous/hwy80attruckeescaleswb-12.jpg
189,2024-07-10,11:05:48,1720634748,3,"Hwy 50 at Missouri Flat 1",Placerville,-120.83915,38.71102,1758,East,"El Dorado",US-50,,R,15.043,R,43.582,true,,https://wzmedia.dot.ca.gov/D3/50_Missouri_Flat_OC_ED50_EB_1.stream/playlist.m3u8,1,https://cwwp2.dot.ca.gov/data/d3/cctv/image/hwy50atmissouriflat1/hwy50atmissouriflat1.jpg,15,https://cwwp2.dot.ca.gov/data/d3/cctv/image/hwy50atmissouriflat1/previous/hwy50atmissouriflat1-1.jpg,https://cwwp2.dot.ca.gov/data/d3/cctv/image/hwy50atmissouriflat1/previous/hwy50atmissouriflat1-2.jpg,https://cwwp2.dot.ca.gov/data/d3/cctv/image/hwy50atmissouriflat1/previous/hwy50atmissouriflat1-3.jpg,https://cwwp2.dot.ca.gov/data/d3/cctv/image/hwy50atmissouriflat1/previous/hwy50atmissouriflat1-4.jpg,https://cwwp2.dot.ca.gov/data/d3/cctv/image/hwy50atmissouriflat1/previous/hwy50atmissouriflat1-5.jpg,https://cwwp2.dot.ca.gov/data/d3/cctv/image/hwy50atmissouriflat1/previous/hwy50atmissouriflat1-6.jpg,https://cwwp2.dot.ca.gov/data/d3/cctv/image/hwy50atmissouriflat1/previous/hwy50atmissouriflat1-7.jpg,https://cwwp2.dot.ca.gov/data/d3/cctv/image/hwy50atmissouriflat1/previous/hwy50atmissouriflat1-8.jpg,https://cwwp2.dot.ca.gov/data/d3/cctv/image/hwy50atmissouriflat1/previous/hwy50atmissouriflat1-9.jpg,https://cwwp2.dot.ca.gov/data/d3/cctv/image/hwy50atmissouriflat1/previous/hwy50atmissouriflat1-10.jpg,https://cwwp2.dot.ca.gov/data/d3/cctv/image/hwy50atmissouriflat1/previous/hwy50atmissouriflat1-11.jpg,https://cwwp2.dot.ca.gov/data/d3/cctv/image/hwy50atmissouriflat1/previous/hwy50atmissouriflat1-12.jpg
190,2024-07-10,11:06:39,1720634799,3,"Hwy 50 at Missouri Flat 2",Placerville,-120.839178,38.711022,1758,East,"El Dorado",US-50,,R,15.043,R,43.582,true,,https://wzmedia.dot.ca.gov/D3/50_Missouri_Flat_OC_ED50_EB_2.stream/playlist.m3u8,1,https://cwwp2.dot.ca.gov/data/d3/cctv/image/hwy50atmissouriflat2/hwy50atmissouriflat2.jpg,15,https://cwwp2.dot.ca.gov/data/d3/cctv/image/hwy50atmissouriflat2/previous/hwy50atmissouriflat2-1.jpg,https://cwwp2.dot.ca.gov/data/d3/cctv/image/hwy50atmissouriflat2/previous/hwy50atmissouriflat2-2.jpg,https://cwwp2.dot.ca.gov/data/d3/cctv/image/hwy50atmissouriflat2/previous/hwy50atmissouriflat2-3.jpg,https://cwwp2.dot.ca.gov/data/d3/cctv/image/hwy50atmissouriflat2/previous/hwy50atmissouriflat2-4.jpg,https://cwwp2.dot.ca.gov/data/d3/cctv/image/hwy50atmissouriflat2/previous/hwy50atmissouriflat2-5.jpg,https://cwwp2.dot.ca.gov/data/d3/cctv/image/hwy50atmissouriflat2/previous/hwy50atmissouriflat2-6.jpg,https://cwwp2.dot.ca.gov/data/d3/cctv/image/hwy50atmissouriflat2/previous/hwy50atmissouriflat2-7.jpg,https://cwwp2.dot.ca.gov/data/d3/cctv/image/hwy50atmissouriflat2/previous/hwy50atmissouriflat2-8.jpg,https://cwwp2.dot.ca.gov/data/d3/cctv/image/hwy50atmissouriflat2/previous/hwy50atmissouriflat2-9.jpg,https://cwwp2.dot.ca.gov/data/d3/cctv/image/hwy50atmissouriflat2/previous/hwy50atmissouriflat2-10.jpg,https://cwwp2.dot.ca.gov/data/d3/cctv/image/hwy50atmissouriflat2/previous/hwy50atmissouriflat2-11.jpg,https://cwwp2.dot.ca.gov/data/d3/cctv/image/hwy50atmissouriflat2/previous/hwy50atmissouriflat2-12.jpg
192,2024-12-30,13:45:28,1735595128,3,"Hwy 50 at Ponderosa 2","Shingle Springs",-120.93578,38.66352,1509,,"El Dorado",US-50,,R,8.681,L,37.224,true,,https://wzmedia.dot.ca.gov/D3/50_Ponderosa_Rd_ED50_WB_2.stream/playlist.m3u8,1,https://cwwp2.dot.ca.gov/data/d3/cctv/image/hwy50atponderosa2/hwy50atponderosa2.jpg,15,https://cwwp2.dot.ca.gov/data/d3/cctv/image/hwy50atponderosa2/previous/hwy50atponderosa2-1.jpg,https://cwwp2.dot.ca.gov/data/d3/cctv/image/hwy50atponderosa2/previous/hwy50atponderosa2-2.jpg,https://cwwp2.dot.ca.gov/data/d3/cctv/image/hwy50atponderosa2/previous/hwy50atponderosa2-3.jpg,https://cwwp2.dot.ca.gov/data/d3/cctv/image/hwy50atponderosa2/previous/hwy50atponderosa2-4.jpg,https://cwwp2.dot.ca.gov/data/d3/cctv/image/hwy50atponderosa2/previous/hwy50atponderosa2-5.jpg,https://cwwp2.dot.ca.gov/data/d3/cctv/image/hwy50atponderosa2/previous/hwy50atponderosa2-6.jpg,https://cwwp2.dot.ca.gov/data/d3/cctv/image/hwy50atponderosa2/previous/hwy50atponderosa2-7.jpg,https://cwwp2.dot.ca.gov/data/d3/cctv/image/hwy50atponderosa2/previous/hwy50atponderosa2-8.jpg,https://cwwp2.dot.ca.gov/data/d3/cctv/image/hwy50atponderosa2/previous/hwy50atponderosa2-9.jpg,https://cwwp2.dot.ca.gov/data/d3/cctv/image/hwy50atponderosa2/previous/hwy50atponderosa2-10.jpg,https://cwwp2.dot.ca.gov/data/d3/cctv/image/hwy50atponderosa2/previous/hwy50atponderosa2-11.jpg,https://cwwp2.dot.ca.gov/data/d3/cctv/image/hwy50atponderosa2/previous/hwy50atponderosa2-12.jpg
193,2024-12-30,13:49:33,1735595373,3,"Hwy 50 at Ponderosa 1","Shingle Springs",-120.93579,38.66352,1509,,"El Dorado",US-50,,R,8.681,L,37.224,true,,https://wzmedia.dot.ca.gov/D3/50_Ponderosa_Rd_ED50_WB_1.stream/playlist.m3u8,1,https://cwwp2.dot.ca.gov/data/d3/cctv/image/hwy50atponderosa1/hwy50atponderosa1.jpg,15,https://cwwp2.dot.ca.gov/data/d3/cctv/image/hwy50atponderosa1/previous/hwy50atponderosa1-1.jpg,https://cwwp2.dot.ca.gov/data/d3/cctv/image/hwy50atponderosa1/previous/hwy50atponderosa1-2.jpg,https://cwwp2.dot.ca.gov/data/d3/cctv/image/hwy50atponderosa1/previous/hwy50atponderosa1-3.jpg,https://cwwp2.dot.ca.gov/data/d3/cctv/image/hwy50atponderosa1/previous/hwy50atponderosa1-4.jpg,https://cwwp2.dot.ca.gov/data/d3/cctv/image/hwy50atponderosa1/previous/hwy50atponderosa1-5.jpg,https://cwwp2.dot.ca.gov/data/d3/cctv/image/hwy50atponderosa1/previous/hwy50atponderosa1-6.jpg,https://cwwp2.dot.ca.gov/data/d3/cctv/image/hwy50atponderosa1/previous/hwy50atponderosa1-7.jpg,https://cwwp2.dot.ca.gov/data/d3/cctv/image/hwy50atponderosa1/previous/hwy50atponderosa1-8.jpg,https://cwwp2.dot.ca.gov/data/d3/cctv/image/hwy50atponderosa1/previous/hwy50atponderosa1-9.jpg,https://cwwp2.dot.ca.gov/data/d3/cctv/image/hwy50atponderosa1/previous/hwy50atponderosa1-10.jpg,https://cwwp2.dot.ca.gov/data/d3/cctv/image/hwy50atponderosa1/previous/hwy50atponderosa1-11.jpg,https://cwwp2.dot.ca.gov/data/d3/cctv/image/hwy50atponderosa1/previous/hwy50atponderosa1-12.jpg
194,2023-04-20,14:13:16,1682025196,3,"Hwy 99 at Southgate 1",Chico,-121.785848,39.701535,223,,Butte,SR-99,,,29.389,R,374.212,true,,https://wzmedia.dot.ca.gov/D3/99_Southgate_Ln_BUT99_NB_1.stream/playlist.m3u8,1,https://cwwp2.dot.ca.gov/data/d3/cctv/image/hwy99atsouthgate1/hwy99atsouthgate1.jpg,15,https://cwwp2.dot.ca.gov/data/d3/cctv/image/hwy99atsouthgate1/previous/hwy99atsouthgate1-1.jpg,https://cwwp2.dot.ca.gov/data/d3/cctv/image/hwy99atsouthgate1/previous/hwy99atsouthgate1-2.jpg,https://cwwp2.dot.ca.gov/data/d3/cctv/image/hwy99atsouthgate1/previous/hwy99atsouthgate1-3.jpg,https://cwwp2.dot.ca.gov/data/d3/cctv/image/hwy99atsouthgate1/previous/hwy99atsouthgate1-4.jpg,https://cwwp2.dot.ca.gov/data/d3/cctv/image/hwy99atsouthgate1/previous/hwy99atsouthgate1-5.jpg,https://cwwp2.dot.ca.gov/data/d3/cctv/image/hwy99atsouthgate1/previous/hwy99atsouthgate1-6.jpg,https://cwwp2.dot.ca.gov/data/d3/cctv/image/hwy99atsouthgate1/previous/hwy99atsouthgate1-7.jpg,https://cwwp2.dot.ca.gov/data/d3/cctv/image/hwy99atsouthgate1/previous/hwy99atsouthgate1-8.jpg,https://cwwp2.dot.ca.gov/data/d3/cctv/image/hwy99atsouthgate1/previous/hwy99atsouthgate1-9.jpg,https://cwwp2.dot.ca.gov/data/d3/cctv/image/hwy99atsouthgate1/previous/hwy99atsouthgate1-10.jpg,https://cwwp2.dot.ca.gov/data/d3/cctv/image/hwy99atsouthgate1/previous/hwy99atsouthgate1-11.jpg,https://cwwp2.dot.ca.gov/data/d3/cctv/image/hwy99atsouthgate1/previous/hwy99atsouthgate1-12.jpg
195,2023-04-20,14:13:45,1682025225,3,"Hwy 99 at Southgate 2",Chico,-121.785848,39.701535,223,,Butte,SR-99,,,29.389,R,374.212,true,,https://wzmedia.dot.ca.gov/D3/99_Southgate_Ln_BUT99_NB_2.stream/playlist.m3u8,1,https://cwwp2.dot.ca.gov/data/d3/cctv/image/hwy99atsouthgate2/hwy99atsouthgate2.jpg,15,https://cwwp2.dot.ca.gov/data/d3/cctv/image/hwy99atsouthgate2/previous/hwy99atsouthgate2-1.jpg,https://cwwp2.dot.ca.gov/data/d3/cctv/image/hwy99atsouthgate2/previous/hwy99atsouthgate2-2.jpg,https://cwwp2.dot.ca.gov/data/d3/cctv/image/hwy99atsouthgate2/previous/hwy99atsouthgate2-3.jpg,https://cwwp2.dot.ca.gov/data/d3/cctv/image/hwy99atsouthgate2/previous/hwy99atsouthgate2-4.jpg,https://cwwp2.dot.ca.gov/data/d3/cctv/image/hwy99atsouthgate2/previous/hwy99atsouthgate2-5.jpg,https://cwwp2.dot.ca.gov/data/d3/cctv/image/hwy99atsouthgate2/previous/hwy99atsouthgate2-6.jpg,https://cwwp2.dot.ca.gov/data/d3/cctv/image/hwy99atsouthgate2/previous/hwy99atsouthgate2-7.jpg,https://cwwp2.dot.ca.gov/data/d3/cctv/image/hwy99atsouthgate2/previous/hwy99atsouthgate2-8.jpg,https://cwwp2.dot.ca.gov/data/d3/cctv/image/hwy99atsouthgate2/previous/hwy99atsouthgate2-9.jpg,https://cwwp2.dot.ca.gov/data/d3/cctv/image/hwy99atsouthgate2/previous/hwy99atsouthgate2-10.jpg,https://cwwp2.dot.ca.gov/data/d3/cctv/image/hwy99atsouthgate2/previous/hwy99atsouthgate2-11.jpg,https://cwwp2.dot.ca.gov/data/d3/cctv/image/hwy99atsouthgate2/previous/hwy99atsouthgate2-12.jpg
196,2024-11-07,17:53:26,1731030806,3,"Hwy 99 at Skyway 1",Chico,-121.800321,39.715094,223,,Butte,SR-99,,R,30.611,R,375.434,true,,https://wzmedia.dot.ca.gov/D3/99_Skyway_BUT99_NB_1.stream/playlist.m3u8,1,https://cwwp2.dot.ca.gov/data/d3/cctv/image/hwy99atskyway1/hwy99atskyway1.jpg,15,https://cwwp2.dot.ca.gov/data/d3/cctv/image/hwy99atskyway1/previous/hwy99atskyway1-1.jpg,https://cwwp2.dot.ca.gov/data/d3/cctv/image/hwy99atskyway1/previous/hwy99atskyway1-2.jpg,https://cwwp2.dot.ca.gov/data/d3/cctv/image/hwy99atskyway1/previous/hwy99atskyway1-3.jpg,https://cwwp2.dot.ca.gov/data/d3/cctv/image/hwy99atskyway1/previous/hwy99atskyway1-4.jpg,https://cwwp2.dot.ca.gov/data/d3/cctv/image/hwy99atskyway1/previous/hwy99atskyway1-5.jpg,https://cwwp2.dot.ca.gov/data/d3/cctv/image/hwy99atskyway1/previous/hwy99atskyway1-6.jpg,https://cwwp2.dot.ca.gov/data/d3/cctv/image/hwy99atskyway1/previous/hwy99atskyway1-7.jpg,https://cwwp2.dot.ca.gov/data/d3/cctv/image/hwy99atskyway1/previous/hwy99atskyway1-8.jpg,https://cwwp2.dot.ca.gov/data/d3/cctv/image/hwy99atskyway1/previous/hwy99atskyway1-9.jpg,https://cwwp2.dot.ca.gov/data/d3/cctv/image/hwy99atskyway1/previous/hwy99atskyway1-10.jpg,https://cwwp2.dot.ca.gov/data/d3/cctv/image/hwy99atskyway1/previous/hwy99atskyway1-11.jpg,https://cwwp2.dot.ca.gov/data/d3/cctv/image/hwy99atskyway1/previous/hwy99atskyway1-12.jpg
197,2023-04-24,15:43:52,1682376232,3,"Hwy 99 at Skyway 2",Chico,-121.800321,39.715094,223,,Butte,SR-99,,R,30.611,R,375.434,true,,https://wzmedia.dot.ca.gov/D3/99_Skyway_BUT99_NB_2.stream/playlist.m3u8,1,https://cwwp2.dot.ca.gov/data/d3/cctv/image/hwy99atskyway2/hwy99atskyway2.jpg,15,https://cwwp2.dot.ca.gov/data/d3/cctv/image/hwy99atskyway2/previous/hwy99atskyway2-1.jpg,https://cwwp2.dot.ca.gov/data/d3/cctv/image/hwy99atskyway2/previous/hwy99atskyway2-2.jpg,https://cwwp2.dot.ca.gov/data/d3/cctv/image/hwy99atskyway2/previous/hwy99atskyway2-3.jpg,https://cwwp2.dot.ca.gov/data/d3/cctv/image/hwy99atskyway2/previous/hwy99atskyway2-4.jpg,https://cwwp2.dot.ca.gov/data/d3/cctv/image/hwy99atskyway2/previous/hwy99atskyway2-5.jpg,https://cwwp2.dot.ca.gov/data/d3/cctv/image/hwy99atskyway2/previous/hwy99atskyway2-6.jpg,https://cwwp2.dot.ca.gov/data/d3/cctv/image/hwy99atskyway2/previous/hwy99atskyway2-7.jpg,https://cwwp2.dot.ca.gov/data/d3/cctv/image/hwy99atskyway2/previous/hwy99atskyway2-8.jpg,https://cwwp2.dot.ca.gov/data/d3/cctv/image/hwy99atskyway2/previous/hwy99atskyway2-9.jpg,https://cwwp2.dot.ca.gov/data/d3/cctv/image/hwy99atskyway2/previous/hwy99atskyway2-10.jpg,https://cwwp2.dot.ca.gov/data/d3/cctv/image/hwy99atskyway2/previous/hwy99atskyway2-11.jpg,https://cwwp2.dot.ca.gov/data/d3/cctv/image/hwy99atskyway2/previous/hwy99atskyway2-12.jpg
198,2023-04-24,15:40:16,1682376016,3,Skyway_BUT99_NB_2,Chico,-121.792755,39.707638,219,,Butte,SR-99,,,29.948,R,374.771,true,,https://wzmedia.dot.ca.gov/D3/99_Skyway_JSO_BUT99_NB_2.stream/playlist.m3u8,1,https://cwwp2.dot.ca.gov/data/d3/cctv/image/skywaybut99nb2/skywaybut99nb2.jpg,15,https://cwwp2.dot.ca.gov/data/d3/cctv/image/skywaybut99nb2/previous/skywaybut99nb2-1.jpg,https://cwwp2.dot.ca.gov/data/d3/cctv/image/skywaybut99nb2/previous/skywaybut99nb2-2.jpg,https://cwwp2.dot.ca.gov/data/d3/cctv/image/skywaybut99nb2/previous/skywaybut99nb2-3.jpg,https://cwwp2.dot.ca.gov/data/d3/cctv/image/skywaybut99nb2/previous/skywaybut99nb2-4.jpg,https://cwwp2.dot.ca.gov/data/d3/cctv/image/skywaybut99nb2/previous/skywaybut99nb2-5.jpg,https://cwwp2.dot.ca.gov/data/d3/cctv/image/skywaybut99nb2/previous/skywaybut99nb2-6.jpg,https://cwwp2.dot.ca.gov/data/d3/cctv/image/skywaybut99nb2/previous/skywaybut99nb2-7.jpg,https://cwwp2.dot.ca.gov/data/d3/cctv/image/skywaybut99nb2/previous/skywaybut99nb2-8.jpg,https://cwwp2.dot.ca.gov/data/d3/cctv/image/skywaybut99nb2/previous/skywaybut99nb2-9.jpg,https://cwwp2.dot.ca.gov/data/d3/cctv/image/skywaybut99nb2/previous/skywaybut99nb2-10.jpg,https://cwwp2.dot.ca.gov/data/d3/cctv/image/skywaybut99nb2/previous/skywaybut99nb2-11.jpg,https://cwwp2.dot.ca.gov/data/d3/cctv/image/skywaybut99nb2/previous/skywaybut99nb2-12.jpg
199,2026-03-04,16:41:43,1772671303,3,East_20th_BUT99_NB_1,Chico,-121.809163,39.726408,232,,Butte,SR-99,,R,31.517,R,376.340,true,,https://wzmedia.dot.ca.gov/D3/99_East_20th_BUT99_NB_1.stream/playlist.m3u8,1,https://cwwp2.dot.ca.gov/data/d3/cctv/image/east20thbut99nb1/east20thbut99nb1.jpg,15,https://cwwp2.dot.ca.gov/data/d3/cctv/image/east20thbut99nb1/previous/east20thbut99nb1-1.jpg,https://cwwp2.dot.ca.gov/data/d3/cctv/image/east20thbut99nb1/previous/east20thbut99nb1-2.jpg,https://cwwp2.dot.ca.gov/data/d3/cctv/image/east20thbut99nb1/previous/east20thbut99nb1-3.jpg,https://cwwp2.dot.ca.gov/data/d3/cctv/image/east20thbut99nb1/previous/east20thbut99nb1-4.jpg,https://cwwp2.dot.ca.gov/data/d3/cctv/image/east20thbut99nb1/previous/east20thbut99nb1-5.jpg,https://cwwp2.dot.ca.gov/data/d3/cctv/image/east20thbut99nb1/previous/east20thbut99nb1-6.jpg,https://cwwp2.dot.ca.gov/data/d3/cctv/image/east20thbut99nb1/previous/east20thbut99nb1-7.jpg,https://cwwp2.dot.ca.gov/data/d3/cctv/image/east20thbut99nb1/previous/east20thbut99nb1-8.jpg,https://cwwp2.dot.ca.gov/data/d3/cctv/image/east20thbut99nb1/previous/east20thbut99nb1-9.jpg,https://cwwp2.dot.ca.gov/data/d3/cctv/image/east20thbut99nb1/previous/east20thbut99nb1-10.jpg,https://cwwp2.dot.ca.gov/data/d3/cctv/image/east20thbut99nb1/previous/east20thbut99nb1-11.jpg,https://cwwp2.dot.ca.gov/data/d3/cctv/image/east20thbut99nb1/previous/east20thbut99nb1-12.jpg
200,2026-03-04,16:41:46,1772671306,3,East_20th_BUT99_NB_2,Chico,-121.809163,39.726408,232,,Butte,SR-99,,R,31.517,R,376.340,true,,https://wzmedia.dot.ca.gov/D3/99_East_20th_BUT99_NB_2.stream/playlist.m3u8,1,https://cwwp2.dot.ca.gov/data/d3/cctv/image/east20thbut99nb2/east20thbut99nb2.jpg,15,https://cwwp2.dot.ca.gov/data/d3/cctv/image/east20thbut99nb2/previous/east20thbut99nb2-1.jpg,https://cwwp2.dot.ca.gov/data/d3/cctv/image/east20thbut99nb2/previous/east20thbut99nb2-2.jpg,https://cwwp2.dot.ca.gov/data/d3/cctv/image/east20thbut99nb2/previous/east20thbut99nb2-3.jpg,https://cwwp2.dot.ca.gov/data/d3/cctv/image/east20thbut99nb2/previous/east20thbut99nb2-4.jpg,https://cwwp2.dot.ca.gov/data/d3/cctv/image/east20thbut99nb2/previous/east20thbut99nb2-5.jpg,https://cwwp2.dot.ca.gov/data/d3/cctv/image/east20thbut99nb2/previous/east20thbut99nb2-6.jpg,https://cwwp2.dot.ca.gov/data/d3/cctv/image/east20thbut99nb2/previous/east20thbut99nb2-7.jpg,https://cwwp2.dot.ca.gov/data/d3/cctv/image/east20thbut99nb2/previous/east20thbut99nb2-8.jpg,https://cwwp2.dot.ca.gov/data/d3/cctv/image/east20thbut99nb2/previous/east20thbut99nb2-9.jpg,https://cwwp2.dot.ca.gov/data/d3/cctv/image/east20thbut99nb2/previous/east20thbut99nb2-10.jpg,https://cwwp2.dot.ca.gov/data/d3/cctv/image/east20thbut99nb2/previous/east20thbut99nb2-11.jpg,https://cwwp2.dot.ca.gov/data/d3/cctv/image/east20thbut99nb2/previous/east20thbut99nb2-12.jpg
201,2024-11-07,17:53:30,1731030810,3,Skyway_BUT99_NB_1,Chico,-121.792755,39.707638,219,,Butte,SR-99,,,29.948,R,374.771,true,,https://wzmedia.dot.ca.gov/D3/99_Skyway_JSO_BUT99_NB_1.stream/playlist.m3u8,1,https://cwwp2.dot.ca.gov/data/d3/cctv/image/skywaybut99nb1/skywaybut99nb1.jpg,15,https://cwwp2.dot.ca.gov/data/d3/cctv/image/skywaybut99nb1/previous/skywaybut99nb1-1.jpg,https://cwwp2.dot.ca.gov/data/d3/cctv/image/skywaybut99nb1/previous/skywaybut99nb1-2.jpg,https://cwwp2.dot.ca.gov/data/d3/cctv/image/skywaybut99nb1/previous/skywaybut99nb1-3.jpg,https://cwwp2.dot.ca.gov/data/d3/cctv/image/skywaybut99nb1/previous/skywaybut99nb1-4.jpg,https://cwwp2.dot.ca.gov/data/d3/cctv/image/skywaybut99nb1/previous/skywaybut99nb1-5.jpg,https://cwwp2.dot.ca.gov/data/d3/cctv/image/skywaybut99nb1/previous/skywaybut99nb1-6.jpg,https://cwwp2.dot.ca.gov/data/d3/cctv/image/skywaybut99nb1/previous/skywaybut99nb1-7.jpg,https://cwwp2.dot.ca.gov/data/d3/cctv/image/skywaybut99nb1/previous/skywaybut99nb1-8.jpg,https://cwwp2.dot.ca.gov/data/d3/cctv/image/skywaybut99nb1/previous/skywaybut99nb1-9.jpg,https://cwwp2.dot.ca.gov/data/d3/cctv/image/skywaybut99nb1/previous/skywaybut99nb1-10.jpg,https://cwwp2.dot.ca.gov/data/d3/cctv/image/skywaybut99nb1/previous/skywaybut99nb1-11.jpg,https://cwwp2.dot.ca.gov/data/d3/cctv/image/skywaybut99nb1/previous/skywaybut99nb1-12.jpg
202,2023-04-20,16:07:27,1682032047,3,"Hwy 99 at Hwy 32 1",Chico,-121.820189,39.737174,242,,Butte,SR-99,,R,32.469,R,377.292,true,,https://wzmedia.dot.ca.gov/D3/99_JCT32_UC_BUT99_NB_1.stream/playlist.m3u8,1,https://cwwp2.dot.ca.gov/data/d3/cctv/image/hwy99athwy321/hwy99athwy321.jpg,15,https://cwwp2.dot.ca.gov/data/d3/cctv/image/hwy99athwy321/previous/hwy99athwy321-1.jpg,https://cwwp2.dot.ca.gov/data/d3/cctv/image/hwy99athwy321/previous/hwy99athwy321-2.jpg,https://cwwp2.dot.ca.gov/data/d3/cctv/image/hwy99athwy321/previous/hwy99athwy321-3.jpg,https://cwwp2.dot.ca.gov/data/d3/cctv/image/hwy99athwy321/previous/hwy99athwy321-4.jpg,https://cwwp2.dot.ca.gov/data/d3/cctv/image/hwy99athwy321/previous/hwy99athwy321-5.jpg,https://cwwp2.dot.ca.gov/data/d3/cctv/image/hwy99athwy321/previous/hwy99athwy321-6.jpg,https://cwwp2.dot.ca.gov/data/d3/cctv/image/hwy99athwy321/previous/hwy99athwy321-7.jpg,https://cwwp2.dot.ca.gov/data/d3/cctv/image/hwy99athwy321/previous/hwy99athwy321-8.jpg,https://cwwp2.dot.ca.gov/data/d3/cctv/image/hwy99athwy321/previous/hwy99athwy321-9.jpg,https://cwwp2.dot.ca.gov/data/d3/cctv/image/hwy99athwy321/previous/hwy99athwy321-10.jpg,https://cwwp2.dot.ca.gov/data/d3/cctv/image/hwy99athwy321/previous/hwy99athwy321-11.jpg,https://cwwp2.dot.ca.gov/data/d3/cctv/image/hwy99athwy321/previous/hwy99athwy321-12.jpg
203,2023-12-17,02:12:04,1702807924,3,"Hwy 99 at Hwy 32 2",Chico,-121.820189,39.737174,242,,Butte,SR-99,,R,32.469,R,377.292,true,,https://wzmedia.dot.ca.gov/D3/99_JCT32_UC_BUT99_NB_2.stream/playlist.m3u8,1,https://cwwp2.dot.ca.gov/data/d3/cctv/image/hwy99athwy322/hwy99athwy322.jpg,15,https://cwwp2.dot.ca.gov/data/d3/cctv/image/hwy99athwy322/previous/hwy99athwy322-1.jpg,https://cwwp2.dot.ca.gov/data/d3/cctv/image/hwy99athwy322/previous/hwy99athwy322-2.jpg,https://cwwp2.dot.ca.gov/data/d3/cctv/image/hwy99athwy322/previous/hwy99athwy322-3.jpg,https://cwwp2.dot.ca.gov/data/d3/cctv/image/hwy99athwy322/previous/hwy99athwy322-4.jpg,https://cwwp2.dot.ca.gov/data/d3/cctv/image/hwy99athwy322/previous/hwy99athwy322-5.jpg,https://cwwp2.dot.ca.gov/data/d3/cctv/image/hwy99athwy322/previous/hwy99athwy322-6.jpg,https://cwwp2.dot.ca.gov/data/d3/cctv/image/hwy99athwy322/previous/hwy99athwy322-7.jpg,https://cwwp2.dot.ca.gov/data/d3/cctv/image/hwy99athwy322/previous/hwy99athwy322-8.jpg,https://cwwp2.dot.ca.gov/data/d3/cctv/image/hwy99athwy322/previous/hwy99athwy322-9.jpg,https://cwwp2.dot.ca.gov/data/d3/cctv/image/hwy99athwy322/previous/hwy99athwy322-10.jpg,https://cwwp2.dot.ca.gov/data/d3/cctv/image/hwy99athwy322/previous/hwy99athwy322-11.jpg,https://cwwp2.dot.ca.gov/data/d3/cctv/image/hwy99athwy322/previous/hwy99athwy322-12.jpg
204,2024-12-09,09:11:24,1733764284,3,Bass_Lake_ED50_WB,"El Dorado Hills",-121.0340789,38.6553657,1072,,"El Dorado",US-50,,R,3.019,L,31.825,true,,https://wzmedia.dot.ca.gov/D3/50_Bass_Lake_Rd_ED50_WB.stream/playlist.m3u8,1,https://cwwp2.dot.ca.gov/data/d3/cctv/image/basslakeed50wb/basslakeed50wb.jpg,15,https://cwwp2.dot.ca.gov/data/d3/cctv/image/basslakeed50wb/previous/basslakeed50wb-1.jpg,https://cwwp2.dot.ca.gov/data/d3/cctv/image/basslakeed50wb/previous/basslakeed50wb-2.jpg,https://cwwp2.dot.ca.gov/data/d3/cctv/image/basslakeed50wb/previous/basslakeed50wb-3.jpg,https://cwwp2.dot.ca.gov/data/d3/cctv/image/basslakeed50wb/previous/basslakeed50wb-4.jpg,https://cwwp2.dot.ca.gov/data/d3/cctv/image/basslakeed50wb/previous/basslakeed50wb-5.jpg,https://cwwp2.dot.ca.gov/data/d3/cctv/image/basslakeed50wb/previous/basslakeed50wb-6.jpg,https://cwwp2.dot.ca.gov/data/d3/cctv/image/basslakeed50wb/previous/basslakeed50wb-7.jpg,https://cwwp2.dot.ca.gov/data/d3/cctv/image/basslakeed50wb/previous/basslakeed50wb-8.jpg,https://cwwp2.dot.ca.gov/data/d3/cctv/image/basslakeed50wb/previous/basslakeed50wb-9.jpg,https://cwwp2.dot.ca.gov/data/d3/cctv/image/basslakeed50wb/previous/basslakeed50wb-10.jpg,https://cwwp2.dot.ca.gov/data/d3/cctv/image/basslakeed50wb/previous/basslakeed50wb-11.jpg,https://cwwp2.dot.ca.gov/data/d3/cctv/image/basslakeed50wb/previous/basslakeed50wb-12.jpg
205,2024-12-30,13:42:41,1735594961,3,Snow_ED50_EB_1,Camino,-120.67619,38.734511,3172,,"El Dorado",US-50,,,25.258,R,53.793,true,,https://wzmedia.dot.ca.gov/D3/50_Snows_Rd_ED50_EB_1.stream/playlist.m3u8,1,https://cwwp2.dot.ca.gov/data/d3/cctv/image/snowed50eb1/snowed50eb1.jpg,15,https://cwwp2.dot.ca.gov/data/d3/cctv/image/snowed50eb1/previous/snowed50eb1-1.jpg,https://cwwp2.dot.ca.gov/data/d3/cctv/image/snowed50eb1/previous/snowed50eb1-2.jpg,https://cwwp2.dot.ca.gov/data/d3/cctv/image/snowed50eb1/previous/snowed50eb1-3.jpg,https://cwwp2.dot.ca.gov/data/d3/cctv/image/snowed50eb1/previous/snowed50eb1-4.jpg,https://cwwp2.dot.ca.gov/data/d3/cctv/image/snowed50eb1/previous/snowed50eb1-5.jpg,https://cwwp2.dot.ca.gov/data/d3/cctv/image/snowed50eb1/previous/snowed50eb1-6.jpg,https://cwwp2.dot.ca.gov/data/d3/cctv/image/snowed50eb1/previous/snowed50eb1-7.jpg,https://cwwp2.dot.ca.gov/data/d3/cctv/image/snowed50eb1/previous/snowed50eb1-8.jpg,https://cwwp2.dot.ca.gov/data/d3/cctv/image/snowed50eb1/previous/snowed50eb1-9.jpg,https://cwwp2.dot.ca.gov/data/d3/cctv/image/snowed50eb1/previous/snowed50eb1-10.jpg,https://cwwp2.dot.ca.gov/data/d3/cctv/image/snowed50eb1/previous/snowed50eb1-11.jpg,https://cwwp2.dot.ca.gov/data/d3/cctv/image/snowed50eb1/previous/snowed50eb1-12.jpg
206,2024-12-30,13:43:07,1735594987,3,Snow_ED50_EB_2,Camino,-120.6761900,38.7345110,3172,,"El Dorado",US-50,,,25.258,R,53.793,true,,https://wzmedia.dot.ca.gov/D3/50_Snows_Rd_ED50_EB_2.stream/playlist.m3u8,1,https://cwwp2.dot.ca.gov/data/d3/cctv/image/snowed50eb2/snowed50eb2.jpg,15,https://cwwp2.dot.ca.gov/data/d3/cctv/image/snowed50eb2/previous/snowed50eb2-1.jpg,https://cwwp2.dot.ca.gov/data/d3/cctv/image/snowed50eb2/previous/snowed50eb2-2.jpg,https://cwwp2.dot.ca.gov/data/d3/cctv/image/snowed50eb2/previous/snowed50eb2-3.jpg,https://cwwp2.dot.ca.gov/data/d3/cctv/image/snowed50eb2/previous/snowed50eb2-4.jpg,https://cwwp2.dot.ca.gov/data/d3/cctv/image/snowed50eb2/previous/snowed50eb2-5.jpg,https://cwwp2.dot.ca.gov/data/d3/cctv/image/snowed50eb2/previous/snowed50eb2-6.jpg,https://cwwp2.dot.ca.gov/data/d3/cctv/image/snowed50eb2/previous/snowed50eb2-7.jpg,https://cwwp2.dot.ca.gov/data/d3/cctv/image/snowed50eb2/previous/snowed50eb2-8.jpg,https://cwwp2.dot.ca.gov/data/d3/cctv/image/snowed50eb2/previous/snowed50eb2-9.jpg,https://cwwp2.dot.ca.gov/data/d3/cctv/image/snowed50eb2/previous/snowed50eb2-10.jpg,https://cwwp2.dot.ca.gov/data/d3/cctv/image/snowed50eb2/previous/snowed50eb2-11.jpg,https://cwwp2.dot.ca.gov/data/d3/cctv/image/snowed50eb2/previous/snowed50eb2-12.jpg
207,2025-02-28,14:43:01,1740782581,3,Sly_Park_ED50_EB_1,"Pollock Pines",-120.591929,38.756014,3838,,"El Dorado",US-50,,R,30.345,R,58.880,true,,https://wzmedia.dot.ca.gov/D3/50_Sly_Park_ED50_EB_1.stream/playlist.m3u8,1,https://cwwp2.dot.ca.gov/data/d3/cctv/image/slyparked50eb1/slyparked50eb1.jpg,15,https://cwwp2.dot.ca.gov/data/d3/cctv/image/slyparked50eb1/previous/slyparked50eb1-1.jpg,https://cwwp2.dot.ca.gov/data/d3/cctv/image/slyparked50eb1/previous/slyparked50eb1-2.jpg,https://cwwp2.dot.ca.gov/data/d3/cctv/image/slyparked50eb1/previous/slyparked50eb1-3.jpg,https://cwwp2.dot.ca.gov/data/d3/cctv/image/slyparked50eb1/previous/slyparked50eb1-4.jpg,https://cwwp2.dot.ca.gov/data/d3/cctv/image/slyparked50eb1/previous/slyparked50eb1-5.jpg,https://cwwp2.dot.ca.gov/data/d3/cctv/image/slyparked50eb1/previous/slyparked50eb1-6.jpg,https://cwwp2.dot.ca.gov/data/d3/cctv/image/slyparked50eb1/previous/slyparked50eb1-7.jpg,https://cwwp2.dot.ca.gov/data/d3/cctv/image/slyparked50eb1/previous/slyparked50eb1-8.jpg,https://cwwp2.dot.ca.gov/data/d3/cctv/image/slyparked50eb1/previous/slyparked50eb1-9.jpg,https://cwwp2.dot.ca.gov/data/d3/cctv/image/slyparked50eb1/previous/slyparked50eb1-10.jpg,https://cwwp2.dot.ca.gov/data/d3/cctv/image/slyparked50eb1/previous/slyparked50eb1-11.jpg,https://cwwp2.dot.ca.gov/data/d3/cctv/image/slyparked50eb1/previous/slyparked50eb1-12.jpg
208,2025-02-27,16:34:24,1740702864,3,Sly_Park_ED50_EB_2,"Pollock Pines",-120.591929,38.756014,3838,,"El Dorado",US-50,,R,30.345,R,58.880,true,,https://wzmedia.dot.ca.gov/D3/50_Sly_Park_ED50_EB_2.stream/playlist.m3u8,1,https://cwwp2.dot.ca.gov/data/d3/cctv/image/slyparked50eb2/slyparked50eb2.jpg,15,https://cwwp2.dot.ca.gov/data/d3/cctv/image/slyparked50eb2/previous/slyparked50eb2-1.jpg,https://cwwp2.dot.ca.gov/data/d3/cctv/image/slyparked50eb2/previous/slyparked50eb2-2.jpg,https://cwwp2.dot.ca.gov/data/d3/cctv/image/slyparked50eb2/previous/slyparked50eb2-3.jpg,https://cwwp2.dot.ca.gov/data/d3/cctv/image/slyparked50eb2/previous/slyparked50eb2-4.jpg,https://cwwp2.dot.ca.gov/data/d3/cctv/image/slyparked50eb2/previous/slyparked50eb2-5.jpg,https://cwwp2.dot.ca.gov/data/d3/cctv/image/slyparked50eb2/previous/slyparked50eb2-6.jpg,https://cwwp2.dot.ca.gov/data/d3/cctv/image/slyparked50eb2/previous/slyparked50eb2-7.jpg,https://cwwp2.dot.ca.gov/data/d3/cctv/image/slyparked50eb2/previous/slyparked50eb2-8.jpg,https://cwwp2.dot.ca.gov/data/d3/cctv/image/slyparked50eb2/previous/slyparked50eb2-9.jpg,https://cwwp2.dot.ca.gov/data/d3/cctv/image/slyparked50eb2/previous/slyparked50eb2-10.jpg,https://cwwp2.dot.ca.gov/data/d3/cctv/image/slyparked50eb2/previous/slyparked50eb2-11.jpg,https://cwwp2.dot.ca.gov/data/d3/cctv/image/slyparked50eb2/previous/slyparked50eb2-12.jpg
209,2025-03-20,12:06:28,1742497588,3,Pioneer_Trail_ED50_EB_1,"South Lake Tahoe",-120.0118354,38.85815257,6351,,"El Dorado",US-50,,,71.389,R,99.550,true,,https://wzmedia.dot.ca.gov/D3/50_Pioneer_Trail_ED50_EB_1.stream/playlist.m3u8,1,https://cwwp2.dot.ca.gov/data/d3/cctv/image/pioneertrailed50eb1/pioneertrailed50eb1.jpg,15,https://cwwp2.dot.ca.gov/data/d3/cctv/image/pioneertrailed50eb1/previous/pioneertrailed50eb1-1.jpg,https://cwwp2.dot.ca.gov/data/d3/cctv/image/pioneertrailed50eb1/previous/pioneertrailed50eb1-2.jpg,https://cwwp2.dot.ca.gov/data/d3/cctv/image/pioneertrailed50eb1/previous/pioneertrailed50eb1-3.jpg,https://cwwp2.dot.ca.gov/data/d3/cctv/image/pioneertrailed50eb1/previous/pioneertrailed50eb1-4.jpg,https://cwwp2.dot.ca.gov/data/d3/cctv/image/pioneertrailed50eb1/previous/pioneertrailed50eb1-5.jpg,https://cwwp2.dot.ca.gov/data/d3/cctv/image/pioneertrailed50eb1/previous/pioneertrailed50eb1-6.jpg,https://cwwp2.dot.ca.gov/data/d3/cctv/image/pioneertrailed50eb1/previous/pioneertrailed50eb1-7.jpg,https://cwwp2.dot.ca.gov/data/d3/cctv/image/pioneertrailed50eb1/previous/pioneertrailed50eb1-8.jpg,https://cwwp2.dot.ca.gov/data/d3/cctv/image/pioneertrailed50eb1/previous/pioneertrailed50eb1-9.jpg,https://cwwp2.dot.ca.gov/data/d3/cctv/image/pioneertrailed50eb1/previous/pioneertrailed50eb1-10.jpg,https://cwwp2.dot.ca.gov/data/d3/cctv/image/pioneertrailed50eb1/previous/pioneertrailed50eb1-11.jpg,https://cwwp2.dot.ca.gov/data/d3/cctv/image/pioneertrailed50eb1/previous/pioneertrailed50eb1-12.jpg
210,2025-04-11,08:28:30,1744385310,3,Placerville_Dr_JEO_ED50_WB_1,Placerville,-120.816119,38.730391,1788,West,"El Dorado",US-50,,,17.035,L,45.578,true,,https://wzmedia.dot.ca.gov/D3/50_Placerville_Dr_JEO_ED50_WB_1.stream/playlist.m3u8,1,https://cwwp2.dot.ca.gov/data/d3/cctv/image/placervilledrjeoed50wb1/placervilledrjeoed50wb1.jpg,15,https://cwwp2.dot.ca.gov/data/d3/cctv/image/placervilledrjeoed50wb1/previous/placervilledrjeoed50wb1-1.jpg,https://cwwp2.dot.ca.gov/data/d3/cctv/image/placervilledrjeoed50wb1/previous/placervilledrjeoed50wb1-2.jpg,https://cwwp2.dot.ca.gov/data/d3/cctv/image/placervilledrjeoed50wb1/previous/placervilledrjeoed50wb1-3.jpg,https://cwwp2.dot.ca.gov/data/d3/cctv/image/placervilledrjeoed50wb1/previous/placervilledrjeoed50wb1-4.jpg,https://cwwp2.dot.ca.gov/data/d3/cctv/image/placervilledrjeoed50wb1/previous/placervilledrjeoed50wb1-5.jpg,https://cwwp2.dot.ca.gov/data/d3/cctv/image/placervilledrjeoed50wb1/previous/placervilledrjeoed50wb1-6.jpg,https://cwwp2.dot.ca.gov/data/d3/cctv/image/placervilledrjeoed50wb1/previous/placervilledrjeoed50wb1-7.jpg,https://cwwp2.dot.ca.gov/data/d3/cctv/image/placervilledrjeoed50wb1/previous/placervilledrjeoed50wb1-8.jpg,https://cwwp2.dot.ca.gov/data/d3/cctv/image/placervilledrjeoed50wb1/previous/placervilledrjeoed50wb1-9.jpg,https://cwwp2.dot.ca.gov/data/d3/cctv/image/placervilledrjeoed50wb1/previous/placervilledrjeoed50wb1-10.jpg,https://cwwp2.dot.ca.gov/data/d3/cctv/image/placervilledrjeoed50wb1/previous/placervilledrjeoed50wb1-11.jpg,https://cwwp2.dot.ca.gov/data/d3/cctv/image/placervilledrjeoed50wb1/previous/placervilledrjeoed50wb1-12.jpg
211,2025-04-11,08:29:00,1744385340,3,Placerville_Dr_JEO_ED50_WB_2,Placerville,-120.816119,38.730391,1788,West,"El Dorado",US-50,,,17.035,L,45.578,true,,https://wzmedia.dot.ca.gov/D3/50_Placerville_Dr_JEO_ED50_WB_2.stream/playlist.m3u8,1,https://cwwp2.dot.ca.gov/data/d3/cctv/image/placervilledrjeoed50wb2/placervilledrjeoed50wb2.jpg,15,https://cwwp2.dot.ca.gov/data/d3/cctv/image/placervilledrjeoed50wb2/previous/placervilledrjeoed50wb2-1.jpg,https://cwwp2.dot.ca.gov/data/d3/cctv/image/placervilledrjeoed50wb2/previous/placervilledrjeoed50wb2-2.jpg,https://cwwp2.dot.ca.gov/data/d3/cctv/image/placervilledrjeoed50wb2/previous/placervilledrjeoed50wb2-3.jpg,https://cwwp2.dot.ca.gov/data/d3/cctv/image/placervilledrjeoed50wb2/previous/placervilledrjeoed50wb2-4.jpg,https://cwwp2.dot.ca.gov/data/d3/cctv/image/placervilledrjeoed50wb2/previous/placervilledrjeoed50wb2-5.jpg,https://cwwp2.dot.ca.gov/data/d3/cctv/image/placervilledrjeoed50wb2/previous/placervilledrjeoed50wb2-6.jpg,https://cwwp2.dot.ca.gov/data/d3/cctv/image/placervilledrjeoed50wb2/previous/placervilledrjeoed50wb2-7.jpg,https://cwwp2.dot.ca.gov/data/d3/cctv/image/placervilledrjeoed50wb2/previous/placervilledrjeoed50wb2-8.jpg,https://cwwp2.dot.ca.gov/data/d3/cctv/image/placervilledrjeoed50wb2/previous/placervilledrjeoed50wb2-9.jpg,https://cwwp2.dot.ca.gov/data/d3/cctv/image/placervilledrjeoed50wb2/previous/placervilledrjeoed50wb2-10.jpg,https://cwwp2.dot.ca.gov/data/d3/cctv/image/placervilledrjeoed50wb2/previous/placervilledrjeoed50wb2-11.jpg,https://cwwp2.dot.ca.gov/data/d3/cctv/image/placervilledrjeoed50wb2/previous/placervilledrjeoed50wb2-12.jpg
212,2025-03-20,12:05:46,1742497546,3,Pioneer_Trail_ED50_EB_2,"South Lake Tahoe",-120.01187043478093,38.85832341784164,6351,,"El Dorado",US-50,,,71.389,R,99.550,true,,https://wzmedia.dot.ca.gov/D3/50_Pioneer_Trail_ED50_EB_2.stream/playlist.m3u8,1,https://cwwp2.dot.ca.gov/data/d3/cctv/image/pioneertrailed50eb2/pioneertrailed50eb2.jpg,15,https://cwwp2.dot.ca.gov/data/d3/cctv/image/pioneertrailed50eb2/previous/pioneertrailed50eb2-1.jpg,https://cwwp2.dot.ca.gov/data/d3/cctv/image/pioneertrailed50eb2/previous/pioneertrailed50eb2-2.jpg,https://cwwp2.dot.ca.gov/data/d3/cctv/image/pioneertrailed50eb2/previous/pioneertrailed50eb2-3.jpg,https://cwwp2.dot.ca.gov/data/d3/cctv/image/pioneertrailed50eb2/previous/pioneertrailed50eb2-4.jpg,https://cwwp2.dot.ca.gov/data/d3/cctv/image/pioneertrailed50eb2/previous/pioneertrailed50eb2-5.jpg,https://cwwp2.dot.ca.gov/data/d3/cctv/image/pioneertrailed50eb2/previous/pioneertrailed50eb2-6.jpg,https://cwwp2.dot.ca.gov/data/d3/cctv/image/pioneertrailed50eb2/previous/pioneertrailed50eb2-7.jpg,https://cwwp2.dot.ca.gov/data/d3/cctv/image/pioneertrailed50eb2/previous/pioneertrailed50eb2-8.jpg,https://cwwp2.dot.ca.gov/data/d3/cctv/image/pioneertrailed50eb2/previous/pioneertrailed50eb2-9.jpg,https://cwwp2.dot.ca.gov/data/d3/cctv/image/pioneertrailed50eb2/previous/pioneertrailed50eb2-10.jpg,https://cwwp2.dot.ca.gov/data/d3/cctv/image/pioneertrailed50eb2/previous/pioneertrailed50eb2-11.jpg,https://cwwp2.dot.ca.gov/data/d3/cctv/image/pioneertrailed50eb2/previous/pioneertrailed50eb2-12.jpg
213,2024-08-23,08:52:51,1724428371,3,Forni_ED50_WB_1,Placerville,-120.833990,38.721336,1732,,"El Dorado",US-50,,,15.810,L,44.353,true,,https://wzmedia.dot.ca.gov/D3/50_Forni_Rd_ED50_WB_1.stream.stream/playlist.m3u8,1,https://cwwp2.dot.ca.gov/data/d3/cctv/image/fornied50wb1/fornied50wb1.jpg,15,https://cwwp2.dot.ca.gov/data/d3/cctv/image/fornied50wb1/previous/fornied50wb1-1.jpg,https://cwwp2.dot.ca.gov/data/d3/cctv/image/fornied50wb1/previous/fornied50wb1-2.jpg,https://cwwp2.dot.ca.gov/data/d3/cctv/image/fornied50wb1/previous/fornied50wb1-3.jpg,https://cwwp2.dot.ca.gov/data/d3/cctv/image/fornied50wb1/previous/fornied50wb1-4.jpg,https://cwwp2.dot.ca.gov/data/d3/cctv/image/fornied50wb1/previous/fornied50wb1-5.jpg,https://cwwp2.dot.ca.gov/data/d3/cctv/image/fornied50wb1/previous/fornied50wb1-6.jpg,https://cwwp2.dot.ca.gov/data/d3/cctv/image/fornied50wb1/previous/fornied50wb1-7.jpg,https://cwwp2.dot.ca.gov/data/d3/cctv/image/fornied50wb1/previous/fornied50wb1-8.jpg,https://cwwp2.dot.ca.gov/data/d3/cctv/image/fornied50wb1/previous/fornied50wb1-9.jpg,https://cwwp2.dot.ca.gov/data/d3/cctv/image/fornied50wb1/previous/fornied50wb1-10.jpg,https://cwwp2.dot.ca.gov/data/d3/cctv/image/fornied50wb1/previous/fornied50wb1-11.jpg,https://cwwp2.dot.ca.gov/data/d3/cctv/image/fornied50wb1/previous/fornied50wb1-12.jpg
214,2024-08-23,08:53:19,1724428399,3,Forni_ED50_WB_2,Placerville,-120.833990,38.721336,1732,,"El Dorado",US-50,,,15.810,L,44.353,true,,https://wzmedia.dot.ca.gov/D3/50_Forni_Rd_ED50_WB_2.stream.stream/playlist.m3u8,1,https://cwwp2.dot.ca.gov/data/d3/cctv/image/fornied50wb2/fornied50wb2.jpg,15,https://cwwp2.dot.ca.gov/data/d3/cctv/image/fornied50wb2/previous/fornied50wb2-1.jpg,https://cwwp2.dot.ca.gov/data/d3/cctv/image/fornied50wb2/previous/fornied50wb2-2.jpg,https://cwwp2.dot.ca.gov/data/d3/cctv/image/fornied50wb2/previous/fornied50wb2-3.jpg,https://cwwp2.dot.ca.gov/data/d3/cctv/image/fornied50wb2/previous/fornied50wb2-4.jpg,https://cwwp2.dot.ca.gov/data/d3/cctv/image/fornied50wb2/previous/fornied50wb2-5.jpg,https://cwwp2.dot.ca.gov/data/d3/cctv/image/fornied50wb2/previous/fornied50wb2-6.jpg,https://cwwp2.dot.ca.gov/data/d3/cctv/image/fornied50wb2/previous/fornied50wb2-7.jpg,https://cwwp2.dot.ca.gov/data/d3/cctv/image/fornied50wb2/previous/fornied50wb2-8.jpg,https://cwwp2.dot.ca.gov/data/d3/cctv/image/fornied50wb2/previous/fornied50wb2-9.jpg,https://cwwp2.dot.ca.gov/data/d3/cctv/image/fornied50wb2/previous/fornied50wb2-10.jpg,https://cwwp2.dot.ca.gov/data/d3/cctv/image/fornied50wb2/previous/fornied50wb2-11.jpg,https://cwwp2.dot.ca.gov/data/d3/cctv/image/fornied50wb2/previous/fornied50wb2-12.jpg
215,2024-04-09,12:52:53,1712692373,3,"Hwy 99 at Eschinger","Elk Grove",-121.347407,38.362331,55,,Sacramento,SR-99,,,8.810,L,283.342,true,,https://wzmedia.dot.ca.gov/D3/99_Eschinger_Rd_SAC99_SB_1.stream/playlist.m3u8,1,https://cwwp2.dot.ca.gov/data/d3/cctv/image/hwy99ateschinger/hwy99ateschinger.jpg,15,https://cwwp2.dot.ca.gov/data/d3/cctv/image/hwy99ateschinger/previous/hwy99ateschinger-1.jpg,https://cwwp2.dot.ca.gov/data/d3/cctv/image/hwy99ateschinger/previous/hwy99ateschinger-2.jpg,https://cwwp2.dot.ca.gov/data/d3/cctv/image/hwy99ateschinger/previous/hwy99ateschinger-3.jpg,https://cwwp2.dot.ca.gov/data/d3/cctv/image/hwy99ateschinger/previous/hwy99ateschinger-4.jpg,https://cwwp2.dot.ca.gov/data/d3/cctv/image/hwy99ateschinger/previous/hwy99ateschinger-5.jpg,https://cwwp2.dot.ca.gov/data/d3/cctv/image/hwy99ateschinger/previous/hwy99ateschinger-6.jpg,https://cwwp2.dot.ca.gov/data/d3/cctv/image/hwy99ateschinger/previous/hwy99ateschinger-7.jpg,https://cwwp2.dot.ca.gov/data/d3/cctv/image/hwy99ateschinger/previous/hwy99ateschinger-8.jpg,https://cwwp2.dot.ca.gov/data/d3/cctv/image/hwy99ateschinger/previous/hwy99ateschinger-9.jpg,https://cwwp2.dot.ca.gov/data/d3/cctv/image/hwy99ateschinger/previous/hwy99ateschinger-10.jpg,https://cwwp2.dot.ca.gov/data/d3/cctv/image/hwy99ateschinger/previous/hwy99ateschinger-11.jpg,https://cwwp2.dot.ca.gov/data/d3/cctv/image/hwy99ateschinger/previous/hwy99ateschinger-12.jpg
217,2023-03-08,13:43:16,1678311796,3,"Hwy 99 at East_Ave_BUT99_SB_1",Chico,-121.855315,39.759699,200,South,Butte,SR-99,,R,34.909,L,379.732,true,,https://wzmedia.dot.ca.gov/D3/99_East_Ave_BUT99_SB_1.stream/playlist.m3u8,1,https://cwwp2.dot.ca.gov/data/d3/cctv/image/hwy99ateastavebut99sb1/hwy99ateastavebut99sb1.jpg,15,https://cwwp2.dot.ca.gov/data/d3/cctv/image/hwy99ateastavebut99sb1/previous/hwy99ateastavebut99sb1-1.jpg,https://cwwp2.dot.ca.gov/data/d3/cctv/image/hwy99ateastavebut99sb1/previous/hwy99ateastavebut99sb1-2.jpg,https://cwwp2.dot.ca.gov/data/d3/cctv/image/hwy99ateastavebut99sb1/previous/hwy99ateastavebut99sb1-3.jpg,https://cwwp2.dot.ca.gov/data/d3/cctv/image/hwy99ateastavebut99sb1/previous/hwy99ateastavebut99sb1-4.jpg,https://cwwp2.dot.ca.gov/data/d3/cctv/image/hwy99ateastavebut99sb1/previous/hwy99ateastavebut99sb1-5.jpg,https://cwwp2.dot.ca.gov/data/d3/cctv/image/hwy99ateastavebut99sb1/previous/hwy99ateastavebut99sb1-6.jpg,https://cwwp2.dot.ca.gov/data/d3/cctv/image/hwy99ateastavebut99sb1/previous/hwy99ateastavebut99sb1-7.jpg,https://cwwp2.dot.ca.gov/data/d3/cctv/image/hwy99ateastavebut99sb1/previous/hwy99ateastavebut99sb1-8.jpg,https://cwwp2.dot.ca.gov/data/d3/cctv/image/hwy99ateastavebut99sb1/previous/hwy99ateastavebut99sb1-9.jpg,https://cwwp2.dot.ca.gov/data/d3/cctv/image/hwy99ateastavebut99sb1/previous/hwy99ateastavebut99sb1-10.jpg,https://cwwp2.dot.ca.gov/data/d3/cctv/image/hwy99ateastavebut99sb1/previous/hwy99ateastavebut99sb1-11.jpg,https://cwwp2.dot.ca.gov/data/d3/cctv/image/hwy99ateastavebut99sb1/previous/hwy99ateastavebut99sb1-12.jpg
218,2023-03-08,13:43:45,1678311825,3,"Hwy 99 at East_Ave_BUT99_SB_2",Chico,-121.855315,39.759699,200,South,Butte,SR-99,,R,34.909,L,379.732,true,,https://wzmedia.dot.ca.gov/D3/99_East_Ave_BUT99_SB_2.stream/playlist.m3u8,1,https://cwwp2.dot.ca.gov/data/d3/cctv/image/hwy99ateastavebut99sb2/hwy99ateastavebut99sb2.jpg,15,https://cwwp2.dot.ca.gov/data/d3/cctv/image/hwy99ateastavebut99sb2/previous/hwy99ateastavebut99sb2-1.jpg,https://cwwp2.dot.ca.gov/data/d3/cctv/image/hwy99ateastavebut99sb2/previous/hwy99ateastavebut99sb2-2.jpg,https://cwwp2.dot.ca.gov/data/d3/cctv/image/hwy99ateastavebut99sb2/previous/hwy99ateastavebut99sb2-3.jpg,https://cwwp2.dot.ca.gov/data/d3/cctv/image/hwy99ateastavebut99sb2/previous/hwy99ateastavebut99sb2-4.jpg,https://cwwp2.dot.ca.gov/data/d3/cctv/image/hwy99ateastavebut99sb2/previous/hwy99ateastavebut99sb2-5.jpg,https://cwwp2.dot.ca.gov/data/d3/cctv/image/hwy99ateastavebut99sb2/previous/hwy99ateastavebut99sb2-6.jpg,https://cwwp2.dot.ca.gov/data/d3/cctv/image/hwy99ateastavebut99sb2/previous/hwy99ateastavebut99sb2-7.jpg,https://cwwp2.dot.ca.gov/data/d3/cctv/image/hwy99ateastavebut99sb2/previous/hwy99ateastavebut99sb2-8.jpg,https://cwwp2.dot.ca.gov/data/d3/cctv/image/hwy99ateastavebut99sb2/previous/hwy99ateastavebut99sb2-9.jpg,https://cwwp2.dot.ca.gov/data/d3/cctv/image/hwy99ateastavebut99sb2/previous/hwy99ateastavebut99sb2-10.jpg,https://cwwp2.dot.ca.gov/data/d3/cctv/image/hwy99ateastavebut99sb2/previous/hwy99ateastavebut99sb2-11.jpg,https://cwwp2.dot.ca.gov/data/d3/cctv/image/hwy99ateastavebut99sb2/previous/hwy99ateastavebut99sb2-12.jpg
219,2025-09-23,09:31:16,1758645076,3,"Hwy 99 at Garner Lane 1",Chico,-121.890929,39.789467,177,South,Butte,SR-99,,T,37.706,L,382.478,true,,https://wzmedia.dot.ca.gov/D3/99_Garner_Ln_BUT99_SB_1.stream/playlist.m3u8,1,https://cwwp2.dot.ca.gov/data/d3/cctv/image/hwy99atgarnerlane1/hwy99atgarnerlane1.jpg,15,https://cwwp2.dot.ca.gov/data/d3/cctv/image/hwy99atgarnerlane1/previous/hwy99atgarnerlane1-1.jpg,https://cwwp2.dot.ca.gov/data/d3/cctv/image/hwy99atgarnerlane1/previous/hwy99atgarnerlane1-2.jpg,https://cwwp2.dot.ca.gov/data/d3/cctv/image/hwy99atgarnerlane1/previous/hwy99atgarnerlane1-3.jpg,https://cwwp2.dot.ca.gov/data/d3/cctv/image/hwy99atgarnerlane1/previous/hwy99atgarnerlane1-4.jpg,https://cwwp2.dot.ca.gov/data/d3/cctv/image/hwy99atgarnerlane1/previous/hwy99atgarnerlane1-5.jpg,https://cwwp2.dot.ca.gov/data/d3/cctv/image/hwy99atgarnerlane1/previous/hwy99atgarnerlane1-6.jpg,https://cwwp2.dot.ca.gov/data/d3/cctv/image/hwy99atgarnerlane1/previous/hwy99atgarnerlane1-7.jpg,https://cwwp2.dot.ca.gov/data/d3/cctv/image/hwy99atgarnerlane1/previous/hwy99atgarnerlane1-8.jpg,https://cwwp2.dot.ca.gov/data/d3/cctv/image/hwy99atgarnerlane1/previous/hwy99atgarnerlane1-9.jpg,https://cwwp2.dot.ca.gov/data/d3/cctv/image/hwy99atgarnerlane1/previous/hwy99atgarnerlane1-10.jpg,https://cwwp2.dot.ca.gov/data/d3/cctv/image/hwy99atgarnerlane1/previous/hwy99atgarnerlane1-11.jpg,https://cwwp2.dot.ca.gov/data/d3/cctv/image/hwy99atgarnerlane1/previous/hwy99atgarnerlane1-12.jpg
220,2025-09-23,09:31:35,1758645095,3,"Hwy 99 at Garner Lane 2",Chico,-121.890929,39.789467,177,South,Butte,SR-99,,T,37.706,L,382.478,true,,https://wzmedia.dot.ca.gov/D3/99_Garner_Ln_BUT99_SB_2.stream/playlist.m3u8,1,https://cwwp2.dot.ca.gov/data/d3/cctv/image/hwy99atgarnerlane2/hwy99atgarnerlane2.jpg,15,https://cwwp2.dot.ca.gov/data/d3/cctv/image/hwy99atgarnerlane2/previous/hwy99atgarnerlane2-1.jpg,https://cwwp2.dot.ca.gov/data/d3/cctv/image/hwy99atgarnerlane2/previous/hwy99atgarnerlane2-2.jpg,https://cwwp2.dot.ca.gov/data/d3/cctv/image/hwy99atgarnerlane2/previous/hwy99atgarnerlane2-3.jpg,https://cwwp2.dot.ca.gov/data/d3/cctv/image/hwy99atgarnerlane2/previous/hwy99atgarnerlane2-4.jpg,https://cwwp2.dot.ca.gov/data/d3/cctv/image/hwy99atgarnerlane2/previous/hwy99atgarnerlane2-5.jpg,https://cwwp2.dot.ca.gov/data/d3/cctv/image/hwy99atgarnerlane2/previous/hwy99atgarnerlane2-6.jpg,https://cwwp2.dot.ca.gov/data/d3/cctv/image/hwy99atgarnerlane2/previous/hwy99atgarnerlane2-7.jpg,https://cwwp2.dot.ca.gov/data/d3/cctv/image/hwy99atgarnerlane2/previous/hwy99atgarnerlane2-8.jpg,https://cwwp2.dot.ca.gov/data/d3/cctv/image/hwy99atgarnerlane2/previous/hwy99atgarnerlane2-9.jpg,https://cwwp2.dot.ca.gov/data/d3/cctv/image/hwy99atgarnerlane2/previous/hwy99atgarnerlane2-10.jpg,https://cwwp2.dot.ca.gov/data/d3/cctv/image/hwy99atgarnerlane2/previous/hwy99atgarnerlane2-11.jpg,https://cwwp2.dot.ca.gov/data/d3/cctv/image/hwy99atgarnerlane2/previous/hwy99atgarnerlane2-12.jpg
221,2025-02-27,16:33:53,1740702833,3,"Hwy 50 at Ice House","Pollock Pines",-120.446648,38.768721,3264,East,"El Dorado",US-50,,,39.834,,68.217,true,,https://wzmedia.dot.ca.gov/D3/50_Ice_House_Rd_JEO_ED50_EB.stream/playlist.m3u8,1,https://cwwp2.dot.ca.gov/data/d3/cctv/image/hwy50aticehouse/hwy50aticehouse.jpg,15,https://cwwp2.dot.ca.gov/data/d3/cctv/image/hwy50aticehouse/previous/hwy50aticehouse-1.jpg,https://cwwp2.dot.ca.gov/data/d3/cctv/image/hwy50aticehouse/previous/hwy50aticehouse-2.jpg,https://cwwp2.dot.ca.gov/data/d3/cctv/image/hwy50aticehouse/previous/hwy50aticehouse-3.jpg,https://cwwp2.dot.ca.gov/data/d3/cctv/image/hwy50aticehouse/previous/hwy50aticehouse-4.jpg,https://cwwp2.dot.ca.gov/data/d3/cctv/image/hwy50aticehouse/previous/hwy50aticehouse-5.jpg,https://cwwp2.dot.ca.gov/data/d3/cctv/image/hwy50aticehouse/previous/hwy50aticehouse-6.jpg,https://cwwp2.dot.ca.gov/data/d3/cctv/image/hwy50aticehouse/previous/hwy50aticehouse-7.jpg,https://cwwp2.dot.ca.gov/data/d3/cctv/image/hwy50aticehouse/previous/hwy50aticehouse-8.jpg,https://cwwp2.dot.ca.gov/data/d3/cctv/image/hwy50aticehouse/previous/hwy50aticehouse-9.jpg,https://cwwp2.dot.ca.gov/data/d3/cctv/image/hwy50aticehouse/previous/hwy50aticehouse-10.jpg,https://cwwp2.dot.ca.gov/data/d3/cctv/image/hwy50aticehouse/previous/hwy50aticehouse-11.jpg,https://cwwp2.dot.ca.gov/data/d3/cctv/image/hwy50aticehouse/previous/hwy50aticehouse-12.jpg
222,2025-11-20,14:57:21,1763679441,3,"Hwy 50 at Riverton Sandhouse","Pollock Pines",-120.47105,38.77383,3231,,"El Dorado",US-50,,,38.180,R,66.563,true,,https://wzmedia.dot.ca.gov/D3/50_Riverton_Sandhouse_ED50_EB.stream/playlist.m3u8,1,https://cwwp2.dot.ca.gov/data/d3/cctv/image/hwy50atrivertonsandhouse/hwy50atrivertonsandhouse.jpg,15,https://cwwp2.dot.ca.gov/data/d3/cctv/image/hwy50atrivertonsandhouse/previous/hwy50atrivertonsandhouse-1.jpg,https://cwwp2.dot.ca.gov/data/d3/cctv/image/hwy50atrivertonsandhouse/previous/hwy50atrivertonsandhouse-2.jpg,https://cwwp2.dot.ca.gov/data/d3/cctv/image/hwy50atrivertonsandhouse/previous/hwy50atrivertonsandhouse-3.jpg,https://cwwp2.dot.ca.gov/data/d3/cctv/image/hwy50atrivertonsandhouse/previous/hwy50atrivertonsandhouse-4.jpg,https://cwwp2.dot.ca.gov/data/d3/cctv/image/hwy50atrivertonsandhouse/previous/hwy50atrivertonsandhouse-5.jpg,https://cwwp2.dot.ca.gov/data/d3/cctv/image/hwy50atrivertonsandhouse/previous/hwy50atrivertonsandhouse-6.jpg,https://cwwp2.dot.ca.gov/data/d3/cctv/image/hwy50atrivertonsandhouse/previous/hwy50atrivertonsandhouse-7.jpg,https://cwwp2.dot.ca.gov/data/d3/cctv/image/hwy50atrivertonsandhouse/previous/hwy50atrivertonsandhouse-8.jpg,https://cwwp2.dot.ca.gov/data/d3/cctv/image/hwy50atrivertonsandhouse/previous/hwy50atrivertonsandhouse-9.jpg,https://cwwp2.dot.ca.gov/data/d3/cctv/image/hwy50atrivertonsandhouse/previous/hwy50atrivertonsandhouse-10.jpg,https://cwwp2.dot.ca.gov/data/d3/cctv/image/hwy50atrivertonsandhouse/previous/hwy50atrivertonsandhouse-11.jpg,https://cwwp2.dot.ca.gov/data/d3/cctv/image/hwy50atrivertonsandhouse/previous/hwy50atrivertonsandhouse-12.jpg
223,2024-12-30,13:43:53,1735595033,3,"Hwy 50 at Greenstone 1","Greenstone Rd",-120.884516,38.695782,1500,West,"El Dorado",US-50,,R,12.377,,40.916,true,,https://wzmedia.dot.ca.gov/D3/50_Greenstone_Rd_JEO_ED50_EB_1.stream/playlist.m3u8,1,https://cwwp2.dot.ca.gov/data/d3/cctv/image/hwy50atgreenstone1/hwy50atgreenstone1.jpg,15,https://cwwp2.dot.ca.gov/data/d3/cctv/image/hwy50atgreenstone1/previous/hwy50atgreenstone1-1.jpg,https://cwwp2.dot.ca.gov/data/d3/cctv/image/hwy50atgreenstone1/previous/hwy50atgreenstone1-2.jpg,https://cwwp2.dot.ca.gov/data/d3/cctv/image/hwy50atgreenstone1/previous/hwy50atgreenstone1-3.jpg,https://cwwp2.dot.ca.gov/data/d3/cctv/image/hwy50atgreenstone1/previous/hwy50atgreenstone1-4.jpg,https://cwwp2.dot.ca.gov/data/d3/cctv/image/hwy50atgreenstone1/previous/hwy50atgreenstone1-5.jpg,https://cwwp2.dot.ca.gov/data/d3/cctv/image/hwy50atgreenstone1/previous/hwy50atgreenstone1-6.jpg,https://cwwp2.dot.ca.gov/data/d3/cctv/image/hwy50atgreenstone1/previous/hwy50atgreenstone1-7.jpg,https://cwwp2.dot.ca.gov/data/d3/cctv/image/hwy50atgreenstone1/previous/hwy50atgreenstone1-8.jpg,https://cwwp2.dot.ca.gov/data/d3/cctv/image/hwy50atgreenstone1/previous/hwy50atgreenstone1-9.jpg,https://cwwp2.dot.ca.gov/data/d3/cctv/image/hwy50atgreenstone1/previous/hwy50atgreenstone1-10.jpg,https://cwwp2.dot.ca.gov/data/d3/cctv/image/hwy50atgreenstone1/previous/hwy50atgreenstone1-11.jpg,https://cwwp2.dot.ca.gov/data/d3/cctv/image/hwy50atgreenstone1/previous/hwy50atgreenstone1-12.jpg
224,2024-12-30,13:44:23,1735595063,3,"Hwy 50 at Greenstone 2","Greenstone Rd",-120.884516,38.695782,1500,East,"El Dorado",US-50,,R,12.377,,40.916,true,,https://wzmedia.dot.ca.gov/D3/50_Greenstone_Rd_JEO_ED50_EB_2.stream/playlist.m3u8,1,https://cwwp2.dot.ca.gov/data/d3/cctv/image/hwy50atgreenstone2/hwy50atgreenstone2.jpg,15,https://cwwp2.dot.ca.gov/data/d3/cctv/image/hwy50atgreenstone2/previous/hwy50atgreenstone2-1.jpg,https://cwwp2.dot.ca.gov/data/d3/cctv/image/hwy50atgreenstone2/previous/hwy50atgreenstone2-2.jpg,https://cwwp2.dot.ca.gov/data/d3/cctv/image/hwy50atgreenstone2/previous/hwy50atgreenstone2-3.jpg,https://cwwp2.dot.ca.gov/data/d3/cctv/image/hwy50atgreenstone2/previous/hwy50atgreenstone2-4.jpg,https://cwwp2.dot.ca.gov/data/d3/cctv/image/hwy50atgreenstone2/previous/hwy50atgreenstone2-5.jpg,https://cwwp2.dot.ca.gov/data/d3/cctv/image/hwy50atgreenstone2/previous/hwy50atgreenstone2-6.jpg,https://cwwp2.dot.ca.gov/data/d3/cctv/image/hwy50atgreenstone2/previous/hwy50atgreenstone2-7.jpg,https://cwwp2.dot.ca.gov/data/d3/cctv/image/hwy50atgreenstone2/previous/hwy50atgreenstone2-8.jpg,https://cwwp2.dot.ca.gov/data/d3/cctv/image/hwy50atgreenstone2/previous/hwy50atgreenstone2-9.jpg,https://cwwp2.dot.ca.gov/data/d3/cctv/image/hwy50atgreenstone2/previous/hwy50atgreenstone2-10.jpg,https://cwwp2.dot.ca.gov/data/d3/cctv/image/hwy50atgreenstone2/previous/hwy50atgreenstone2-11.jpg,https://cwwp2.dot.ca.gov/data/d3/cctv/image/hwy50atgreenstone2/previous/hwy50atgreenstone2-12.jpg
225,2024-12-19,12:31:28,1734640288,3,"Hwy 50 at Cameron_Park_ED50_WB_1","Cameron Park Dr",-120.969424,38.6596759,1200,West,"El Dorado",US-50,,,6.561,,35.359,true,,https://wzmedia.dot.ca.gov/D3/50_Cameron_Park_Dr_UC_ED50_WB_1.stream/playlist.m3u8,1,https://cwwp2.dot.ca.gov/data/d3/cctv/image/hwy50atcameronparked50wb1/hwy50atcameronparked50wb1.jpg,15,https://cwwp2.dot.ca.gov/data/d3/cctv/image/hwy50atcameronparked50wb1/previous/hwy50atcameronparked50wb1-1.jpg,https://cwwp2.dot.ca.gov/data/d3/cctv/image/hwy50atcameronparked50wb1/previous/hwy50atcameronparked50wb1-2.jpg,https://cwwp2.dot.ca.gov/data/d3/cctv/image/hwy50atcameronparked50wb1/previous/hwy50atcameronparked50wb1-3.jpg,https://cwwp2.dot.ca.gov/data/d3/cctv/image/hwy50atcameronparked50wb1/previous/hwy50atcameronparked50wb1-4.jpg,https://cwwp2.dot.ca.gov/data/d3/cctv/image/hwy50atcameronparked50wb1/previous/hwy50atcameronparked50wb1-5.jpg,https://cwwp2.dot.ca.gov/data/d3/cctv/image/hwy50atcameronparked50wb1/previous/hwy50atcameronparked50wb1-6.jpg,https://cwwp2.dot.ca.gov/data/d3/cctv/image/hwy50atcameronparked50wb1/previous/hwy50atcameronparked50wb1-7.jpg,https://cwwp2.dot.ca.gov/data/d3/cctv/image/hwy50atcameronparked50wb1/previous/hwy50atcameronparked50wb1-8.jpg,https://cwwp2.dot.ca.gov/data/d3/cctv/image/hwy50atcameronparked50wb1/previous/hwy50atcameronparked50wb1-9.jpg,https://cwwp2.dot.ca.gov/data/d3/cctv/image/hwy50atcameronparked50wb1/previous/hwy50atcameronparked50wb1-10.jpg,https://cwwp2.dot.ca.gov/data/d3/cctv/image/hwy50atcameronparked50wb1/previous/hwy50atcameronparked50wb1-11.jpg,https://cwwp2.dot.ca.gov/data/d3/cctv/image/hwy50atcameronparked50wb1/previous/hwy50atcameronparked50wb1-12.jpg
226,2024-12-19,12:30:22,1734640222,3,"Hwy 50 at Cameron_Park_ED50_WB_2","Cameron Park Dr",-120.969424,38.6596759,1200,East,"El Dorado",US-50,,,6.561,,35.359,true,,https://wzmedia.dot.ca.gov/D3/50_Cameron_Park_Dr_UC_ED50_WB_2.stream/playlist.m3u8,1,https://cwwp2.dot.ca.gov/data/d3/cctv/image/hwy50atcameronparked50wb2/hwy50atcameronparked50wb2.jpg,15,https://cwwp2.dot.ca.gov/data/d3/cctv/image/hwy50atcameronparked50wb2/previous/hwy50atcameronparked50wb2-1.jpg,https://cwwp2.dot.ca.gov/data/d3/cctv/image/hwy50atcameronparked50wb2/previous/hwy50atcameronparked50wb2-2.jpg,https://cwwp2.dot.ca.gov/data/d3/cctv/image/hwy50atcameronparked50wb2/previous/hwy50atcameronparked50wb2-3.jpg,https://cwwp2.dot.ca.gov/data/d3/cctv/image/hwy50atcameronparked50wb2/previous/hwy50atcameronparked50wb2-4.jpg,https://cwwp2.dot.ca.gov/data/d3/cctv/image/hwy50atcameronparked50wb2/previous/hwy50atcameronparked50wb2-5.jpg,https://cwwp2.dot.ca.gov/data/d3/cctv/image/hwy50atcameronparked50wb2/previous/hwy50atcameronparked50wb2-6.jpg,https://cwwp2.dot.ca.gov/data/d3/cctv/image/hwy50atcameronparked50wb2/previous/hwy50atcameronparked50wb2-7.jpg,https://cwwp2.dot.ca.gov/data/d3/cctv/image/hwy50atcameronparked50wb2/previous/hwy50atcameronparked50wb2-8.jpg,https://cwwp2.dot.ca.gov/data/d3/cctv/image/hwy50atcameronparked50wb2/previous/hwy50atcameronparked50wb2-9.jpg,https://cwwp2.dot.ca.gov/data/d3/cctv/image/hwy50atcameronparked50wb2/previous/hwy50atcameronparked50wb2-10.jpg,https://cwwp2.dot.ca.gov/data/d3/cctv/image/hwy50atcameronparked50wb2/previous/hwy50atcameronparked50wb2-11.jpg,https://cwwp2.dot.ca.gov/data/d3/cctv/image/hwy50atcameronparked50wb2/previous/hwy50atcameronparked50wb2-12.jpg
228,2025-10-21,14:54:48,1761083688,3,"Hwy 50 at El Dorado ED50 WB 2","El Dorado Hills",-121.0721,38.6527,636,,"El Dorado",US-50,,,0.79,L,29.6,true,,https://wzmedia.dot.ca.gov/D3/50_El_Dorado_Hills_ED50_WB_2.stream/playlist.m3u8,1,https://cwwp2.dot.ca.gov/data/d3/cctv/image/hwy50ateldoradoed50wb2/hwy50ateldoradoed50wb2.jpg,15,https://cwwp2.dot.ca.gov/data/d3/cctv/image/hwy50ateldoradoed50wb2/previous/hwy50ateldoradoed50wb2-1.jpg,https://cwwp2.dot.ca.gov/data/d3/cctv/image/hwy50ateldoradoed50wb2/previous/hwy50ateldoradoed50wb2-2.jpg,https://cwwp2.dot.ca.gov/data/d3/cctv/image/hwy50ateldoradoed50wb2/previous/hwy50ateldoradoed50wb2-3.jpg,https://cwwp2.dot.ca.gov/data/d3/cctv/image/hwy50ateldoradoed50wb2/previous/hwy50ateldoradoed50wb2-4.jpg,https://cwwp2.dot.ca.gov/data/d3/cctv/image/hwy50ateldoradoed50wb2/previous/hwy50ateldoradoed50wb2-5.jpg,https://cwwp2.dot.ca.gov/data/d3/cctv/image/hwy50ateldoradoed50wb2/previous/hwy50ateldoradoed50wb2-6.jpg,https://cwwp2.dot.ca.gov/data/d3/cctv/image/hwy50ateldoradoed50wb2/previous/hwy50ateldoradoed50wb2-7.jpg,https://cwwp2.dot.ca.gov/data/d3/cctv/image/hwy50ateldoradoed50wb2/previous/hwy50ateldoradoed50wb2-8.jpg,https://cwwp2.dot.ca.gov/data/d3/cctv/image/hwy50ateldoradoed50wb2/previous/hwy50ateldoradoed50wb2-9.jpg,https://cwwp2.dot.ca.gov/data/d3/cctv/image/hwy50ateldoradoed50wb2/previous/hwy50ateldoradoed50wb2-10.jpg,https://cwwp2.dot.ca.gov/data/d3/cctv/image/hwy50ateldoradoed50wb2/previous/hwy50ateldoradoed50wb2-11.jpg,https://cwwp2.dot.ca.gov/data/d3/cctv/image/hwy50ateldoradoed50wb2/previous/hwy50ateldoradoed50wb2-12.jpg
229,2023-10-05,13:53:38,1696539218,3,"Hwy 50 at E_Bidwell_St_SAC50_WB_1",Folsom,-121.1141451,38.643686,439,West,Sacramento,US-50,,,21.534,L,27.204,true,,https://wzmedia.dot.ca.gov/D3/50_E_Bidwell_St_SAC50_WB_1.stream/playlist.m3u8,1,https://cwwp2.dot.ca.gov/data/d3/cctv/image/hwy50atebidwellstsac50wb1/hwy50atebidwellstsac50wb1.jpg,15,https://cwwp2.dot.ca.gov/data/d3/cctv/image/hwy50atebidwellstsac50wb1/previous/hwy50atebidwellstsac50wb1-1.jpg,https://cwwp2.dot.ca.gov/data/d3/cctv/image/hwy50atebidwellstsac50wb1/previous/hwy50atebidwellstsac50wb1-2.jpg,https://cwwp2.dot.ca.gov/data/d3/cctv/image/hwy50atebidwellstsac50wb1/previous/hwy50atebidwellstsac50wb1-3.jpg,https://cwwp2.dot.ca.gov/data/d3/cctv/image/hwy50atebidwellstsac50wb1/previous/hwy50atebidwellstsac50wb1-4.jpg,https://cwwp2.dot.ca.gov/data/d3/cctv/image/hwy50atebidwellstsac50wb1/previous/hwy50atebidwellstsac50wb1-5.jpg,https://cwwp2.dot.ca.gov/data/d3/cctv/image/hwy50atebidwellstsac50wb1/previous/hwy50atebidwellstsac50wb1-6.jpg,https://cwwp2.dot.ca.gov/data/d3/cctv/image/hwy50atebidwellstsac50wb1/previous/hwy50atebidwellstsac50wb1-7.jpg,https://cwwp2.dot.ca.gov/data/d3/cctv/image/hwy50atebidwellstsac50wb1/previous/hwy50atebidwellstsac50wb1-8.jpg,https://cwwp2.dot.ca.gov/data/d3/cctv/image/hwy50atebidwellstsac50wb1/previous/hwy50atebidwellstsac50wb1-9.jpg,https://cwwp2.dot.ca.gov/data/d3/cctv/image/hwy50atebidwellstsac50wb1/previous/hwy50atebidwellstsac50wb1-10.jpg,https://cwwp2.dot.ca.gov/data/d3/cctv/image/hwy50atebidwellstsac50wb1/previous/hwy50atebidwellstsac50wb1-11.jpg,https://cwwp2.dot.ca.gov/data/d3/cctv/image/hwy50atebidwellstsac50wb1/previous/hwy50atebidwellstsac50wb1-12.jpg
230,2023-10-05,13:53:54,1696539234,3,"Hwy 50 at E_Bidwell_St_SAC50_WB_2",Folsom,-121.1141451,38.643676,439,East,Sacramento,US-50,,,21.534,L,27.204,true,,https://wzmedia.dot.ca.gov/D3/50_E_Bidwell_St_SAC50_WB_2.stream/playlist.m3u8,1,https://cwwp2.dot.ca.gov/data/d3/cctv/image/hwy50atebidwellstsac50wb2/hwy50atebidwellstsac50wb2.jpg,15,https://cwwp2.dot.ca.gov/data/d3/cctv/image/hwy50atebidwellstsac50wb2/previous/hwy50atebidwellstsac50wb2-1.jpg,https://cwwp2.dot.ca.gov/data/d3/cctv/image/hwy50atebidwellstsac50wb2/previous/hwy50atebidwellstsac50wb2-2.jpg,https://cwwp2.dot.ca.gov/data/d3/cctv/image/hwy50atebidwellstsac50wb2/previous/hwy50atebidwellstsac50wb2-3.jpg,https://cwwp2.dot.ca.gov/data/d3/cctv/image/hwy50atebidwellstsac50wb2/previous/hwy50atebidwellstsac50wb2-4.jpg,https://cwwp2.dot.ca.gov/data/d3/cctv/image/hwy50atebidwellstsac50wb2/previous/hwy50atebidwellstsac50wb2-5.jpg,https://cwwp2.dot.ca.gov/data/d3/cctv/image/hwy50atebidwellstsac50wb2/previous/hwy50atebidwellstsac50wb2-6.jpg,https://cwwp2.dot.ca.gov/data/d3/cctv/image/hwy50atebidwellstsac50wb2/previous/hwy50atebidwellstsac50wb2-7.jpg,https://cwwp2.dot.ca.gov/data/d3/cctv/image/hwy50atebidwellstsac50wb2/previous/hwy50atebidwellstsac50wb2-8.jpg,https://cwwp2.dot.ca.gov/data/d3/cctv/image/hwy50atebidwellstsac50wb2/previous/hwy50atebidwellstsac50wb2-9.jpg,https://cwwp2.dot.ca.gov/data/d3/cctv/image/hwy50atebidwellstsac50wb2/previous/hwy50atebidwellstsac50wb2-10.jpg,https://cwwp2.dot.ca.gov/data/d3/cctv/image/hwy50atebidwellstsac50wb2/previous/hwy50atebidwellstsac50wb2-11.jpg,https://cwwp2.dot.ca.gov/data/d3/cctv/image/hwy50atebidwellstsac50wb2/previous/hwy50atebidwellstsac50wb2-12.jpg
231,2025-05-27,15:46:29,1748385989,3,"Hwy 50 at Prairie City",Folsom,-121.1557241,38.642402,275,West,Sacramento,US-50,,,19.278,L,24.948,true,,https://wzmedia.dot.ca.gov/D3/50_Prairie_City_Rd_SAC50_WB.stream/playlist.m3u8,1,https://cwwp2.dot.ca.gov/data/d3/cctv/image/hwy50atprairiecity/hwy50atprairiecity.jpg,15,https://cwwp2.dot.ca.gov/data/d3/cctv/image/hwy50atprairiecity/previous/hwy50atprairiecity-1.jpg,https://cwwp2.dot.ca.gov/data/d3/cctv/image/hwy50atprairiecity/previous/hwy50atprairiecity-2.jpg,https://cwwp2.dot.ca.gov/data/d3/cctv/image/hwy50atprairiecity/previous/hwy50atprairiecity-3.jpg,https://cwwp2.dot.ca.gov/data/d3/cctv/image/hwy50atprairiecity/previous/hwy50atprairiecity-4.jpg,https://cwwp2.dot.ca.gov/data/d3/cctv/image/hwy50atprairiecity/previous/hwy50atprairiecity-5.jpg,https://cwwp2.dot.ca.gov/data/d3/cctv/image/hwy50atprairiecity/previous/hwy50atprairiecity-6.jpg,https://cwwp2.dot.ca.gov/data/d3/cctv/image/hwy50atprairiecity/previous/hwy50atprairiecity-7.jpg,https://cwwp2.dot.ca.gov/data/d3/cctv/image/hwy50atprairiecity/previous/hwy50atprairiecity-8.jpg,https://cwwp2.dot.ca.gov/data/d3/cctv/image/hwy50atprairiecity/previous/hwy50atprairiecity-9.jpg,https://cwwp2.dot.ca.gov/data/d3/cctv/image/hwy50atprairiecity/previous/hwy50atprairiecity-10.jpg,https://cwwp2.dot.ca.gov/data/d3/cctv/image/hwy50atprairiecity/previous/hwy50atprairiecity-11.jpg,https://cwwp2.dot.ca.gov/data/d3/cctv/image/hwy50atprairiecity/previous/hwy50atprairiecity-12.jpg
232,2023-08-24,13:15:23,1692908123,3,"Hwy 50 at Folsom_Blvd_SAC50_WB_1",Folsom,-121.196928,38.640212,164,West,Sacramento,US-50,,,17.029,L,22.699,true,,https://wzmedia.dot.ca.gov/D3/50_Folsom_Blvd_SAC50_WB_1.stream/playlist.m3u8,1,https://cwwp2.dot.ca.gov/data/d3/cctv/image/hwy50atfolsomblvdsac50wb1/hwy50atfolsomblvdsac50wb1.jpg,15,https://cwwp2.dot.ca.gov/data/d3/cctv/image/hwy50atfolsomblvdsac50wb1/previous/hwy50atfolsomblvdsac50wb1-1.jpg,https://cwwp2.dot.ca.gov/data/d3/cctv/image/hwy50atfolsomblvdsac50wb1/previous/hwy50atfolsomblvdsac50wb1-2.jpg,https://cwwp2.dot.ca.gov/data/d3/cctv/image/hwy50atfolsomblvdsac50wb1/previous/hwy50atfolsomblvdsac50wb1-3.jpg,https://cwwp2.dot.ca.gov/data/d3/cctv/image/hwy50atfolsomblvdsac50wb1/previous/hwy50atfolsomblvdsac50wb1-4.jpg,https://cwwp2.dot.ca.gov/data/d3/cctv/image/hwy50atfolsomblvdsac50wb1/previous/hwy50atfolsomblvdsac50wb1-5.jpg,https://cwwp2.dot.ca.gov/data/d3/cctv/image/hwy50atfolsomblvdsac50wb1/previous/hwy50atfolsomblvdsac50wb1-6.jpg,https://cwwp2.dot.ca.gov/data/d3/cctv/image/hwy50atfolsomblvdsac50wb1/previous/hwy50atfolsomblvdsac50wb1-7.jpg,https://cwwp2.dot.ca.gov/data/d3/cctv/image/hwy50atfolsomblvdsac50wb1/previous/hwy50atfolsomblvdsac50wb1-8.jpg,https://cwwp2.dot.ca.gov/data/d3/cctv/image/hwy50atfolsomblvdsac50wb1/previous/hwy50atfolsomblvdsac50wb1-9.jpg,https://cwwp2.dot.ca.gov/data/d3/cctv/image/hwy50atfolsomblvdsac50wb1/previous/hwy50atfolsomblvdsac50wb1-10.jpg,https://cwwp2.dot.ca.gov/data/d3/cctv/image/hwy50atfolsomblvdsac50wb1/previous/hwy50atfolsomblvdsac50wb1-11.jpg,https://cwwp2.dot.ca.gov/data/d3/cctv/image/hwy50atfolsomblvdsac50wb1/previous/hwy50atfolsomblvdsac50wb1-12.jpg
233,2025-05-27,19:19:59,1748398799,3,"Hwy 50 at Hazel OC JEO WB 1","Rancho Cordova",-121.216651,38.631541,137,West,Sacramento,US-50,,,15.804,L,21.474,true,,https://wzmedia.dot.ca.gov/D3/50_Hazel_Ave_OC_JEO_SAC50_WB_1.stream/playlist.m3u8,1,https://cwwp2.dot.ca.gov/data/d3/cctv/image/hwy50athazelocjeowb1/hwy50athazelocjeowb1.jpg,15,https://cwwp2.dot.ca.gov/data/d3/cctv/image/hwy50athazelocjeowb1/previous/hwy50athazelocjeowb1-1.jpg,https://cwwp2.dot.ca.gov/data/d3/cctv/image/hwy50athazelocjeowb1/previous/hwy50athazelocjeowb1-2.jpg,https://cwwp2.dot.ca.gov/data/d3/cctv/image/hwy50athazelocjeowb1/previous/hwy50athazelocjeowb1-3.jpg,https://cwwp2.dot.ca.gov/data/d3/cctv/image/hwy50athazelocjeowb1/previous/hwy50athazelocjeowb1-4.jpg,https://cwwp2.dot.ca.gov/data/d3/cctv/image/hwy50athazelocjeowb1/previous/hwy50athazelocjeowb1-5.jpg,https://cwwp2.dot.ca.gov/data/d3/cctv/image/hwy50athazelocjeowb1/previous/hwy50athazelocjeowb1-6.jpg,https://cwwp2.dot.ca.gov/data/d3/cctv/image/hwy50athazelocjeowb1/previous/hwy50athazelocjeowb1-7.jpg,https://cwwp2.dot.ca.gov/data/d3/cctv/image/hwy50athazelocjeowb1/previous/hwy50athazelocjeowb1-8.jpg,https://cwwp2.dot.ca.gov/data/d3/cctv/image/hwy50athazelocjeowb1/previous/hwy50athazelocjeowb1-9.jpg,https://cwwp2.dot.ca.gov/data/d3/cctv/image/hwy50athazelocjeowb1/previous/hwy50athazelocjeowb1-10.jpg,https://cwwp2.dot.ca.gov/data/d3/cctv/image/hwy50athazelocjeowb1/previous/hwy50athazelocjeowb1-11.jpg,https://cwwp2.dot.ca.gov/data/d3/cctv/image/hwy50athazelocjeowb1/previous/hwy50athazelocjeowb1-12.jpg
234,2025-05-27,19:20:07,1748398807,3,"Hwy 50 at Hazel OC JEO WB 2","Rancho Cordova",-121.216611,38.631531,137,East,Sacramento,US-50,,,15.804,L,21.474,true,,https://wzmedia.dot.ca.gov/D3/50_Hazel_Ave_OC_JEO_SAC50_WB_2.stream/playlist.m3u8,1,https://cwwp2.dot.ca.gov/data/d3/cctv/image/hwy50athazelocjeowb2/hwy50athazelocjeowb2.jpg,15,https://cwwp2.dot.ca.gov/data/d3/cctv/image/hwy50athazelocjeowb2/previous/hwy50athazelocjeowb2-1.jpg,https://cwwp2.dot.ca.gov/data/d3/cctv/image/hwy50athazelocjeowb2/previous/hwy50athazelocjeowb2-2.jpg,https://cwwp2.dot.ca.gov/data/d3/cctv/image/hwy50athazelocjeowb2/previous/hwy50athazelocjeowb2-3.jpg,https://cwwp2.dot.ca.gov/data/d3/cctv/image/hwy50athazelocjeowb2/previous/hwy50athazelocjeowb2-4.jpg,https://cwwp2.dot.ca.gov/data/d3/cctv/image/hwy50athazelocjeowb2/previous/hwy50athazelocjeowb2-5.jpg,https://cwwp2.dot.ca.gov/data/d3/cctv/image/hwy50athazelocjeowb2/previous/hwy50athazelocjeowb2-6.jpg,https://cwwp2.dot.ca.gov/data/d3/cctv/image/hwy50athazelocjeowb2/previous/hwy50athazelocjeowb2-7.jpg,https://cwwp2.dot.ca.gov/data/d3/cctv/image/hwy50athazelocjeowb2/previous/hwy50athazelocjeowb2-8.jpg,https://cwwp2.dot.ca.gov/data/d3/cctv/image/hwy50athazelocjeowb2/previous/hwy50athazelocjeowb2-9.jpg,https://cwwp2.dot.ca.gov/data/d3/cctv/image/hwy50athazelocjeowb2/previous/hwy50athazelocjeowb2-10.jpg,https://cwwp2.dot.ca.gov/data/d3/cctv/image/hwy50athazelocjeowb2/previous/hwy50athazelocjeowb2-11.jpg,https://cwwp2.dot.ca.gov/data/d3/cctv/image/hwy50athazelocjeowb2/previous/hwy50athazelocjeowb2-12.jpg
235,2025-10-21,14:55:11,1761083711,3,"Hwy 50 at El Dorado ED50 WB 3","El Dorado Hills",-121.0720351,38.652741,636,East,"El Dorado",US-50,,,0.798,L,29.604,true,,https://wzmedia.dot.ca.gov/D3/50_El_Dorado_Hills_ED50_WB_3.stream/playlist.m3u8,1,https://cwwp2.dot.ca.gov/data/d3/cctv/image/hwy50ateldoradoed50wb3/hwy50ateldoradoed50wb3.jpg,15,https://cwwp2.dot.ca.gov/data/d3/cctv/image/hwy50ateldoradoed50wb3/previous/hwy50ateldoradoed50wb3-1.jpg,https://cwwp2.dot.ca.gov/data/d3/cctv/image/hwy50ateldoradoed50wb3/previous/hwy50ateldoradoed50wb3-2.jpg,https://cwwp2.dot.ca.gov/data/d3/cctv/image/hwy50ateldoradoed50wb3/previous/hwy50ateldoradoed50wb3-3.jpg,https://cwwp2.dot.ca.gov/data/d3/cctv/image/hwy50ateldoradoed50wb3/previous/hwy50ateldoradoed50wb3-4.jpg,https://cwwp2.dot.ca.gov/data/d3/cctv/image/hwy50ateldoradoed50wb3/previous/hwy50ateldoradoed50wb3-5.jpg,https://cwwp2.dot.ca.gov/data/d3/cctv/image/hwy50ateldoradoed50wb3/previous/hwy50ateldoradoed50wb3-6.jpg,https://cwwp2.dot.ca.gov/data/d3/cctv/image/hwy50ateldoradoed50wb3/previous/hwy50ateldoradoed50wb3-7.jpg,https://cwwp2.dot.ca.gov/data/d3/cctv/image/hwy50ateldoradoed50wb3/previous/hwy50ateldoradoed50wb3-8.jpg,https://cwwp2.dot.ca.gov/data/d3/cctv/image/hwy50ateldoradoed50wb3/previous/hwy50ateldoradoed50wb3-9.jpg,https://cwwp2.dot.ca.gov/data/d3/cctv/image/hwy50ateldoradoed50wb3/previous/hwy50ateldoradoed50wb3-10.jpg,https://cwwp2.dot.ca.gov/data/d3/cctv/image/hwy50ateldoradoed50wb3/previous/hwy50ateldoradoed50wb3-11.jpg,https://cwwp2.dot.ca.gov/data/d3/cctv/image/hwy50ateldoradoed50wb3/previous/hwy50ateldoradoed50wb3-12.jpg
236,2025-06-10,14:32:15,1749591135,3,"Hwy 20 at Dorsey Dr EB","Grass Valley",-121.0428401,39.2291216,2690,North,Nevada,SR-20,,R,14.258,R,184.730,true,,https://wzmedia.dot.ca.gov/D3/20_Dorsey_Dr_NEV20_EB.stream/playlist.m3u8,1,https://cwwp2.dot.ca.gov/data/d3/cctv/image/hwy20atdorseydreb/hwy20atdorseydreb.jpg,15,https://cwwp2.dot.ca.gov/data/d3/cctv/image/hwy20atdorseydreb/previous/hwy20atdorseydreb-1.jpg,https://cwwp2.dot.ca.gov/data/d3/cctv/image/hwy20atdorseydreb/previous/hwy20atdorseydreb-2.jpg,https://cwwp2.dot.ca.gov/data/d3/cctv/image/hwy20atdorseydreb/previous/hwy20atdorseydreb-3.jpg,https://cwwp2.dot.ca.gov/data/d3/cctv/image/hwy20atdorseydreb/previous/hwy20atdorseydreb-4.jpg,https://cwwp2.dot.ca.gov/data/d3/cctv/image/hwy20atdorseydreb/previous/hwy20atdorseydreb-5.jpg,https://cwwp2.dot.ca.gov/data/d3/cctv/image/hwy20atdorseydreb/previous/hwy20atdorseydreb-6.jpg,https://cwwp2.dot.ca.gov/data/d3/cctv/image/hwy20atdorseydreb/previous/hwy20atdorseydreb-7.jpg,https://cwwp2.dot.ca.gov/data/d3/cctv/image/hwy20atdorseydreb/previous/hwy20atdorseydreb-8.jpg,https://cwwp2.dot.ca.gov/data/d3/cctv/image/hwy20atdorseydreb/previous/hwy20atdorseydreb-9.jpg,https://cwwp2.dot.ca.gov/data/d3/cctv/image/hwy20atdorseydreb/previous/hwy20atdorseydreb-10.jpg,https://cwwp2.dot.ca.gov/data/d3/cctv/image/hwy20atdorseydreb/previous/hwy20atdorseydreb-11.jpg,https://cwwp2.dot.ca.gov/data/d3/cctv/image/hwy20atdorseydreb/previous/hwy20atdorseydreb-12.jpg
237,2025-10-17,16:26:10,1760743570,3,"Hwy 70 WO Cox Ln",Oroville,-121.61262643307546,39.37603606875519,104,,Butte,SR-70,,,4.895,L,37.428,true,,https://wzmedia.dot.ca.gov/D3/70_Cox_Ln_WO_BUT70_WB.stream/playlist.m3u8,1,https://cwwp2.dot.ca.gov/data/d3/cctv/image/hwy70wocoxln/hwy70wocoxln.jpg,15,https://cwwp2.dot.ca.gov/data/d3/cctv/image/hwy70wocoxln/previous/hwy70wocoxln-1.jpg,https://cwwp2.dot.ca.gov/data/d3/cctv/image/hwy70wocoxln/previous/hwy70wocoxln-2.jpg,https://cwwp2.dot.ca.gov/data/d3/cctv/image/hwy70wocoxln/previous/hwy70wocoxln-3.jpg,https://cwwp2.dot.ca.gov/data/d3/cctv/image/hwy70wocoxln/previous/hwy70wocoxln-4.jpg,https://cwwp2.dot.ca.gov/data/d3/cctv/image/hwy70wocoxln/previous/hwy70wocoxln-5.jpg,https://cwwp2.dot.ca.gov/data/d3/cctv/image/hwy70wocoxln/previous/hwy70wocoxln-6.jpg,https://cwwp2.dot.ca.gov/data/d3/cctv/image/hwy70wocoxln/previous/hwy70wocoxln-7.jpg,https://cwwp2.dot.ca.gov/data/d3/cctv/image/hwy70wocoxln/previous/hwy70wocoxln-8.jpg,https://cwwp2.dot.ca.gov/data/d3/cctv/image/hwy70wocoxln/previous/hwy70wocoxln-9.jpg,https://cwwp2.dot.ca.gov/data/d3/cctv/image/hwy70wocoxln/previous/hwy70wocoxln-10.jpg,https://cwwp2.dot.ca.gov/data/d3/cctv/image/hwy70wocoxln/previous/hwy70wocoxln-11.jpg,https://cwwp2.dot.ca.gov/data/d3/cctv/image/hwy70wocoxln/previous/hwy70wocoxln-12.jpg
238,2023-03-14,12:12:26,1678821146,3," Hwy 99 at E Eaton Rd 1",Chico,-121.881511,39.780785,177,,Butte,SR-99,,R,36.92,L,381.743,true,,https://wzmedia.dot.ca.gov/D3/99_E_Eaton_Rd_JNO_BUT99_SB_1.stream/playlist.m3u8,"Not Reported",https://cwwp2.dot.ca.gov/data/d3/cctv/image/hwy99ateeatonrd1/hwy99ateeatonrd1.jpg,15,https://cwwp2.dot.ca.gov/data/d3/cctv/image/hwy99ateeatonrd1/previous/hwy99ateeatonrd1-1.jpg,https://cwwp2.dot.ca.gov/data/d3/cctv/image/hwy99ateeatonrd1/previous/hwy99ateeatonrd1-2.jpg,https://cwwp2.dot.ca.gov/data/d3/cctv/image/hwy99ateeatonrd1/previous/hwy99ateeatonrd1-3.jpg,https://cwwp2.dot.ca.gov/data/d3/cctv/image/hwy99ateeatonrd1/previous/hwy99ateeatonrd1-4.jpg,https://cwwp2.dot.ca.gov/data/d3/cctv/image/hwy99ateeatonrd1/previous/hwy99ateeatonrd1-5.jpg,https://cwwp2.dot.ca.gov/data/d3/cctv/image/hwy99ateeatonrd1/previous/hwy99ateeatonrd1-6.jpg,https://cwwp2.dot.ca.gov/data/d3/cctv/image/hwy99ateeatonrd1/previous/hwy99ateeatonrd1-7.jpg,https://cwwp2.dot.ca.gov/data/d3/cctv/image/hwy99ateeatonrd1/previous/hwy99ateeatonrd1-8.jpg,https://cwwp2.dot.ca.gov/data/d3/cctv/image/hwy99ateeatonrd1/previous/hwy99ateeatonrd1-9.jpg,https://cwwp2.dot.ca.gov/data/d3/cctv/image/hwy99ateeatonrd1/previous/hwy99ateeatonrd1-10.jpg,https://cwwp2.dot.ca.gov/data/d3/cctv/image/hwy99ateeatonrd1/previous/hwy99ateeatonrd1-11.jpg,https://cwwp2.dot.ca.gov/data/d3/cctv/image/hwy99ateeatonrd1/previous/hwy99ateeatonrd1-12.jpg
239,2023-03-14,12:20:52,1678821652,3," Hwy 99 at E Eaton Rd 2",Chico,-121.881511,39.780785,177,,Butte,SR-99,,R," 36.920",L," 381.380",true,,https://wzmedia.dot.ca.gov/D3/99_E_Eaton_Rd_JNO_BUT99_SB_2.stream/playlist.m3u8,"Not Reported",https://cwwp2.dot.ca.gov/data/d3/cctv/image/hwy99ateeatonrd2/hwy99ateeatonrd2.jpg,15,https://cwwp2.dot.ca.gov/data/d3/cctv/image/hwy99ateeatonrd2/previous/hwy99ateeatonrd2-1.jpg,https://cwwp2.dot.ca.gov/data/d3/cctv/image/hwy99ateeatonrd2/previous/hwy99ateeatonrd2-2.jpg,https://cwwp2.dot.ca.gov/data/d3/cctv/image/hwy99ateeatonrd2/previous/hwy99ateeatonrd2-3.jpg,https://cwwp2.dot.ca.gov/data/d3/cctv/image/hwy99ateeatonrd2/previous/hwy99ateeatonrd2-4.jpg,https://cwwp2.dot.ca.gov/data/d3/cctv/image/hwy99ateeatonrd2/previous/hwy99ateeatonrd2-5.jpg,https://cwwp2.dot.ca.gov/data/d3/cctv/image/hwy99ateeatonrd2/previous/hwy99ateeatonrd2-6.jpg,https://cwwp2.dot.ca.gov/data/d3/cctv/image/hwy99ateeatonrd2/previous/hwy99ateeatonrd2-7.jpg,https://cwwp2.dot.ca.gov/data/d3/cctv/image/hwy99ateeatonrd2/previous/hwy99ateeatonrd2-8.jpg,https://cwwp2.dot.ca.gov/data/d3/cctv/image/hwy99ateeatonrd2/previous/hwy99ateeatonrd2-9.jpg,https://cwwp2.dot.ca.gov/data/d3/cctv/image/hwy99ateeatonrd2/previous/hwy99ateeatonrd2-10.jpg,https://cwwp2.dot.ca.gov/data/d3/cctv/image/hwy99ateeatonrd2/previous/hwy99ateeatonrd2-11.jpg,https://cwwp2.dot.ca.gov/data/d3/cctv/image/hwy99ateeatonrd2/previous/hwy99ateeatonrd2-12.jpg
240,2026-02-25,16:53:39,1772067219,3,"Hwy 50 at Folsom_Blvd_SAC50_WB_2",Folsom,-121.1968,38.64,164,West,Sacramento,US-50,,,17.029,L,22.699,true,,https://wzmedia.dot.ca.gov/D3/50_Folsom_Blvd_SAC50_WB_2.stream/playlist.m3u8,1,https://cwwp2.dot.ca.gov/data/d3/cctv/image/hwy50atfolsomblvdsac50wb2/hwy50atfolsomblvdsac50wb2.jpg,15,https://cwwp2.dot.ca.gov/data/d3/cctv/image/hwy50atfolsomblvdsac50wb2/previous/hwy50atfolsomblvdsac50wb2-1.jpg,https://cwwp2.dot.ca.gov/data/d3/cctv/image/hwy50atfolsomblvdsac50wb2/previous/hwy50atfolsomblvdsac50wb2-2.jpg,https://cwwp2.dot.ca.gov/data/d3/cctv/image/hwy50atfolsomblvdsac50wb2/previous/hwy50atfolsomblvdsac50wb2-3.jpg,https://cwwp2.dot.ca.gov/data/d3/cctv/image/hwy50atfolsomblvdsac50wb2/previous/hwy50atfolsomblvdsac50wb2-4.jpg,https://cwwp2.dot.ca.gov/data/d3/cctv/image/hwy50atfolsomblvdsac50wb2/previous/hwy50atfolsomblvdsac50wb2-5.jpg,https://cwwp2.dot.ca.gov/data/d3/cctv/image/hwy50atfolsomblvdsac50wb2/previous/hwy50atfolsomblvdsac50wb2-6.jpg,https://cwwp2.dot.ca.gov/data/d3/cctv/image/hwy50atfolsomblvdsac50wb2/previous/hwy50atfolsomblvdsac50wb2-7.jpg,https://cwwp2.dot.ca.gov/data/d3/cctv/image/hwy50atfolsomblvdsac50wb2/previous/hwy50atfolsomblvdsac50wb2-8.jpg,https://cwwp2.dot.ca.gov/data/d3/cctv/image/hwy50atfolsomblvdsac50wb2/previous/hwy50atfolsomblvdsac50wb2-9.jpg,https://cwwp2.dot.ca.gov/data/d3/cctv/image/hwy50atfolsomblvdsac50wb2/previous/hwy50atfolsomblvdsac50wb2-10.jpg,https://cwwp2.dot.ca.gov/data/d3/cctv/image/hwy50atfolsomblvdsac50wb2/previous/hwy50atfolsomblvdsac50wb2-11.jpg,https://cwwp2.dot.ca.gov/data/d3/cctv/image/hwy50atfolsomblvdsac50wb2/previous/hwy50atfolsomblvdsac50wb2-12.jpg
241,2025-08-17,15:51:58,1755471118,3,"Hwy 99 at Hwy 5 1",Sacramento,-121.540407,38.671014,26,,Sacramento,SR-99,,,32.366,,299.15,true,,https://wzmedia.dot.ca.gov/D3/99_JCT5_SAC99_SB_1.stream/playlist.m3u8,1,https://cwwp2.dot.ca.gov/data/d3/cctv/image/hwy99athwy51/hwy99athwy51.jpg,15,https://cwwp2.dot.ca.gov/data/d3/cctv/image/hwy99athwy51/previous/hwy99athwy51-1.jpg,https://cwwp2.dot.ca.gov/data/d3/cctv/image/hwy99athwy51/previous/hwy99athwy51-2.jpg,https://cwwp2.dot.ca.gov/data/d3/cctv/image/hwy99athwy51/previous/hwy99athwy51-3.jpg,https://cwwp2.dot.ca.gov/data/d3/cctv/image/hwy99athwy51/previous/hwy99athwy51-4.jpg,https://cwwp2.dot.ca.gov/data/d3/cctv/image/hwy99athwy51/previous/hwy99athwy51-5.jpg,https://cwwp2.dot.ca.gov/data/d3/cctv/image/hwy99athwy51/previous/hwy99athwy51-6.jpg,https://cwwp2.dot.ca.gov/data/d3/cctv/image/hwy99athwy51/previous/hwy99athwy51-7.jpg,https://cwwp2.dot.ca.gov/data/d3/cctv/image/hwy99athwy51/previous/hwy99athwy51-8.jpg,https://cwwp2.dot.ca.gov/data/d3/cctv/image/hwy99athwy51/previous/hwy99athwy51-9.jpg,https://cwwp2.dot.ca.gov/data/d3/cctv/image/hwy99athwy51/previous/hwy99athwy51-10.jpg,https://cwwp2.dot.ca.gov/data/d3/cctv/image/hwy99athwy51/previous/hwy99athwy51-11.jpg,https://cwwp2.dot.ca.gov/data/d3/cctv/image/hwy99athwy51/previous/hwy99athwy51-12.jpg
242,2025-08-17,15:51:59,1755471119,3,"Hwy 99 at Hwy 5 2",Sacramento,-121.54035608100833,38.671021779452666,26,,Sacramento,SR-99,,,32.366,,299.15,true,,https://wzmedia.dot.ca.gov/D3/99_JCT5_SAC99_SB_2.stream/playlist.m3u8,1,https://cwwp2.dot.ca.gov/data/d3/cctv/image/hwy99athwy52/hwy99athwy52.jpg,15,https://cwwp2.dot.ca.gov/data/d3/cctv/image/hwy99athwy52/previous/hwy99athwy52-1.jpg,https://cwwp2.dot.ca.gov/data/d3/cctv/image/hwy99athwy52/previous/hwy99athwy52-2.jpg,https://cwwp2.dot.ca.gov/data/d3/cctv/image/hwy99athwy52/previous/hwy99athwy52-3.jpg,https://cwwp2.dot.ca.gov/data/d3/cctv/image/hwy99athwy52/previous/hwy99athwy52-4.jpg,https://cwwp2.dot.ca.gov/data/d3/cctv/image/hwy99athwy52/previous/hwy99athwy52-5.jpg,https://cwwp2.dot.ca.gov/data/d3/cctv/image/hwy99athwy52/previous/hwy99athwy52-6.jpg,https://cwwp2.dot.ca.gov/data/d3/cctv/image/hwy99athwy52/previous/hwy99athwy52-7.jpg,https://cwwp2.dot.ca.gov/data/d3/cctv/image/hwy99athwy52/previous/hwy99athwy52-8.jpg,https://cwwp2.dot.ca.gov/data/d3/cctv/image/hwy99athwy52/previous/hwy99athwy52-9.jpg,https://cwwp2.dot.ca.gov/data/d3/cctv/image/hwy99athwy52/previous/hwy99athwy52-10.jpg,https://cwwp2.dot.ca.gov/data/d3/cctv/image/hwy99athwy52/previous/hwy99athwy52-11.jpg,https://cwwp2.dot.ca.gov/data/d3/cctv/image/hwy99athwy52/previous/hwy99athwy52-12.jpg
244,2023-07-31,11:38:49,1690828729,3,"Hwy 80 at JCT244 EB",Sacramento,-121.372681,38.64886,89,East,Sacramento,I-80,,R,11.261,,94.905,true,,https://wzmedia.dot.ca.gov/D3/80_JCT244_SAC80_EB.stream/playlist.m3u8,1,https://cwwp2.dot.ca.gov/data/d3/cctv/image/hwy80atjct244eb/hwy80atjct244eb.jpg,15,https://cwwp2.dot.ca.gov/data/d3/cctv/image/hwy80atjct244eb/previous/hwy80atjct244eb-1.jpg,https://cwwp2.dot.ca.gov/data/d3/cctv/image/hwy80atjct244eb/previous/hwy80atjct244eb-2.jpg,https://cwwp2.dot.ca.gov/data/d3/cctv/image/hwy80atjct244eb/previous/hwy80atjct244eb-3.jpg,https://cwwp2.dot.ca.gov/data/d3/cctv/image/hwy80atjct244eb/previous/hwy80atjct244eb-4.jpg,https://cwwp2.dot.ca.gov/data/d3/cctv/image/hwy80atjct244eb/previous/hwy80atjct244eb-5.jpg,https://cwwp2.dot.ca.gov/data/d3/cctv/image/hwy80atjct244eb/previous/hwy80atjct244eb-6.jpg,https://cwwp2.dot.ca.gov/data/d3/cctv/image/hwy80atjct244eb/previous/hwy80atjct244eb-7.jpg,https://cwwp2.dot.ca.gov/data/d3/cctv/image/hwy80atjct244eb/previous/hwy80atjct244eb-8.jpg,https://cwwp2.dot.ca.gov/data/d3/cctv/image/hwy80atjct244eb/previous/hwy80atjct244eb-9.jpg,https://cwwp2.dot.ca.gov/data/d3/cctv/image/hwy80atjct244eb/previous/hwy80atjct244eb-10.jpg,https://cwwp2.dot.ca.gov/data/d3/cctv/image/hwy80atjct244eb/previous/hwy80atjct244eb-11.jpg,https://cwwp2.dot.ca.gov/data/d3/cctv/image/hwy80atjct244eb/previous/hwy80atjct244eb-12.jpg
245,2025-12-12,10:58:51,1765565931,3,"Hwy 50 at Jefferson Blvd 1","West Sacramento",-121.525241,38.577039,6,East,Yolo,US-50,,,2.491,R,2.491,true,,https://wzmedia.dot.ca.gov/D3/50_Jefferson_Blvd_YOL50_EB_1.stream/playlist.m3u8,1,https://cwwp2.dot.ca.gov/data/d3/cctv/image/hwy50atjeffersonblvd1/hwy50atjeffersonblvd1.jpg,15,https://cwwp2.dot.ca.gov/data/d3/cctv/image/hwy50atjeffersonblvd1/previous/hwy50atjeffersonblvd1-1.jpg,https://cwwp2.dot.ca.gov/data/d3/cctv/image/hwy50atjeffersonblvd1/previous/hwy50atjeffersonblvd1-2.jpg,https://cwwp2.dot.ca.gov/data/d3/cctv/image/hwy50atjeffersonblvd1/previous/hwy50atjeffersonblvd1-3.jpg,https://cwwp2.dot.ca.gov/data/d3/cctv/image/hwy50atjeffersonblvd1/previous/hwy50atjeffersonblvd1-4.jpg,https://cwwp2.dot.ca.gov/data/d3/cctv/image/hwy50atjeffersonblvd1/previous/hwy50atjeffersonblvd1-5.jpg,https://cwwp2.dot.ca.gov/data/d3/cctv/image/hwy50atjeffersonblvd1/previous/hwy50atjeffersonblvd1-6.jpg,https://cwwp2.dot.ca.gov/data/d3/cctv/image/hwy50atjeffersonblvd1/previous/hwy50atjeffersonblvd1-7.jpg,https://cwwp2.dot.ca.gov/data/d3/cctv/image/hwy50atjeffersonblvd1/previous/hwy50atjeffersonblvd1-8.jpg,https://cwwp2.dot.ca.gov/data/d3/cctv/image/hwy50atjeffersonblvd1/previous/hwy50atjeffersonblvd1-9.jpg,https://cwwp2.dot.ca.gov/data/d3/cctv/image/hwy50atjeffersonblvd1/previous/hwy50atjeffersonblvd1-10.jpg,https://cwwp2.dot.ca.gov/data/d3/cctv/image/hwy50atjeffersonblvd1/previous/hwy50atjeffersonblvd1-11.jpg,https://cwwp2.dot.ca.gov/data/d3/cctv/image/hwy50atjeffersonblvd1/previous/hwy50atjeffersonblvd1-12.jpg
246,2025-12-12,10:59:00,1765565940,3,"Hwy 50 at Jefferson Blvd 2","West Sacramento",-121.525241,38.577039,6,East,Yolo,US-50,,,2.491,R,2.491,true,,https://wzmedia.dot.ca.gov/D3/50_Jefferson_Blvd_YOL50_EB_2.stream/playlist.m3u8,1,https://cwwp2.dot.ca.gov/data/d3/cctv/image/hwy50atjeffersonblvd2/hwy50atjeffersonblvd2.jpg,15,https://cwwp2.dot.ca.gov/data/d3/cctv/image/hwy50atjeffersonblvd2/previous/hwy50atjeffersonblvd2-1.jpg,https://cwwp2.dot.ca.gov/data/d3/cctv/image/hwy50atjeffersonblvd2/previous/hwy50atjeffersonblvd2-2.jpg,https://cwwp2.dot.ca.gov/data/d3/cctv/image/hwy50atjeffersonblvd2/previous/hwy50atjeffersonblvd2-3.jpg,https://cwwp2.dot.ca.gov/data/d3/cctv/image/hwy50atjeffersonblvd2/previous/hwy50atjeffersonblvd2-4.jpg,https://cwwp2.dot.ca.gov/data/d3/cctv/image/hwy50atjeffersonblvd2/previous/hwy50atjeffersonblvd2-5.jpg,https://cwwp2.dot.ca.gov/data/d3/cctv/image/hwy50atjeffersonblvd2/previous/hwy50atjeffersonblvd2-6.jpg,https://cwwp2.dot.ca.gov/data/d3/cctv/image/hwy50atjeffersonblvd2/previous/hwy50atjeffersonblvd2-7.jpg,https://cwwp2.dot.ca.gov/data/d3/cctv/image/hwy50atjeffersonblvd2/previous/hwy50atjeffersonblvd2-8.jpg,https://cwwp2.dot.ca.gov/data/d3/cctv/image/hwy50atjeffersonblvd2/previous/hwy50atjeffersonblvd2-9.jpg,https://cwwp2.dot.ca.gov/data/d3/cctv/image/hwy50atjeffersonblvd2/previous/hwy50atjeffersonblvd2-10.jpg,https://cwwp2.dot.ca.gov/data/d3/cctv/image/hwy50atjeffersonblvd2/previous/hwy50atjeffersonblvd2-11.jpg,https://cwwp2.dot.ca.gov/data/d3/cctv/image/hwy50atjeffersonblvd2/previous/hwy50atjeffersonblvd2-12.jpg
247,2025-12-12,10:59:15,1765565955,3,"Hwy 50 at Jefferson Blvd 3","West Sacramento",-121.525241,38.577039,6,,Yolo,US-50,,,2.491,R,2.491,true,,https://wzmedia.dot.ca.gov/D3/50_Jefferson_Blvd_YOL50_EB_3.stream/playlist.m3u8,1,https://cwwp2.dot.ca.gov/data/d3/cctv/image/hwy50atjeffersonblvd3/hwy50atjeffersonblvd3.jpg,15,https://cwwp2.dot.ca.gov/data/d3/cctv/image/hwy50atjeffersonblvd3/previous/hwy50atjeffersonblvd3-1.jpg,https://cwwp2.dot.ca.gov/data/d3/cctv/image/hwy50atjeffersonblvd3/previous/hwy50atjeffersonblvd3-2.jpg,https://cwwp2.dot.ca.gov/data/d3/cctv/image/hwy50atjeffersonblvd3/previous/hwy50atjeffersonblvd3-3.jpg,https://cwwp2.dot.ca.gov/data/d3/cctv/image/hwy50atjeffersonblvd3/previous/hwy50atjeffersonblvd3-4.jpg,https://cwwp2.dot.ca.gov/data/d3/cctv/image/hwy50atjeffersonblvd3/previous/hwy50atjeffersonblvd3-5.jpg,https://cwwp2.dot.ca.gov/data/d3/cctv/image/hwy50atjeffersonblvd3/previous/hwy50atjeffersonblvd3-6.jpg,https://cwwp2.dot.ca.gov/data/d3/cctv/image/hwy50atjeffersonblvd3/previous/hwy50atjeffersonblvd3-7.jpg,https://cwwp2.dot.ca.gov/data/d3/cctv/image/hwy50atjeffersonblvd3/previous/hwy50atjeffersonblvd3-8.jpg,https://cwwp2.dot.ca.gov/data/d3/cctv/image/hwy50atjeffersonblvd3/previous/hwy50atjeffersonblvd3-9.jpg,https://cwwp2.dot.ca.gov/data/d3/cctv/image/hwy50atjeffersonblvd3/previous/hwy50atjeffersonblvd3-10.jpg,https://cwwp2.dot.ca.gov/data/d3/cctv/image/hwy50atjeffersonblvd3/previous/hwy50atjeffersonblvd3-11.jpg,https://cwwp2.dot.ca.gov/data/d3/cctv/image/hwy50atjeffersonblvd3/previous/hwy50atjeffersonblvd3-12.jpg
248,2026-02-23,11:04:58,1771873498,3,"Hwy 50 at South River Rd 1","West Sacramento",-121.52015,38.574913,22,East,Yolo,US-50,,,2.817,R,2.817,true,,https://wzmedia.dot.ca.gov/D3/50_South_River_Rd_YOL50_EB_1.stream/playlist.m3u8,1,https://cwwp2.dot.ca.gov/data/d3/cctv/image/hwy50atsouthriverrd1/hwy50atsouthriverrd1.jpg,15,https://cwwp2.dot.ca.gov/data/d3/cctv/image/hwy50atsouthriverrd1/previous/hwy50atsouthriverrd1-1.jpg,https://cwwp2.dot.ca.gov/data/d3/cctv/image/hwy50atsouthriverrd1/previous/hwy50atsouthriverrd1-2.jpg,https://cwwp2.dot.ca.gov/data/d3/cctv/image/hwy50atsouthriverrd1/previous/hwy50atsouthriverrd1-3.jpg,https://cwwp2.dot.ca.gov/data/d3/cctv/image/hwy50atsouthriverrd1/previous/hwy50atsouthriverrd1-4.jpg,https://cwwp2.dot.ca.gov/data/d3/cctv/image/hwy50atsouthriverrd1/previous/hwy50atsouthriverrd1-5.jpg,https://cwwp2.dot.ca.gov/data/d3/cctv/image/hwy50atsouthriverrd1/previous/hwy50atsouthriverrd1-6.jpg,https://cwwp2.dot.ca.gov/data/d3/cctv/image/hwy50atsouthriverrd1/previous/hwy50atsouthriverrd1-7.jpg,https://cwwp2.dot.ca.gov/data/d3/cctv/image/hwy50atsouthriverrd1/previous/hwy50atsouthriverrd1-8.jpg,https://cwwp2.dot.ca.gov/data/d3/cctv/image/hwy50atsouthriverrd1/previous/hwy50atsouthriverrd1-9.jpg,https://cwwp2.dot.ca.gov/data/d3/cctv/image/hwy50atsouthriverrd1/previous/hwy50atsouthriverrd1-10.jpg,https://cwwp2.dot.ca.gov/data/d3/cctv/image/hwy50atsouthriverrd1/previous/hwy50atsouthriverrd1-11.jpg,https://cwwp2.dot.ca.gov/data/d3/cctv/image/hwy50atsouthriverrd1/previous/hwy50atsouthriverrd1-12.jpg
250,2026-02-23,11:04:38,1771873478,3,"Hwy 50 at South River Rd 2","West Sacramento",-121.52015,38.574913,22,East,Yolo,US-50,,,2.817,,2.817,true,,https://wzmedia.dot.ca.gov/D3/50_South_River_Rd_YOL50_EB_2.stream/playlist.m3u8,1,https://cwwp2.dot.ca.gov/data/d3/cctv/image/hwy50atsouthriverrd2/hwy50atsouthriverrd2.jpg,15,https://cwwp2.dot.ca.gov/data/d3/cctv/image/hwy50atsouthriverrd2/previous/hwy50atsouthriverrd2-1.jpg,https://cwwp2.dot.ca.gov/data/d3/cctv/image/hwy50atsouthriverrd2/previous/hwy50atsouthriverrd2-2.jpg,https://cwwp2.dot.ca.gov/data/d3/cctv/image/hwy50atsouthriverrd2/previous/hwy50atsouthriverrd2-3.jpg,https://cwwp2.dot.ca.gov/data/d3/cctv/image/hwy50atsouthriverrd2/previous/hwy50atsouthriverrd2-4.jpg,https://cwwp2.dot.ca.gov/data/d3/cctv/image/hwy50atsouthriverrd2/previous/hwy50atsouthriverrd2-5.jpg,https://cwwp2.dot.ca.gov/data/d3/cctv/image/hwy50atsouthriverrd2/previous/hwy50atsouthriverrd2-6.jpg,https://cwwp2.dot.ca.gov/data/d3/cctv/image/hwy50atsouthriverrd2/previous/hwy50atsouthriverrd2-7.jpg,https://cwwp2.dot.ca.gov/data/d3/cctv/image/hwy50atsouthriverrd2/previous/hwy50atsouthriverrd2-8.jpg,https://cwwp2.dot.ca.gov/data/d3/cctv/image/hwy50atsouthriverrd2/previous/hwy50atsouthriverrd2-9.jpg,https://cwwp2.dot.ca.gov/data/d3/cctv/image/hwy50atsouthriverrd2/previous/hwy50atsouthriverrd2-10.jpg,https://cwwp2.dot.ca.gov/data/d3/cctv/image/hwy50atsouthriverrd2/previous/hwy50atsouthriverrd2-11.jpg,https://cwwp2.dot.ca.gov/data/d3/cctv/image/hwy50atsouthriverrd2/previous/hwy50atsouthriverrd2-12.jpg
251,2023-08-23,14:54:48,1692827688,3,"Hwy 50 at Manlove POC 1",Sacramento,-121.372667,38.559338,45,,Sacramento,US-50,,R,5.786,R,11.420,true,,https://wzmedia.dot.ca.gov/D3/50_Manlove_POC_JEO_SAC50_EB_1.stream/playlist.m3u8,1,https://cwwp2.dot.ca.gov/data/d3/cctv/image/hwy50atmanlovepoc1/hwy50atmanlovepoc1.jpg,15,https://cwwp2.dot.ca.gov/data/d3/cctv/image/hwy50atmanlovepoc1/previous/hwy50atmanlovepoc1-1.jpg,https://cwwp2.dot.ca.gov/data/d3/cctv/image/hwy50atmanlovepoc1/previous/hwy50atmanlovepoc1-2.jpg,https://cwwp2.dot.ca.gov/data/d3/cctv/image/hwy50atmanlovepoc1/previous/hwy50atmanlovepoc1-3.jpg,https://cwwp2.dot.ca.gov/data/d3/cctv/image/hwy50atmanlovepoc1/previous/hwy50atmanlovepoc1-4.jpg,https://cwwp2.dot.ca.gov/data/d3/cctv/image/hwy50atmanlovepoc1/previous/hwy50atmanlovepoc1-5.jpg,https://cwwp2.dot.ca.gov/data/d3/cctv/image/hwy50atmanlovepoc1/previous/hwy50atmanlovepoc1-6.jpg,https://cwwp2.dot.ca.gov/data/d3/cctv/image/hwy50atmanlovepoc1/previous/hwy50atmanlovepoc1-7.jpg,https://cwwp2.dot.ca.gov/data/d3/cctv/image/hwy50atmanlovepoc1/previous/hwy50atmanlovepoc1-8.jpg,https://cwwp2.dot.ca.gov/data/d3/cctv/image/hwy50atmanlovepoc1/previous/hwy50atmanlovepoc1-9.jpg,https://cwwp2.dot.ca.gov/data/d3/cctv/image/hwy50atmanlovepoc1/previous/hwy50atmanlovepoc1-10.jpg,https://cwwp2.dot.ca.gov/data/d3/cctv/image/hwy50atmanlovepoc1/previous/hwy50atmanlovepoc1-11.jpg,https://cwwp2.dot.ca.gov/data/d3/cctv/image/hwy50atmanlovepoc1/previous/hwy50atmanlovepoc1-12.jpg
252,2023-06-29,20:07:58,1688094478,3,"Hwy 50 at Manlove POC 2",Sacramento,-121.372667,38.559338,45,,Sacramento,US-50,,R,5.786,R,11.420,true,,https://wzmedia.dot.ca.gov/D3/50_Manlove_POC_JEO_SAC50_EB_2.stream/playlist.m3u8,1,https://cwwp2.dot.ca.gov/data/d3/cctv/image/hwy50atmanlovepoc2/hwy50atmanlovepoc2.jpg,15,https://cwwp2.dot.ca.gov/data/d3/cctv/image/hwy50atmanlovepoc2/previous/hwy50atmanlovepoc2-1.jpg,https://cwwp2.dot.ca.gov/data/d3/cctv/image/hwy50atmanlovepoc2/previous/hwy50atmanlovepoc2-2.jpg,https://cwwp2.dot.ca.gov/data/d3/cctv/image/hwy50atmanlovepoc2/previous/hwy50atmanlovepoc2-3.jpg,https://cwwp2.dot.ca.gov/data/d3/cctv/image/hwy50atmanlovepoc2/previous/hwy50atmanlovepoc2-4.jpg,https://cwwp2.dot.ca.gov/data/d3/cctv/image/hwy50atmanlovepoc2/previous/hwy50atmanlovepoc2-5.jpg,https://cwwp2.dot.ca.gov/data/d3/cctv/image/hwy50atmanlovepoc2/previous/hwy50atmanlovepoc2-6.jpg,https://cwwp2.dot.ca.gov/data/d3/cctv/image/hwy50atmanlovepoc2/previous/hwy50atmanlovepoc2-7.jpg,https://cwwp2.dot.ca.gov/data/d3/cctv/image/hwy50atmanlovepoc2/previous/hwy50atmanlovepoc2-8.jpg,https://cwwp2.dot.ca.gov/data/d3/cctv/image/hwy50atmanlovepoc2/previous/hwy50atmanlovepoc2-9.jpg,https://cwwp2.dot.ca.gov/data/d3/cctv/image/hwy50atmanlovepoc2/previous/hwy50atmanlovepoc2-10.jpg,https://cwwp2.dot.ca.gov/data/d3/cctv/image/hwy50atmanlovepoc2/previous/hwy50atmanlovepoc2-11.jpg,https://cwwp2.dot.ca.gov/data/d3/cctv/image/hwy50atmanlovepoc2/previous/hwy50atmanlovepoc2-12.jpg
253,2025-06-01,19:52:18,1748832738,3,"Hwy 50 at Mayhew Rd WO 1",Sacramento,-121.360261,38.561003,52,,Sacramento,US-50,,R,6.368,R,12.002,false,,https://wzmedia.dot.ca.gov/D3/50_Mayhew_Rd_WO_SAC50_WB_1.stream/playlist.m3u8,1,https://cwwp2.dot.ca.gov/data/d3/cctv/image/hwy50atmayhewrdwo1/hwy50atmayhewrdwo1.jpg,15,https://cwwp2.dot.ca.gov/data/d3/cctv/image/hwy50atmayhewrdwo1/previous/hwy50atmayhewrdwo1-1.jpg,https://cwwp2.dot.ca.gov/data/d3/cctv/image/hwy50atmayhewrdwo1/previous/hwy50atmayhewrdwo1-2.jpg,https://cwwp2.dot.ca.gov/data/d3/cctv/image/hwy50atmayhewrdwo1/previous/hwy50atmayhewrdwo1-3.jpg,https://cwwp2.dot.ca.gov/data/d3/cctv/image/hwy50atmayhewrdwo1/previous/hwy50atmayhewrdwo1-4.jpg,https://cwwp2.dot.ca.gov/data/d3/cctv/image/hwy50atmayhewrdwo1/previous/hwy50atmayhewrdwo1-5.jpg,https://cwwp2.dot.ca.gov/data/d3/cctv/image/hwy50atmayhewrdwo1/previous/hwy50atmayhewrdwo1-6.jpg,https://cwwp2.dot.ca.gov/data/d3/cctv/image/hwy50atmayhewrdwo1/previous/hwy50atmayhewrdwo1-7.jpg,https://cwwp2.dot.ca.gov/data/d3/cctv/image/hwy50atmayhewrdwo1/previous/hwy50atmayhewrdwo1-8.jpg,https://cwwp2.dot.ca.gov/data/d3/cctv/image/hwy50atmayhewrdwo1/previous/hwy50atmayhewrdwo1-9.jpg,https://cwwp2.dot.ca.gov/data/d3/cctv/image/hwy50atmayhewrdwo1/previous/hwy50atmayhewrdwo1-10.jpg,https://cwwp2.dot.ca.gov/data/d3/cctv/image/hwy50atmayhewrdwo1/previous/hwy50atmayhewrdwo1-11.jpg,https://cwwp2.dot.ca.gov/data/d3/cctv/image/hwy50atmayhewrdwo1/previous/hwy50atmayhewrdwo1-12.jpg
254,2025-06-01,19:52:16,1748832736,3,"Hwy 50 at Mayhew Rd WO 2",Sacramento,-121.360261,38.561003,52,,Sacramento,US-50,,R,6.368,R,12.002,false,,https://wzmedia.dot.ca.gov/D3/50_Mayhew_Rd_WO_SAC50_WB_2.stream/playlist.m3u8,1,https://cwwp2.dot.ca.gov/data/d3/cctv/image/hwy50atmayhewrdwo2/hwy50atmayhewrdwo2.jpg,15,https://cwwp2.dot.ca.gov/data/d3/cctv/image/hwy50atmayhewrdwo2/previous/hwy50atmayhewrdwo2-1.jpg,https://cwwp2.dot.ca.gov/data/d3/cctv/image/hwy50atmayhewrdwo2/previous/hwy50atmayhewrdwo2-2.jpg,https://cwwp2.dot.ca.gov/data/d3/cctv/image/hwy50atmayhewrdwo2/previous/hwy50atmayhewrdwo2-3.jpg,https://cwwp2.dot.ca.gov/data/d3/cctv/image/hwy50atmayhewrdwo2/previous/hwy50atmayhewrdwo2-4.jpg,https://cwwp2.dot.ca.gov/data/d3/cctv/image/hwy50atmayhewrdwo2/previous/hwy50atmayhewrdwo2-5.jpg,https://cwwp2.dot.ca.gov/data/d3/cctv/image/hwy50atmayhewrdwo2/previous/hwy50atmayhewrdwo2-6.jpg,https://cwwp2.dot.ca.gov/data/d3/cctv/image/hwy50atmayhewrdwo2/previous/hwy50atmayhewrdwo2-7.jpg,https://cwwp2.dot.ca.gov/data/d3/cctv/image/hwy50atmayhewrdwo2/previous/hwy50atmayhewrdwo2-8.jpg,https://cwwp2.dot.ca.gov/data/d3/cctv/image/hwy50atmayhewrdwo2/previous/hwy50atmayhewrdwo2-9.jpg,https://cwwp2.dot.ca.gov/data/d3/cctv/image/hwy50atmayhewrdwo2/previous/hwy50atmayhewrdwo2-10.jpg,https://cwwp2.dot.ca.gov/data/d3/cctv/image/hwy50atmayhewrdwo2/previous/hwy50atmayhewrdwo2-11.jpg,https://cwwp2.dot.ca.gov/data/d3/cctv/image/hwy50atmayhewrdwo2/previous/hwy50atmayhewrdwo2-12.jpg
255,2025-06-01,19:52:14,1748832734,3,"Hwy 50 at Mayhew Rd WO 3",Sacramento,-121.360261,38.561003,52,,Sacramento,US-50,,R,6.368,R,12.002,false,,https://wzmedia.dot.ca.gov/D3/50_Mayhew_Rd_WO_SAC50_WB_3.stream/playlist.m3u8,1,https://cwwp2.dot.ca.gov/data/d3/cctv/image/hwy50atmayhewrdwo3/hwy50atmayhewrdwo3.jpg,15,https://cwwp2.dot.ca.gov/data/d3/cctv/image/hwy50atmayhewrdwo3/previous/hwy50atmayhewrdwo3-1.jpg,https://cwwp2.dot.ca.gov/data/d3/cctv/image/hwy50atmayhewrdwo3/previous/hwy50atmayhewrdwo3-2.jpg,https://cwwp2.dot.ca.gov/data/d3/cctv/image/hwy50atmayhewrdwo3/previous/hwy50atmayhewrdwo3-3.jpg,https://cwwp2.dot.ca.gov/data/d3/cctv/image/hwy50atmayhewrdwo3/previous/hwy50atmayhewrdwo3-4.jpg,https://cwwp2.dot.ca.gov/data/d3/cctv/image/hwy50atmayhewrdwo3/previous/hwy50atmayhewrdwo3-5.jpg,https://cwwp2.dot.ca.gov/data/d3/cctv/image/hwy50atmayhewrdwo3/previous/hwy50atmayhewrdwo3-6.jpg,https://cwwp2.dot.ca.gov/data/d3/cctv/image/hwy50atmayhewrdwo3/previous/hwy50atmayhewrdwo3-7.jpg,https://cwwp2.dot.ca.gov/data/d3/cctv/image/hwy50atmayhewrdwo3/previous/hwy50atmayhewrdwo3-8.jpg,https://cwwp2.dot.ca.gov/data/d3/cctv/image/hwy50atmayhewrdwo3/previous/hwy50atmayhewrdwo3-9.jpg,https://cwwp2.dot.ca.gov/data/d3/cctv/image/hwy50atmayhewrdwo3/previous/hwy50atmayhewrdwo3-10.jpg,https://cwwp2.dot.ca.gov/data/d3/cctv/image/hwy50atmayhewrdwo3/previous/hwy50atmayhewrdwo3-11.jpg,https://cwwp2.dot.ca.gov/data/d3/cctv/image/hwy50atmayhewrdwo3/previous/hwy50atmayhewrdwo3-12.jpg
256,2026-02-18,13:26:12,1771449972,3,"Hwy 50 at Mather Field EB 1",Sacramento,-121.308156,38.578006,75,East,Sacramento,US-50,,R,9.481,R,15.115,true,,https://wzmedia.dot.ca.gov/D3/50_Mather_Field_SAC50_EB_1.stream/playlist.m3u8,1,https://cwwp2.dot.ca.gov/data/d3/cctv/image/hwy50atmatherfieldeb1/hwy50atmatherfieldeb1.jpg,15,https://cwwp2.dot.ca.gov/data/d3/cctv/image/hwy50atmatherfieldeb1/previous/hwy50atmatherfieldeb1-1.jpg,https://cwwp2.dot.ca.gov/data/d3/cctv/image/hwy50atmatherfieldeb1/previous/hwy50atmatherfieldeb1-2.jpg,https://cwwp2.dot.ca.gov/data/d3/cctv/image/hwy50atmatherfieldeb1/previous/hwy50atmatherfieldeb1-3.jpg,https://cwwp2.dot.ca.gov/data/d3/cctv/image/hwy50atmatherfieldeb1/previous/hwy50atmatherfieldeb1-4.jpg,https://cwwp2.dot.ca.gov/data/d3/cctv/image/hwy50atmatherfieldeb1/previous/hwy50atmatherfieldeb1-5.jpg,https://cwwp2.dot.ca.gov/data/d3/cctv/image/hwy50atmatherfieldeb1/previous/hwy50atmatherfieldeb1-6.jpg,https://cwwp2.dot.ca.gov/data/d3/cctv/image/hwy50atmatherfieldeb1/previous/hwy50atmatherfieldeb1-7.jpg,https://cwwp2.dot.ca.gov/data/d3/cctv/image/hwy50atmatherfieldeb1/previous/hwy50atmatherfieldeb1-8.jpg,https://cwwp2.dot.ca.gov/data/d3/cctv/image/hwy50atmatherfieldeb1/previous/hwy50atmatherfieldeb1-9.jpg,https://cwwp2.dot.ca.gov/data/d3/cctv/image/hwy50atmatherfieldeb1/previous/hwy50atmatherfieldeb1-10.jpg,https://cwwp2.dot.ca.gov/data/d3/cctv/image/hwy50atmatherfieldeb1/previous/hwy50atmatherfieldeb1-11.jpg,https://cwwp2.dot.ca.gov/data/d3/cctv/image/hwy50atmatherfieldeb1/previous/hwy50atmatherfieldeb1-12.jpg
257,2024-01-25,16:31:26,1706229086,3,"Hwy 50 at Mather Field EB 2",Sacramento,-121.308156,38.578006,75,East,Sacramento,US-50,,R,9.481,R,15.115,true,,https://wzmedia.dot.ca.gov/D3/50_Mather_Field_SAC50_EB_2.stream/playlist.m3u8,1,https://cwwp2.dot.ca.gov/data/d3/cctv/image/hwy50atmatherfieldeb2/hwy50atmatherfieldeb2.jpg,15,https://cwwp2.dot.ca.gov/data/d3/cctv/image/hwy50atmatherfieldeb2/previous/hwy50atmatherfieldeb2-1.jpg,https://cwwp2.dot.ca.gov/data/d3/cctv/image/hwy50atmatherfieldeb2/previous/hwy50atmatherfieldeb2-2.jpg,https://cwwp2.dot.ca.gov/data/d3/cctv/image/hwy50atmatherfieldeb2/previous/hwy50atmatherfieldeb2-3.jpg,https://cwwp2.dot.ca.gov/data/d3/cctv/image/hwy50atmatherfieldeb2/previous/hwy50atmatherfieldeb2-4.jpg,https://cwwp2.dot.ca.gov/data/d3/cctv/image/hwy50atmatherfieldeb2/previous/hwy50atmatherfieldeb2-5.jpg,https://cwwp2.dot.ca.gov/data/d3/cctv/image/hwy50atmatherfieldeb2/previous/hwy50atmatherfieldeb2-6.jpg,https://cwwp2.dot.ca.gov/data/d3/cctv/image/hwy50atmatherfieldeb2/previous/hwy50atmatherfieldeb2-7.jpg,https://cwwp2.dot.ca.gov/data/d3/cctv/image/hwy50atmatherfieldeb2/previous/hwy50atmatherfieldeb2-8.jpg,https://cwwp2.dot.ca.gov/data/d3/cctv/image/hwy50atmatherfieldeb2/previous/hwy50atmatherfieldeb2-9.jpg,https://cwwp2.dot.ca.gov/data/d3/cctv/image/hwy50atmatherfieldeb2/previous/hwy50atmatherfieldeb2-10.jpg,https://cwwp2.dot.ca.gov/data/d3/cctv/image/hwy50atmatherfieldeb2/previous/hwy50atmatherfieldeb2-11.jpg,https://cwwp2.dot.ca.gov/data/d3/cctv/image/hwy50atmatherfieldeb2/previous/hwy50atmatherfieldeb2-12.jpg
258,2025-11-26,07:06:11,1764169571,3,"Hwy 50 at Mather Field EB 3",Sacramento,-121.308156,38.578006,75,East,Sacramento,US-50,,R,9.481,R,15.115,true,,https://wzmedia.dot.ca.gov/D3/50_Mather_Field_SAC50_EB_3.stream/playlist.m3u8,1,https://cwwp2.dot.ca.gov/data/d3/cctv/image/hwy50atmatherfieldeb3/hwy50atmatherfieldeb3.jpg,15,https://cwwp2.dot.ca.gov/data/d3/cctv/image/hwy50atmatherfieldeb3/previous/hwy50atmatherfieldeb3-1.jpg,https://cwwp2.dot.ca.gov/data/d3/cctv/image/hwy50atmatherfieldeb3/previous/hwy50atmatherfieldeb3-2.jpg,https://cwwp2.dot.ca.gov/data/d3/cctv/image/hwy50atmatherfieldeb3/previous/hwy50atmatherfieldeb3-3.jpg,https://cwwp2.dot.ca.gov/data/d3/cctv/image/hwy50atmatherfieldeb3/previous/hwy50atmatherfieldeb3-4.jpg,https://cwwp2.dot.ca.gov/data/d3/cctv/image/hwy50atmatherfieldeb3/previous/hwy50atmatherfieldeb3-5.jpg,https://cwwp2.dot.ca.gov/data/d3/cctv/image/hwy50atmatherfieldeb3/previous/hwy50atmatherfieldeb3-6.jpg,https://cwwp2.dot.ca.gov/data/d3/cctv/image/hwy50atmatherfieldeb3/previous/hwy50atmatherfieldeb3-7.jpg,https://cwwp2.dot.ca.gov/data/d3/cctv/image/hwy50atmatherfieldeb3/previous/hwy50atmatherfieldeb3-8.jpg,https://cwwp2.dot.ca.gov/data/d3/cctv/image/hwy50atmatherfieldeb3/previous/hwy50atmatherfieldeb3-9.jpg,https://cwwp2.dot.ca.gov/data/d3/cctv/image/hwy50atmatherfieldeb3/previous/hwy50atmatherfieldeb3-10.jpg,https://cwwp2.dot.ca.gov/data/d3/cctv/image/hwy50atmatherfieldeb3/previous/hwy50atmatherfieldeb3-11.jpg,https://cwwp2.dot.ca.gov/data/d3/cctv/image/hwy50atmatherfieldeb3/previous/hwy50atmatherfieldeb3-12.jpg
259,2025-12-09,12:43:16,1765312996,3,"Hwy 50 at White Rock POC EO 1","Rancho Cordova",-121.29498200,38.58670300,95,West,Sacramento,US-50,,R,10.349,L,15.983,true,,https://wzmedia.dot.ca.gov/D3/50_White_Rock_POC_EO_SAC50_WB_1.stream/playlist.m3u8,1,https://cwwp2.dot.ca.gov/data/d3/cctv/image/hwy50atwhiterockpoceo1/hwy50atwhiterockpoceo1.jpg,15,https://cwwp2.dot.ca.gov/data/d3/cctv/image/hwy50atwhiterockpoceo1/previous/hwy50atwhiterockpoceo1-1.jpg,https://cwwp2.dot.ca.gov/data/d3/cctv/image/hwy50atwhiterockpoceo1/previous/hwy50atwhiterockpoceo1-2.jpg,https://cwwp2.dot.ca.gov/data/d3/cctv/image/hwy50atwhiterockpoceo1/previous/hwy50atwhiterockpoceo1-3.jpg,https://cwwp2.dot.ca.gov/data/d3/cctv/image/hwy50atwhiterockpoceo1/previous/hwy50atwhiterockpoceo1-4.jpg,https://cwwp2.dot.ca.gov/data/d3/cctv/image/hwy50atwhiterockpoceo1/previous/hwy50atwhiterockpoceo1-5.jpg,https://cwwp2.dot.ca.gov/data/d3/cctv/image/hwy50atwhiterockpoceo1/previous/hwy50atwhiterockpoceo1-6.jpg,https://cwwp2.dot.ca.gov/data/d3/cctv/image/hwy50atwhiterockpoceo1/previous/hwy50atwhiterockpoceo1-7.jpg,https://cwwp2.dot.ca.gov/data/d3/cctv/image/hwy50atwhiterockpoceo1/previous/hwy50atwhiterockpoceo1-8.jpg,https://cwwp2.dot.ca.gov/data/d3/cctv/image/hwy50atwhiterockpoceo1/previous/hwy50atwhiterockpoceo1-9.jpg,https://cwwp2.dot.ca.gov/data/d3/cctv/image/hwy50atwhiterockpoceo1/previous/hwy50atwhiterockpoceo1-10.jpg,https://cwwp2.dot.ca.gov/data/d3/cctv/image/hwy50atwhiterockpoceo1/previous/hwy50atwhiterockpoceo1-11.jpg,https://cwwp2.dot.ca.gov/data/d3/cctv/image/hwy50atwhiterockpoceo1/previous/hwy50atwhiterockpoceo1-12.jpg
260,2024-01-25,16:31:28,1706229088,3,"Hwy 50 at White Rock POC EO 2","Rancho Cordova",-121.29498200,38.58670300,95,West,Sacramento,US-50,,R,10.349,L,15.983,true,,https://wzmedia.dot.ca.gov/D3/50_White_Rock_POC_EO_SAC50_WB_2.stream/playlist.m3u8,1,https://cwwp2.dot.ca.gov/data/d3/cctv/image/hwy50atwhiterockpoceo2/hwy50atwhiterockpoceo2.jpg,15,https://cwwp2.dot.ca.gov/data/d3/cctv/image/hwy50atwhiterockpoceo2/previous/hwy50atwhiterockpoceo2-1.jpg,https://cwwp2.dot.ca.gov/data/d3/cctv/image/hwy50atwhiterockpoceo2/previous/hwy50atwhiterockpoceo2-2.jpg,https://cwwp2.dot.ca.gov/data/d3/cctv/image/hwy50atwhiterockpoceo2/previous/hwy50atwhiterockpoceo2-3.jpg,https://cwwp2.dot.ca.gov/data/d3/cctv/image/hwy50atwhiterockpoceo2/previous/hwy50atwhiterockpoceo2-4.jpg,https://cwwp2.dot.ca.gov/data/d3/cctv/image/hwy50atwhiterockpoceo2/previous/hwy50atwhiterockpoceo2-5.jpg,https://cwwp2.dot.ca.gov/data/d3/cctv/image/hwy50atwhiterockpoceo2/previous/hwy50atwhiterockpoceo2-6.jpg,https://cwwp2.dot.ca.gov/data/d3/cctv/image/hwy50atwhiterockpoceo2/previous/hwy50atwhiterockpoceo2-7.jpg,https://cwwp2.dot.ca.gov/data/d3/cctv/image/hwy50atwhiterockpoceo2/previous/hwy50atwhiterockpoceo2-8.jpg,https://cwwp2.dot.ca.gov/data/d3/cctv/image/hwy50atwhiterockpoceo2/previous/hwy50atwhiterockpoceo2-9.jpg,https://cwwp2.dot.ca.gov/data/d3/cctv/image/hwy50atwhiterockpoceo2/previous/hwy50atwhiterockpoceo2-10.jpg,https://cwwp2.dot.ca.gov/data/d3/cctv/image/hwy50atwhiterockpoceo2/previous/hwy50atwhiterockpoceo2-11.jpg,https://cwwp2.dot.ca.gov/data/d3/cctv/image/hwy50atwhiterockpoceo2/previous/hwy50atwhiterockpoceo2-12.jpg
261,2024-01-25,16:31:29,1706229089,3,"Hwy 50 at White Rock POC EO 3","Rancho Cordova",-121.29498200,38.58670300,95,West,Sacramento,US-50,,R,10.349,L,15.983,true,,https://wzmedia.dot.ca.gov/D3/50_White_Rock_POC_EO_SAC50_WB_3.stream/playlist.m3u8,1,https://cwwp2.dot.ca.gov/data/d3/cctv/image/hwy50atwhiterockpoceo3/hwy50atwhiterockpoceo3.jpg,15,https://cwwp2.dot.ca.gov/data/d3/cctv/image/hwy50atwhiterockpoceo3/previous/hwy50atwhiterockpoceo3-1.jpg,https://cwwp2.dot.ca.gov/data/d3/cctv/image/hwy50atwhiterockpoceo3/previous/hwy50atwhiterockpoceo3-2.jpg,https://cwwp2.dot.ca.gov/data/d3/cctv/image/hwy50atwhiterockpoceo3/previous/hwy50atwhiterockpoceo3-3.jpg,https://cwwp2.dot.ca.gov/data/d3/cctv/image/hwy50atwhiterockpoceo3/previous/hwy50atwhiterockpoceo3-4.jpg,https://cwwp2.dot.ca.gov/data/d3/cctv/image/hwy50atwhiterockpoceo3/previous/hwy50atwhiterockpoceo3-5.jpg,https://cwwp2.dot.ca.gov/data/d3/cctv/image/hwy50atwhiterockpoceo3/previous/hwy50atwhiterockpoceo3-6.jpg,https://cwwp2.dot.ca.gov/data/d3/cctv/image/hwy50atwhiterockpoceo3/previous/hwy50atwhiterockpoceo3-7.jpg,https://cwwp2.dot.ca.gov/data/d3/cctv/image/hwy50atwhiterockpoceo3/previous/hwy50atwhiterockpoceo3-8.jpg,https://cwwp2.dot.ca.gov/data/d3/cctv/image/hwy50atwhiterockpoceo3/previous/hwy50atwhiterockpoceo3-9.jpg,https://cwwp2.dot.ca.gov/data/d3/cctv/image/hwy50atwhiterockpoceo3/previous/hwy50atwhiterockpoceo3-10.jpg,https://cwwp2.dot.ca.gov/data/d3/cctv/image/hwy50atwhiterockpoceo3/previous/hwy50atwhiterockpoceo3-11.jpg,https://cwwp2.dot.ca.gov/data/d3/cctv/image/hwy50atwhiterockpoceo3/previous/hwy50atwhiterockpoceo3-12.jpg
262,2025-09-15,18:13:35,1757985215,3,"Hwy 50 at Zinfandel Dr EB 1","Rancho Cordova",-121.28773,38.590256,111,East,Sacramento,US-50,,R,10.880,R,16.514,true,,https://wzmedia.dot.ca.gov/D3/50_Zinfandel_Dr_SAC50_EB_1.stream/playlist.m3u8,1,https://cwwp2.dot.ca.gov/data/d3/cctv/image/hwy50atzinfandeldreb1/hwy50atzinfandeldreb1.jpg,15,https://cwwp2.dot.ca.gov/data/d3/cctv/image/hwy50atzinfandeldreb1/previous/hwy50atzinfandeldreb1-1.jpg,https://cwwp2.dot.ca.gov/data/d3/cctv/image/hwy50atzinfandeldreb1/previous/hwy50atzinfandeldreb1-2.jpg,https://cwwp2.dot.ca.gov/data/d3/cctv/image/hwy50atzinfandeldreb1/previous/hwy50atzinfandeldreb1-3.jpg,https://cwwp2.dot.ca.gov/data/d3/cctv/image/hwy50atzinfandeldreb1/previous/hwy50atzinfandeldreb1-4.jpg,https://cwwp2.dot.ca.gov/data/d3/cctv/image/hwy50atzinfandeldreb1/previous/hwy50atzinfandeldreb1-5.jpg,https://cwwp2.dot.ca.gov/data/d3/cctv/image/hwy50atzinfandeldreb1/previous/hwy50atzinfandeldreb1-6.jpg,https://cwwp2.dot.ca.gov/data/d3/cctv/image/hwy50atzinfandeldreb1/previous/hwy50atzinfandeldreb1-7.jpg,https://cwwp2.dot.ca.gov/data/d3/cctv/image/hwy50atzinfandeldreb1/previous/hwy50atzinfandeldreb1-8.jpg,https://cwwp2.dot.ca.gov/data/d3/cctv/image/hwy50atzinfandeldreb1/previous/hwy50atzinfandeldreb1-9.jpg,https://cwwp2.dot.ca.gov/data/d3/cctv/image/hwy50atzinfandeldreb1/previous/hwy50atzinfandeldreb1-10.jpg,https://cwwp2.dot.ca.gov/data/d3/cctv/image/hwy50atzinfandeldreb1/previous/hwy50atzinfandeldreb1-11.jpg,https://cwwp2.dot.ca.gov/data/d3/cctv/image/hwy50atzinfandeldreb1/previous/hwy50atzinfandeldreb1-12.jpg
263,2025-11-25,09:09:18,1764090558,3,"Hwy 50 at Zinfandel Dr EB 2","Rancho Cordova",-121.28773,38.590256,111,East,Sacramento,US-50,,R,10.880,R,16.514,true,,https://wzmedia.dot.ca.gov/D3/50_Zinfandel_Dr_SAC50_EB_2.stream/playlist.m3u8,1,https://cwwp2.dot.ca.gov/data/d3/cctv/image/hwy50atzinfandeldreb2/hwy50atzinfandeldreb2.jpg,15,https://cwwp2.dot.ca.gov/data/d3/cctv/image/hwy50atzinfandeldreb2/previous/hwy50atzinfandeldreb2-1.jpg,https://cwwp2.dot.ca.gov/data/d3/cctv/image/hwy50atzinfandeldreb2/previous/hwy50atzinfandeldreb2-2.jpg,https://cwwp2.dot.ca.gov/data/d3/cctv/image/hwy50atzinfandeldreb2/previous/hwy50atzinfandeldreb2-3.jpg,https://cwwp2.dot.ca.gov/data/d3/cctv/image/hwy50atzinfandeldreb2/previous/hwy50atzinfandeldreb2-4.jpg,https://cwwp2.dot.ca.gov/data/d3/cctv/image/hwy50atzinfandeldreb2/previous/hwy50atzinfandeldreb2-5.jpg,https://cwwp2.dot.ca.gov/data/d3/cctv/image/hwy50atzinfandeldreb2/previous/hwy50atzinfandeldreb2-6.jpg,https://cwwp2.dot.ca.gov/data/d3/cctv/image/hwy50atzinfandeldreb2/previous/hwy50atzinfandeldreb2-7.jpg,https://cwwp2.dot.ca.gov/data/d3/cctv/image/hwy50atzinfandeldreb2/previous/hwy50atzinfandeldreb2-8.jpg,https://cwwp2.dot.ca.gov/data/d3/cctv/image/hwy50atzinfandeldreb2/previous/hwy50atzinfandeldreb2-9.jpg,https://cwwp2.dot.ca.gov/data/d3/cctv/image/hwy50atzinfandeldreb2/previous/hwy50atzinfandeldreb2-10.jpg,https://cwwp2.dot.ca.gov/data/d3/cctv/image/hwy50atzinfandeldreb2/previous/hwy50atzinfandeldreb2-11.jpg,https://cwwp2.dot.ca.gov/data/d3/cctv/image/hwy50atzinfandeldreb2/previous/hwy50atzinfandeldreb2-12.jpg
264,2025-09-15,18:13:28,1757985208,3,"Hwy 50 at Zinfandel Dr EB 3","Rancho Cordova",-121.28773,38.590256,111,East,Sacramento,US-50,,R,10.880,R,16.514,true,,https://wzmedia.dot.ca.gov/D3/50_Zinfandel_Dr_SAC50_EB_3.stream/playlist.m3u8,1,https://cwwp2.dot.ca.gov/data/d3/cctv/image/hwy50atzinfandeldreb3/hwy50atzinfandeldreb3.jpg,15,https://cwwp2.dot.ca.gov/data/d3/cctv/image/hwy50atzinfandeldreb3/previous/hwy50atzinfandeldreb3-1.jpg,https://cwwp2.dot.ca.gov/data/d3/cctv/image/hwy50atzinfandeldreb3/previous/hwy50atzinfandeldreb3-2.jpg,https://cwwp2.dot.ca.gov/data/d3/cctv/image/hwy50atzinfandeldreb3/previous/hwy50atzinfandeldreb3-3.jpg,https://cwwp2.dot.ca.gov/data/d3/cctv/image/hwy50atzinfandeldreb3/previous/hwy50atzinfandeldreb3-4.jpg,https://cwwp2.dot.ca.gov/data/d3/cctv/image/hwy50atzinfandeldreb3/previous/hwy50atzinfandeldreb3-5.jpg,https://cwwp2.dot.ca.gov/data/d3/cctv/image/hwy50atzinfandeldreb3/previous/hwy50atzinfandeldreb3-6.jpg,https://cwwp2.dot.ca.gov/data/d3/cctv/image/hwy50atzinfandeldreb3/previous/hwy50atzinfandeldreb3-7.jpg,https://cwwp2.dot.ca.gov/data/d3/cctv/image/hwy50atzinfandeldreb3/previous/hwy50atzinfandeldreb3-8.jpg,https://cwwp2.dot.ca.gov/data/d3/cctv/image/hwy50atzinfandeldreb3/previous/hwy50atzinfandeldreb3-9.jpg,https://cwwp2.dot.ca.gov/data/d3/cctv/image/hwy50atzinfandeldreb3/previous/hwy50atzinfandeldreb3-10.jpg,https://cwwp2.dot.ca.gov/data/d3/cctv/image/hwy50atzinfandeldreb3/previous/hwy50atzinfandeldreb3-11.jpg,https://cwwp2.dot.ca.gov/data/d3/cctv/image/hwy50atzinfandeldreb3/previous/hwy50atzinfandeldreb3-12.jpg
265,2026-02-21,02:19:40,1771669180,3,"Hwy 50 at Zinfandel Dr EO EB 1","Rancho Cordova",-121.277972,38.597857,118,East,Sacramento,US-50,,R,11.616,R,17.250,true,,https://wzmedia.dot.ca.gov/D3/50_Zinfandel_Dr_EO_SAC50_EB_1.stream/playlist.m3u8,1,https://cwwp2.dot.ca.gov/data/d3/cctv/image/hwy50atzinfandeldreoeb1/hwy50atzinfandeldreoeb1.jpg,15,https://cwwp2.dot.ca.gov/data/d3/cctv/image/hwy50atzinfandeldreoeb1/previous/hwy50atzinfandeldreoeb1-1.jpg,https://cwwp2.dot.ca.gov/data/d3/cctv/image/hwy50atzinfandeldreoeb1/previous/hwy50atzinfandeldreoeb1-2.jpg,https://cwwp2.dot.ca.gov/data/d3/cctv/image/hwy50atzinfandeldreoeb1/previous/hwy50atzinfandeldreoeb1-3.jpg,https://cwwp2.dot.ca.gov/data/d3/cctv/image/hwy50atzinfandeldreoeb1/previous/hwy50atzinfandeldreoeb1-4.jpg,https://cwwp2.dot.ca.gov/data/d3/cctv/image/hwy50atzinfandeldreoeb1/previous/hwy50atzinfandeldreoeb1-5.jpg,https://cwwp2.dot.ca.gov/data/d3/cctv/image/hwy50atzinfandeldreoeb1/previous/hwy50atzinfandeldreoeb1-6.jpg,https://cwwp2.dot.ca.gov/data/d3/cctv/image/hwy50atzinfandeldreoeb1/previous/hwy50atzinfandeldreoeb1-7.jpg,https://cwwp2.dot.ca.gov/data/d3/cctv/image/hwy50atzinfandeldreoeb1/previous/hwy50atzinfandeldreoeb1-8.jpg,https://cwwp2.dot.ca.gov/data/d3/cctv/image/hwy50atzinfandeldreoeb1/previous/hwy50atzinfandeldreoeb1-9.jpg,https://cwwp2.dot.ca.gov/data/d3/cctv/image/hwy50atzinfandeldreoeb1/previous/hwy50atzinfandeldreoeb1-10.jpg,https://cwwp2.dot.ca.gov/data/d3/cctv/image/hwy50atzinfandeldreoeb1/previous/hwy50atzinfandeldreoeb1-11.jpg,https://cwwp2.dot.ca.gov/data/d3/cctv/image/hwy50atzinfandeldreoeb1/previous/hwy50atzinfandeldreoeb1-12.jpg
266,2026-02-17,11:14:31,1771355671,3,"Hwy 50 at Zinfandel Dr EO EB 2","Rancho Cordova",-121.277972,38.597857,118,East,Sacramento,US-50,,R,11.616,R,17.250,true,,https://wzmedia.dot.ca.gov/D3/50_Zinfandel_Dr_EO_SAC50_EB_2.stream/playlist.m3u8,1,https://cwwp2.dot.ca.gov/data/d3/cctv/image/hwy50atzinfandeldreoeb2/hwy50atzinfandeldreoeb2.jpg,15,https://cwwp2.dot.ca.gov/data/d3/cctv/image/hwy50atzinfandeldreoeb2/previous/hwy50atzinfandeldreoeb2-1.jpg,https://cwwp2.dot.ca.gov/data/d3/cctv/image/hwy50atzinfandeldreoeb2/previous/hwy50atzinfandeldreoeb2-2.jpg,https://cwwp2.dot.ca.gov/data/d3/cctv/image/hwy50atzinfandeldreoeb2/previous/hwy50atzinfandeldreoeb2-3.jpg,https://cwwp2.dot.ca.gov/data/d3/cctv/image/hwy50atzinfandeldreoeb2/previous/hwy50atzinfandeldreoeb2-4.jpg,https://cwwp2.dot.ca.gov/data/d3/cctv/image/hwy50atzinfandeldreoeb2/previous/hwy50atzinfandeldreoeb2-5.jpg,https://cwwp2.dot.ca.gov/data/d3/cctv/image/hwy50atzinfandeldreoeb2/previous/hwy50atzinfandeldreoeb2-6.jpg,https://cwwp2.dot.ca.gov/data/d3/cctv/image/hwy50atzinfandeldreoeb2/previous/hwy50atzinfandeldreoeb2-7.jpg,https://cwwp2.dot.ca.gov/data/d3/cctv/image/hwy50atzinfandeldreoeb2/previous/hwy50atzinfandeldreoeb2-8.jpg,https://cwwp2.dot.ca.gov/data/d3/cctv/image/hwy50atzinfandeldreoeb2/previous/hwy50atzinfandeldreoeb2-9.jpg,https://cwwp2.dot.ca.gov/data/d3/cctv/image/hwy50atzinfandeldreoeb2/previous/hwy50atzinfandeldreoeb2-10.jpg,https://cwwp2.dot.ca.gov/data/d3/cctv/image/hwy50atzinfandeldreoeb2/previous/hwy50atzinfandeldreoeb2-11.jpg,https://cwwp2.dot.ca.gov/data/d3/cctv/image/hwy50atzinfandeldreoeb2/previous/hwy50atzinfandeldreoeb2-12.jpg
267,2025-09-15,18:14:49,1757985289,3,"Hwy 50 at Zinfandel Dr EO EB 3","Rancho Cordova",-121.277972,38.597857,118,East,Sacramento,US-50,,R,11.616,R,17.250,true,,https://wzmedia.dot.ca.gov/D3/50_Zinfandel_Dr_EO_SAC50_EB_3.stream/playlist.m3u8,1,https://cwwp2.dot.ca.gov/data/d3/cctv/image/hwy50atzinfandeldreoeb3/hwy50atzinfandeldreoeb3.jpg,15,https://cwwp2.dot.ca.gov/data/d3/cctv/image/hwy50atzinfandeldreoeb3/previous/hwy50atzinfandeldreoeb3-1.jpg,https://cwwp2.dot.ca.gov/data/d3/cctv/image/hwy50atzinfandeldreoeb3/previous/hwy50atzinfandeldreoeb3-2.jpg,https://cwwp2.dot.ca.gov/data/d3/cctv/image/hwy50atzinfandeldreoeb3/previous/hwy50atzinfandeldreoeb3-3.jpg,https://cwwp2.dot.ca.gov/data/d3/cctv/image/hwy50atzinfandeldreoeb3/previous/hwy50atzinfandeldreoeb3-4.jpg,https://cwwp2.dot.ca.gov/data/d3/cctv/image/hwy50atzinfandeldreoeb3/previous/hwy50atzinfandeldreoeb3-5.jpg,https://cwwp2.dot.ca.gov/data/d3/cctv/image/hwy50atzinfandeldreoeb3/previous/hwy50atzinfandeldreoeb3-6.jpg,https://cwwp2.dot.ca.gov/data/d3/cctv/image/hwy50atzinfandeldreoeb3/previous/hwy50atzinfandeldreoeb3-7.jpg,https://cwwp2.dot.ca.gov/data/d3/cctv/image/hwy50atzinfandeldreoeb3/previous/hwy50atzinfandeldreoeb3-8.jpg,https://cwwp2.dot.ca.gov/data/d3/cctv/image/hwy50atzinfandeldreoeb3/previous/hwy50atzinfandeldreoeb3-9.jpg,https://cwwp2.dot.ca.gov/data/d3/cctv/image/hwy50atzinfandeldreoeb3/previous/hwy50atzinfandeldreoeb3-10.jpg,https://cwwp2.dot.ca.gov/data/d3/cctv/image/hwy50atzinfandeldreoeb3/previous/hwy50atzinfandeldreoeb3-11.jpg,https://cwwp2.dot.ca.gov/data/d3/cctv/image/hwy50atzinfandeldreoeb3/previous/hwy50atzinfandeldreoeb3-12.jpg
268,2025-09-24,15:35:00,1758753300,3,"Hwy 50 at Sunrise Blvd OC JWO WB 1","Rancho Cordova",-121.270927,38.609259,104,West,Sacramento,US-50,,,12.479,L,18.149,true,,https://wzmedia.dot.ca.gov/D3/50_Sunrise_Blvd_OC_JWO_SAC50_WB_1.stream/playlist.m3u8,1,https://cwwp2.dot.ca.gov/data/d3/cctv/image/hwy50atsunriseblvdocjwowb1/hwy50atsunriseblvdocjwowb1.jpg,15,https://cwwp2.dot.ca.gov/data/d3/cctv/image/hwy50atsunriseblvdocjwowb1/previous/hwy50atsunriseblvdocjwowb1-1.jpg,https://cwwp2.dot.ca.gov/data/d3/cctv/image/hwy50atsunriseblvdocjwowb1/previous/hwy50atsunriseblvdocjwowb1-2.jpg,https://cwwp2.dot.ca.gov/data/d3/cctv/image/hwy50atsunriseblvdocjwowb1/previous/hwy50atsunriseblvdocjwowb1-3.jpg,https://cwwp2.dot.ca.gov/data/d3/cctv/image/hwy50atsunriseblvdocjwowb1/previous/hwy50atsunriseblvdocjwowb1-4.jpg,https://cwwp2.dot.ca.gov/data/d3/cctv/image/hwy50atsunriseblvdocjwowb1/previous/hwy50atsunriseblvdocjwowb1-5.jpg,https://cwwp2.dot.ca.gov/data/d3/cctv/image/hwy50atsunriseblvdocjwowb1/previous/hwy50atsunriseblvdocjwowb1-6.jpg,https://cwwp2.dot.ca.gov/data/d3/cctv/image/hwy50atsunriseblvdocjwowb1/previous/hwy50atsunriseblvdocjwowb1-7.jpg,https://cwwp2.dot.ca.gov/data/d3/cctv/image/hwy50atsunriseblvdocjwowb1/previous/hwy50atsunriseblvdocjwowb1-8.jpg,https://cwwp2.dot.ca.gov/data/d3/cctv/image/hwy50atsunriseblvdocjwowb1/previous/hwy50atsunriseblvdocjwowb1-9.jpg,https://cwwp2.dot.ca.gov/data/d3/cctv/image/hwy50atsunriseblvdocjwowb1/previous/hwy50atsunriseblvdocjwowb1-10.jpg,https://cwwp2.dot.ca.gov/data/d3/cctv/image/hwy50atsunriseblvdocjwowb1/previous/hwy50atsunriseblvdocjwowb1-11.jpg,https://cwwp2.dot.ca.gov/data/d3/cctv/image/hwy50atsunriseblvdocjwowb1/previous/hwy50atsunriseblvdocjwowb1-12.jpg
269,2024-01-25,16:31:10,1706229070,3,"Hwy 50 at Sunrise Blvd OC JWO WB 2","Rancho Cordova",-121.270927,38.609259,104,West,Sacramento,US-50,,,12.479,L,18.149,true,,https://wzmedia.dot.ca.gov/D3/50_Sunrise_Blvd_OC_JWO_SAC50_WB_2.stream/playlist.m3u8,1,https://cwwp2.dot.ca.gov/data/d3/cctv/image/hwy50atsunriseblvdocjwowb2/hwy50atsunriseblvdocjwowb2.jpg,15,https://cwwp2.dot.ca.gov/data/d3/cctv/image/hwy50atsunriseblvdocjwowb2/previous/hwy50atsunriseblvdocjwowb2-1.jpg,https://cwwp2.dot.ca.gov/data/d3/cctv/image/hwy50atsunriseblvdocjwowb2/previous/hwy50atsunriseblvdocjwowb2-2.jpg,https://cwwp2.dot.ca.gov/data/d3/cctv/image/hwy50atsunriseblvdocjwowb2/previous/hwy50atsunriseblvdocjwowb2-3.jpg,https://cwwp2.dot.ca.gov/data/d3/cctv/image/hwy50atsunriseblvdocjwowb2/previous/hwy50atsunriseblvdocjwowb2-4.jpg,https://cwwp2.dot.ca.gov/data/d3/cctv/image/hwy50atsunriseblvdocjwowb2/previous/hwy50atsunriseblvdocjwowb2-5.jpg,https://cwwp2.dot.ca.gov/data/d3/cctv/image/hwy50atsunriseblvdocjwowb2/previous/hwy50atsunriseblvdocjwowb2-6.jpg,https://cwwp2.dot.ca.gov/data/d3/cctv/image/hwy50atsunriseblvdocjwowb2/previous/hwy50atsunriseblvdocjwowb2-7.jpg,https://cwwp2.dot.ca.gov/data/d3/cctv/image/hwy50atsunriseblvdocjwowb2/previous/hwy50atsunriseblvdocjwowb2-8.jpg,https://cwwp2.dot.ca.gov/data/d3/cctv/image/hwy50atsunriseblvdocjwowb2/previous/hwy50atsunriseblvdocjwowb2-9.jpg,https://cwwp2.dot.ca.gov/data/d3/cctv/image/hwy50atsunriseblvdocjwowb2/previous/hwy50atsunriseblvdocjwowb2-10.jpg,https://cwwp2.dot.ca.gov/data/d3/cctv/image/hwy50atsunriseblvdocjwowb2/previous/hwy50atsunriseblvdocjwowb2-11.jpg,https://cwwp2.dot.ca.gov/data/d3/cctv/image/hwy50atsunriseblvdocjwowb2/previous/hwy50atsunriseblvdocjwowb2-12.jpg
270,2025-06-01,19:52:25,1748832745,3,"Hwy 50 at Mayhew Rd 1",Sacramento,-121.34779,38.561966,52,,Sacramento,US-50,,R,7.063,R,12.697,false,,https://wzmedia.dot.ca.gov/D3/50_Mayhew_Rd_JEO_SAC50_EB_1.stream/playlist.m3u8,1,https://cwwp2.dot.ca.gov/data/d3/cctv/image/hwy50atmayhewrd1/hwy50atmayhewrd1.jpg,15,https://cwwp2.dot.ca.gov/data/d3/cctv/image/hwy50atmayhewrd1/previous/hwy50atmayhewrd1-1.jpg,https://cwwp2.dot.ca.gov/data/d3/cctv/image/hwy50atmayhewrd1/previous/hwy50atmayhewrd1-2.jpg,https://cwwp2.dot.ca.gov/data/d3/cctv/image/hwy50atmayhewrd1/previous/hwy50atmayhewrd1-3.jpg,https://cwwp2.dot.ca.gov/data/d3/cctv/image/hwy50atmayhewrd1/previous/hwy50atmayhewrd1-4.jpg,https://cwwp2.dot.ca.gov/data/d3/cctv/image/hwy50atmayhewrd1/previous/hwy50atmayhewrd1-5.jpg,https://cwwp2.dot.ca.gov/data/d3/cctv/image/hwy50atmayhewrd1/previous/hwy50atmayhewrd1-6.jpg,https://cwwp2.dot.ca.gov/data/d3/cctv/image/hwy50atmayhewrd1/previous/hwy50atmayhewrd1-7.jpg,https://cwwp2.dot.ca.gov/data/d3/cctv/image/hwy50atmayhewrd1/previous/hwy50atmayhewrd1-8.jpg,https://cwwp2.dot.ca.gov/data/d3/cctv/image/hwy50atmayhewrd1/previous/hwy50atmayhewrd1-9.jpg,https://cwwp2.dot.ca.gov/data/d3/cctv/image/hwy50atmayhewrd1/previous/hwy50atmayhewrd1-10.jpg,https://cwwp2.dot.ca.gov/data/d3/cctv/image/hwy50atmayhewrd1/previous/hwy50atmayhewrd1-11.jpg,https://cwwp2.dot.ca.gov/data/d3/cctv/image/hwy50atmayhewrd1/previous/hwy50atmayhewrd1-12.jpg
271,2025-07-06,01:42:58,1751791378,3,"Hwy 50 at Mayhew Rd 2",Sacramento,-121.34779,38.561966,52,,Sacramento,US-50,,R,7.063,R,12.697,true,,https://wzmedia.dot.ca.gov/D3/50_Mayhew_Rd_JEO_SAC50_EB_2.stream/playlist.m3u8,1,https://cwwp2.dot.ca.gov/data/d3/cctv/image/hwy50atmayhewrd2/hwy50atmayhewrd2.jpg,15,https://cwwp2.dot.ca.gov/data/d3/cctv/image/hwy50atmayhewrd2/previous/hwy50atmayhewrd2-1.jpg,https://cwwp2.dot.ca.gov/data/d3/cctv/image/hwy50atmayhewrd2/previous/hwy50atmayhewrd2-2.jpg,https://cwwp2.dot.ca.gov/data/d3/cctv/image/hwy50atmayhewrd2/previous/hwy50atmayhewrd2-3.jpg,https://cwwp2.dot.ca.gov/data/d3/cctv/image/hwy50atmayhewrd2/previous/hwy50atmayhewrd2-4.jpg,https://cwwp2.dot.ca.gov/data/d3/cctv/image/hwy50atmayhewrd2/previous/hwy50atmayhewrd2-5.jpg,https://cwwp2.dot.ca.gov/data/d3/cctv/image/hwy50atmayhewrd2/previous/hwy50atmayhewrd2-6.jpg,https://cwwp2.dot.ca.gov/data/d3/cctv/image/hwy50atmayhewrd2/previous/hwy50atmayhewrd2-7.jpg,https://cwwp2.dot.ca.gov/data/d3/cctv/image/hwy50atmayhewrd2/previous/hwy50atmayhewrd2-8.jpg,https://cwwp2.dot.ca.gov/data/d3/cctv/image/hwy50atmayhewrd2/previous/hwy50atmayhewrd2-9.jpg,https://cwwp2.dot.ca.gov/data/d3/cctv/image/hwy50atmayhewrd2/previous/hwy50atmayhewrd2-10.jpg,https://cwwp2.dot.ca.gov/data/d3/cctv/image/hwy50atmayhewrd2/previous/hwy50atmayhewrd2-11.jpg,https://cwwp2.dot.ca.gov/data/d3/cctv/image/hwy50atmayhewrd2/previous/hwy50atmayhewrd2-12.jpg
272,2024-01-25,16:31:09,1706229069,3,"Hwy 50 at Sunrise Blvd EO WB 2","Rancho Cordova",-121.253438,38.615681,131,West,Sacramento,US-50,,,13.527,L,19.197,true,,https://wzmedia.dot.ca.gov/D3/50_Sunrise_Blvd_EO_SAC50_WB_2.stream/playlist.m3u8,1,https://cwwp2.dot.ca.gov/data/d3/cctv/image/hwy50atsunriseblvdeowb2/hwy50atsunriseblvdeowb2.jpg,15,https://cwwp2.dot.ca.gov/data/d3/cctv/image/hwy50atsunriseblvdeowb2/previous/hwy50atsunriseblvdeowb2-1.jpg,https://cwwp2.dot.ca.gov/data/d3/cctv/image/hwy50atsunriseblvdeowb2/previous/hwy50atsunriseblvdeowb2-2.jpg,https://cwwp2.dot.ca.gov/data/d3/cctv/image/hwy50atsunriseblvdeowb2/previous/hwy50atsunriseblvdeowb2-3.jpg,https://cwwp2.dot.ca.gov/data/d3/cctv/image/hwy50atsunriseblvdeowb2/previous/hwy50atsunriseblvdeowb2-4.jpg,https://cwwp2.dot.ca.gov/data/d3/cctv/image/hwy50atsunriseblvdeowb2/previous/hwy50atsunriseblvdeowb2-5.jpg,https://cwwp2.dot.ca.gov/data/d3/cctv/image/hwy50atsunriseblvdeowb2/previous/hwy50atsunriseblvdeowb2-6.jpg,https://cwwp2.dot.ca.gov/data/d3/cctv/image/hwy50atsunriseblvdeowb2/previous/hwy50atsunriseblvdeowb2-7.jpg,https://cwwp2.dot.ca.gov/data/d3/cctv/image/hwy50atsunriseblvdeowb2/previous/hwy50atsunriseblvdeowb2-8.jpg,https://cwwp2.dot.ca.gov/data/d3/cctv/image/hwy50atsunriseblvdeowb2/previous/hwy50atsunriseblvdeowb2-9.jpg,https://cwwp2.dot.ca.gov/data/d3/cctv/image/hwy50atsunriseblvdeowb2/previous/hwy50atsunriseblvdeowb2-10.jpg,https://cwwp2.dot.ca.gov/data/d3/cctv/image/hwy50atsunriseblvdeowb2/previous/hwy50atsunriseblvdeowb2-11.jpg,https://cwwp2.dot.ca.gov/data/d3/cctv/image/hwy50atsunriseblvdeowb2/previous/hwy50atsunriseblvdeowb2-12.jpg
273,2024-01-25,16:31:09,1706229069,3,"Hwy 50 at Sunrise Blvd EO WB 1","Rancho Cordova",-121.253438,38.615681,131,West,Sacramento,US-50,,,13.527,L,19.197,true,,https://wzmedia.dot.ca.gov/D3/50_Sunrise_Blvd_EO_SAC50_WB_1.stream/playlist.m3u8,1,https://cwwp2.dot.ca.gov/data/d3/cctv/image/hwy50atsunriseblvdeowb1/hwy50atsunriseblvdeowb1.jpg,15,https://cwwp2.dot.ca.gov/data/d3/cctv/image/hwy50atsunriseblvdeowb1/previous/hwy50atsunriseblvdeowb1-1.jpg,https://cwwp2.dot.ca.gov/data/d3/cctv/image/hwy50atsunriseblvdeowb1/previous/hwy50atsunriseblvdeowb1-2.jpg,https://cwwp2.dot.ca.gov/data/d3/cctv/image/hwy50atsunriseblvdeowb1/previous/hwy50atsunriseblvdeowb1-3.jpg,https://cwwp2.dot.ca.gov/data/d3/cctv/image/hwy50atsunriseblvdeowb1/previous/hwy50atsunriseblvdeowb1-4.jpg,https://cwwp2.dot.ca.gov/data/d3/cctv/image/hwy50atsunriseblvdeowb1/previous/hwy50atsunriseblvdeowb1-5.jpg,https://cwwp2.dot.ca.gov/data/d3/cctv/image/hwy50atsunriseblvdeowb1/previous/hwy50atsunriseblvdeowb1-6.jpg,https://cwwp2.dot.ca.gov/data/d3/cctv/image/hwy50atsunriseblvdeowb1/previous/hwy50atsunriseblvdeowb1-7.jpg,https://cwwp2.dot.ca.gov/data/d3/cctv/image/hwy50atsunriseblvdeowb1/previous/hwy50atsunriseblvdeowb1-8.jpg,https://cwwp2.dot.ca.gov/data/d3/cctv/image/hwy50atsunriseblvdeowb1/previous/hwy50atsunriseblvdeowb1-9.jpg,https://cwwp2.dot.ca.gov/data/d3/cctv/image/hwy50atsunriseblvdeowb1/previous/hwy50atsunriseblvdeowb1-10.jpg,https://cwwp2.dot.ca.gov/data/d3/cctv/image/hwy50atsunriseblvdeowb1/previous/hwy50atsunriseblvdeowb1-11.jpg,https://cwwp2.dot.ca.gov/data/d3/cctv/image/hwy50atsunriseblvdeowb1/previous/hwy50atsunriseblvdeowb1-12.jpg
274,2024-01-25,16:30:26,1706229026,3,"Hwy 50 at Bradshaw Rd 1",Sacramento,-121.33639,38.565796,65,,Sacramento,US-50,,R,7.744,R,13.378,true,,https://wzmedia.dot.ca.gov/D3/50_Bradshaw_Rd_SAC50_EB_1.stream/playlist.m3u8,1,https://cwwp2.dot.ca.gov/data/d3/cctv/image/hwy50atbradshawrd1/hwy50atbradshawrd1.jpg,15,https://cwwp2.dot.ca.gov/data/d3/cctv/image/hwy50atbradshawrd1/previous/hwy50atbradshawrd1-1.jpg,https://cwwp2.dot.ca.gov/data/d3/cctv/image/hwy50atbradshawrd1/previous/hwy50atbradshawrd1-2.jpg,https://cwwp2.dot.ca.gov/data/d3/cctv/image/hwy50atbradshawrd1/previous/hwy50atbradshawrd1-3.jpg,https://cwwp2.dot.ca.gov/data/d3/cctv/image/hwy50atbradshawrd1/previous/hwy50atbradshawrd1-4.jpg,https://cwwp2.dot.ca.gov/data/d3/cctv/image/hwy50atbradshawrd1/previous/hwy50atbradshawrd1-5.jpg,https://cwwp2.dot.ca.gov/data/d3/cctv/image/hwy50atbradshawrd1/previous/hwy50atbradshawrd1-6.jpg,https://cwwp2.dot.ca.gov/data/d3/cctv/image/hwy50atbradshawrd1/previous/hwy50atbradshawrd1-7.jpg,https://cwwp2.dot.ca.gov/data/d3/cctv/image/hwy50atbradshawrd1/previous/hwy50atbradshawrd1-8.jpg,https://cwwp2.dot.ca.gov/data/d3/cctv/image/hwy50atbradshawrd1/previous/hwy50atbradshawrd1-9.jpg,https://cwwp2.dot.ca.gov/data/d3/cctv/image/hwy50atbradshawrd1/previous/hwy50atbradshawrd1-10.jpg,https://cwwp2.dot.ca.gov/data/d3/cctv/image/hwy50atbradshawrd1/previous/hwy50atbradshawrd1-11.jpg,https://cwwp2.dot.ca.gov/data/d3/cctv/image/hwy50atbradshawrd1/previous/hwy50atbradshawrd1-12.jpg
275,2026-01-27,10:26:32,1769538392,3,"Hwy 50 at Bradshaw Rd 2",Sacramento,-121.33639,38.565796,65,,Sacramento,US-50,,R,7.744,R,13.378,true,,https://wzmedia.dot.ca.gov/D3/50_Bradshaw_Rd_SAC50_EB_2.stream/playlist.m3u8,1,https://cwwp2.dot.ca.gov/data/d3/cctv/image/hwy50atbradshawrd2/hwy50atbradshawrd2.jpg,15,https://cwwp2.dot.ca.gov/data/d3/cctv/image/hwy50atbradshawrd2/previous/hwy50atbradshawrd2-1.jpg,https://cwwp2.dot.ca.gov/data/d3/cctv/image/hwy50atbradshawrd2/previous/hwy50atbradshawrd2-2.jpg,https://cwwp2.dot.ca.gov/data/d3/cctv/image/hwy50atbradshawrd2/previous/hwy50atbradshawrd2-3.jpg,https://cwwp2.dot.ca.gov/data/d3/cctv/image/hwy50atbradshawrd2/previous/hwy50atbradshawrd2-4.jpg,https://cwwp2.dot.ca.gov/data/d3/cctv/image/hwy50atbradshawrd2/previous/hwy50atbradshawrd2-5.jpg,https://cwwp2.dot.ca.gov/data/d3/cctv/image/hwy50atbradshawrd2/previous/hwy50atbradshawrd2-6.jpg,https://cwwp2.dot.ca.gov/data/d3/cctv/image/hwy50atbradshawrd2/previous/hwy50atbradshawrd2-7.jpg,https://cwwp2.dot.ca.gov/data/d3/cctv/image/hwy50atbradshawrd2/previous/hwy50atbradshawrd2-8.jpg,https://cwwp2.dot.ca.gov/data/d3/cctv/image/hwy50atbradshawrd2/previous/hwy50atbradshawrd2-9.jpg,https://cwwp2.dot.ca.gov/data/d3/cctv/image/hwy50atbradshawrd2/previous/hwy50atbradshawrd2-10.jpg,https://cwwp2.dot.ca.gov/data/d3/cctv/image/hwy50atbradshawrd2/previous/hwy50atbradshawrd2-11.jpg,https://cwwp2.dot.ca.gov/data/d3/cctv/image/hwy50atbradshawrd2/previous/hwy50atbradshawrd2-12.jpg
276,2024-01-25,16:30:27,1706229027,3,"Hwy 50 at Bradshaw Rd 3",Sacramento,-121.33639,38.565796,65,,Sacramento,US-50,,R,7.744,R,13.378,true,,https://wzmedia.dot.ca.gov/D3/50_Bradshaw_Rd_SAC50_EB_3.stream/playlist.m3u8,1,https://cwwp2.dot.ca.gov/data/d3/cctv/image/hwy50atbradshawrd3/hwy50atbradshawrd3.jpg,15,https://cwwp2.dot.ca.gov/data/d3/cctv/image/hwy50atbradshawrd3/previous/hwy50atbradshawrd3-1.jpg,https://cwwp2.dot.ca.gov/data/d3/cctv/image/hwy50atbradshawrd3/previous/hwy50atbradshawrd3-2.jpg,https://cwwp2.dot.ca.gov/data/d3/cctv/image/hwy50atbradshawrd3/previous/hwy50atbradshawrd3-3.jpg,https://cwwp2.dot.ca.gov/data/d3/cctv/image/hwy50atbradshawrd3/previous/hwy50atbradshawrd3-4.jpg,https://cwwp2.dot.ca.gov/data/d3/cctv/image/hwy50atbradshawrd3/previous/hwy50atbradshawrd3-5.jpg,https://cwwp2.dot.ca.gov/data/d3/cctv/image/hwy50atbradshawrd3/previous/hwy50atbradshawrd3-6.jpg,https://cwwp2.dot.ca.gov/data/d3/cctv/image/hwy50atbradshawrd3/previous/hwy50atbradshawrd3-7.jpg,https://cwwp2.dot.ca.gov/data/d3/cctv/image/hwy50atbradshawrd3/previous/hwy50atbradshawrd3-8.jpg,https://cwwp2.dot.ca.gov/data/d3/cctv/image/hwy50atbradshawrd3/previous/hwy50atbradshawrd3-9.jpg,https://cwwp2.dot.ca.gov/data/d3/cctv/image/hwy50atbradshawrd3/previous/hwy50atbradshawrd3-10.jpg,https://cwwp2.dot.ca.gov/data/d3/cctv/image/hwy50atbradshawrd3/previous/hwy50atbradshawrd3-11.jpg,https://cwwp2.dot.ca.gov/data/d3/cctv/image/hwy50atbradshawrd3/previous/hwy50atbradshawrd3-12.jpg
277,2024-01-25,16:30:28,1706229028,3,"Hwy 50 at Bradshaw Rd EO 1",Sacramento,-121.326692,38.570817,72,,Sacramento,US-50,,R,8.360,L,13.994,true,,https://wzmedia.dot.ca.gov/D3/50_Bradshaw_Rd_EO_SAC50_WB_1.stream/playlist.m3u8,1,https://cwwp2.dot.ca.gov/data/d3/cctv/image/hwy50atbradshawrdeo1/hwy50atbradshawrdeo1.jpg,15,https://cwwp2.dot.ca.gov/data/d3/cctv/image/hwy50atbradshawrdeo1/previous/hwy50atbradshawrdeo1-1.jpg,https://cwwp2.dot.ca.gov/data/d3/cctv/image/hwy50atbradshawrdeo1/previous/hwy50atbradshawrdeo1-2.jpg,https://cwwp2.dot.ca.gov/data/d3/cctv/image/hwy50atbradshawrdeo1/previous/hwy50atbradshawrdeo1-3.jpg,https://cwwp2.dot.ca.gov/data/d3/cctv/image/hwy50atbradshawrdeo1/previous/hwy50atbradshawrdeo1-4.jpg,https://cwwp2.dot.ca.gov/data/d3/cctv/image/hwy50atbradshawrdeo1/previous/hwy50atbradshawrdeo1-5.jpg,https://cwwp2.dot.ca.gov/data/d3/cctv/image/hwy50atbradshawrdeo1/previous/hwy50atbradshawrdeo1-6.jpg,https://cwwp2.dot.ca.gov/data/d3/cctv/image/hwy50atbradshawrdeo1/previous/hwy50atbradshawrdeo1-7.jpg,https://cwwp2.dot.ca.gov/data/d3/cctv/image/hwy50atbradshawrdeo1/previous/hwy50atbradshawrdeo1-8.jpg,https://cwwp2.dot.ca.gov/data/d3/cctv/image/hwy50atbradshawrdeo1/previous/hwy50atbradshawrdeo1-9.jpg,https://cwwp2.dot.ca.gov/data/d3/cctv/image/hwy50atbradshawrdeo1/previous/hwy50atbradshawrdeo1-10.jpg,https://cwwp2.dot.ca.gov/data/d3/cctv/image/hwy50atbradshawrdeo1/previous/hwy50atbradshawrdeo1-11.jpg,https://cwwp2.dot.ca.gov/data/d3/cctv/image/hwy50atbradshawrdeo1/previous/hwy50atbradshawrdeo1-12.jpg
278,2025-05-26,19:14:07,1748312047,3,"Hwy 50 at Prairie City Rd WO WB 3",Folsom,-121.179228,38.642315,223,,Sacramento,US-50,,,18.000,L,23.670,true,,https://wzmedia.dot.ca.gov/D3/50_Prairie_City_Rd_WO_SAC50_WB_3.stream/playlist.m3u8,1,https://cwwp2.dot.ca.gov/data/d3/cctv/image/hwy50atprairiecityrdwowb3/hwy50atprairiecityrdwowb3.jpg,15,https://cwwp2.dot.ca.gov/data/d3/cctv/image/hwy50atprairiecityrdwowb3/previous/hwy50atprairiecityrdwowb3-1.jpg,https://cwwp2.dot.ca.gov/data/d3/cctv/image/hwy50atprairiecityrdwowb3/previous/hwy50atprairiecityrdwowb3-2.jpg,https://cwwp2.dot.ca.gov/data/d3/cctv/image/hwy50atprairiecityrdwowb3/previous/hwy50atprairiecityrdwowb3-3.jpg,https://cwwp2.dot.ca.gov/data/d3/cctv/image/hwy50atprairiecityrdwowb3/previous/hwy50atprairiecityrdwowb3-4.jpg,https://cwwp2.dot.ca.gov/data/d3/cctv/image/hwy50atprairiecityrdwowb3/previous/hwy50atprairiecityrdwowb3-5.jpg,https://cwwp2.dot.ca.gov/data/d3/cctv/image/hwy50atprairiecityrdwowb3/previous/hwy50atprairiecityrdwowb3-6.jpg,https://cwwp2.dot.ca.gov/data/d3/cctv/image/hwy50atprairiecityrdwowb3/previous/hwy50atprairiecityrdwowb3-7.jpg,https://cwwp2.dot.ca.gov/data/d3/cctv/image/hwy50atprairiecityrdwowb3/previous/hwy50atprairiecityrdwowb3-8.jpg,https://cwwp2.dot.ca.gov/data/d3/cctv/image/hwy50atprairiecityrdwowb3/previous/hwy50atprairiecityrdwowb3-9.jpg,https://cwwp2.dot.ca.gov/data/d3/cctv/image/hwy50atprairiecityrdwowb3/previous/hwy50atprairiecityrdwowb3-10.jpg,https://cwwp2.dot.ca.gov/data/d3/cctv/image/hwy50atprairiecityrdwowb3/previous/hwy50atprairiecityrdwowb3-11.jpg,https://cwwp2.dot.ca.gov/data/d3/cctv/image/hwy50atprairiecityrdwowb3/previous/hwy50atprairiecityrdwowb3-12.jpg
279,2026-01-27,10:28:13,1769538493,3,"Hwy 50 at Bradshaw Rd EO 2",Sacramento,-121.326692,38.570817,72,,Sacramento,US-50,,R,8.360,L,13.994,true,,https://wzmedia.dot.ca.gov/D3/50_Bradshaw_Rd_EO_SAC50_WB_2.stream/playlist.m3u8,1,https://cwwp2.dot.ca.gov/data/d3/cctv/image/hwy50atbradshawrdeo2/hwy50atbradshawrdeo2.jpg,15,https://cwwp2.dot.ca.gov/data/d3/cctv/image/hwy50atbradshawrdeo2/previous/hwy50atbradshawrdeo2-1.jpg,https://cwwp2.dot.ca.gov/data/d3/cctv/image/hwy50atbradshawrdeo2/previous/hwy50atbradshawrdeo2-2.jpg,https://cwwp2.dot.ca.gov/data/d3/cctv/image/hwy50atbradshawrdeo2/previous/hwy50atbradshawrdeo2-3.jpg,https://cwwp2.dot.ca.gov/data/d3/cctv/image/hwy50atbradshawrdeo2/previous/hwy50atbradshawrdeo2-4.jpg,https://cwwp2.dot.ca.gov/data/d3/cctv/image/hwy50atbradshawrdeo2/previous/hwy50atbradshawrdeo2-5.jpg,https://cwwp2.dot.ca.gov/data/d3/cctv/image/hwy50atbradshawrdeo2/previous/hwy50atbradshawrdeo2-6.jpg,https://cwwp2.dot.ca.gov/data/d3/cctv/image/hwy50atbradshawrdeo2/previous/hwy50atbradshawrdeo2-7.jpg,https://cwwp2.dot.ca.gov/data/d3/cctv/image/hwy50atbradshawrdeo2/previous/hwy50atbradshawrdeo2-8.jpg,https://cwwp2.dot.ca.gov/data/d3/cctv/image/hwy50atbradshawrdeo2/previous/hwy50atbradshawrdeo2-9.jpg,https://cwwp2.dot.ca.gov/data/d3/cctv/image/hwy50atbradshawrdeo2/previous/hwy50atbradshawrdeo2-10.jpg,https://cwwp2.dot.ca.gov/data/d3/cctv/image/hwy50atbradshawrdeo2/previous/hwy50atbradshawrdeo2-11.jpg,https://cwwp2.dot.ca.gov/data/d3/cctv/image/hwy50atbradshawrdeo2/previous/hwy50atbradshawrdeo2-12.jpg
280,2024-01-25,16:30:29,1706229029,3,"Hwy 50 at Bradshaw Rd EO 3",Sacramento,-121.326692,38.570817,72,,Sacramento,US-50,,R,8.360,L,13.994,true,,https://wzmedia.dot.ca.gov/D3/50_Bradshaw_Rd_EO_SAC50_WB_3.stream/playlist.m3u8,1,https://cwwp2.dot.ca.gov/data/d3/cctv/image/hwy50atbradshawrdeo3/hwy50atbradshawrdeo3.jpg,15,https://cwwp2.dot.ca.gov/data/d3/cctv/image/hwy50atbradshawrdeo3/previous/hwy50atbradshawrdeo3-1.jpg,https://cwwp2.dot.ca.gov/data/d3/cctv/image/hwy50atbradshawrdeo3/previous/hwy50atbradshawrdeo3-2.jpg,https://cwwp2.dot.ca.gov/data/d3/cctv/image/hwy50atbradshawrdeo3/previous/hwy50atbradshawrdeo3-3.jpg,https://cwwp2.dot.ca.gov/data/d3/cctv/image/hwy50atbradshawrdeo3/previous/hwy50atbradshawrdeo3-4.jpg,https://cwwp2.dot.ca.gov/data/d3/cctv/image/hwy50atbradshawrdeo3/previous/hwy50atbradshawrdeo3-5.jpg,https://cwwp2.dot.ca.gov/data/d3/cctv/image/hwy50atbradshawrdeo3/previous/hwy50atbradshawrdeo3-6.jpg,https://cwwp2.dot.ca.gov/data/d3/cctv/image/hwy50atbradshawrdeo3/previous/hwy50atbradshawrdeo3-7.jpg,https://cwwp2.dot.ca.gov/data/d3/cctv/image/hwy50atbradshawrdeo3/previous/hwy50atbradshawrdeo3-8.jpg,https://cwwp2.dot.ca.gov/data/d3/cctv/image/hwy50atbradshawrdeo3/previous/hwy50atbradshawrdeo3-9.jpg,https://cwwp2.dot.ca.gov/data/d3/cctv/image/hwy50atbradshawrdeo3/previous/hwy50atbradshawrdeo3-10.jpg,https://cwwp2.dot.ca.gov/data/d3/cctv/image/hwy50atbradshawrdeo3/previous/hwy50atbradshawrdeo3-11.jpg,https://cwwp2.dot.ca.gov/data/d3/cctv/image/hwy50atbradshawrdeo3/previous/hwy50atbradshawrdeo3-12.jpg
281,2025-04-30,06:33:29,1746020009,3,"Hwy 50 at Routier Rd JWO 1",Sacramento,-121.319468,38.573543,78,,Sacramento,US-50,,R,8.799,R,14.433,true,,https://wzmedia.dot.ca.gov/D3/50_Routier_Rd_OC_JWO_SAC50_EB_1.stream/playlist.m3u8,1,https://cwwp2.dot.ca.gov/data/d3/cctv/image/hwy50atroutierrdjwo1/hwy50atroutierrdjwo1.jpg,15,https://cwwp2.dot.ca.gov/data/d3/cctv/image/hwy50atroutierrdjwo1/previous/hwy50atroutierrdjwo1-1.jpg,https://cwwp2.dot.ca.gov/data/d3/cctv/image/hwy50atroutierrdjwo1/previous/hwy50atroutierrdjwo1-2.jpg,https://cwwp2.dot.ca.gov/data/d3/cctv/image/hwy50atroutierrdjwo1/previous/hwy50atroutierrdjwo1-3.jpg,https://cwwp2.dot.ca.gov/data/d3/cctv/image/hwy50atroutierrdjwo1/previous/hwy50atroutierrdjwo1-4.jpg,https://cwwp2.dot.ca.gov/data/d3/cctv/image/hwy50atroutierrdjwo1/previous/hwy50atroutierrdjwo1-5.jpg,https://cwwp2.dot.ca.gov/data/d3/cctv/image/hwy50atroutierrdjwo1/previous/hwy50atroutierrdjwo1-6.jpg,https://cwwp2.dot.ca.gov/data/d3/cctv/image/hwy50atroutierrdjwo1/previous/hwy50atroutierrdjwo1-7.jpg,https://cwwp2.dot.ca.gov/data/d3/cctv/image/hwy50atroutierrdjwo1/previous/hwy50atroutierrdjwo1-8.jpg,https://cwwp2.dot.ca.gov/data/d3/cctv/image/hwy50atroutierrdjwo1/previous/hwy50atroutierrdjwo1-9.jpg,https://cwwp2.dot.ca.gov/data/d3/cctv/image/hwy50atroutierrdjwo1/previous/hwy50atroutierrdjwo1-10.jpg,https://cwwp2.dot.ca.gov/data/d3/cctv/image/hwy50atroutierrdjwo1/previous/hwy50atroutierrdjwo1-11.jpg,https://cwwp2.dot.ca.gov/data/d3/cctv/image/hwy50atroutierrdjwo1/previous/hwy50atroutierrdjwo1-12.jpg
282,2024-02-15,20:05:55,1708056355,3,"Hwy 50 at Routier Rd JWO 2",Sacramento,-121.319468,38.573543,78,,Sacramento,US-50,,R,8.799,R,14.433,true,,https://wzmedia.dot.ca.gov/D3/50_Routier_Rd_OC_JWO_SAC50_WB_2.stream/playlist.m3u8,1,https://cwwp2.dot.ca.gov/data/d3/cctv/image/hwy50atroutierrdjwo2/hwy50atroutierrdjwo2.jpg,15,https://cwwp2.dot.ca.gov/data/d3/cctv/image/hwy50atroutierrdjwo2/previous/hwy50atroutierrdjwo2-1.jpg,https://cwwp2.dot.ca.gov/data/d3/cctv/image/hwy50atroutierrdjwo2/previous/hwy50atroutierrdjwo2-2.jpg,https://cwwp2.dot.ca.gov/data/d3/cctv/image/hwy50atroutierrdjwo2/previous/hwy50atroutierrdjwo2-3.jpg,https://cwwp2.dot.ca.gov/data/d3/cctv/image/hwy50atroutierrdjwo2/previous/hwy50atroutierrdjwo2-4.jpg,https://cwwp2.dot.ca.gov/data/d3/cctv/image/hwy50atroutierrdjwo2/previous/hwy50atroutierrdjwo2-5.jpg,https://cwwp2.dot.ca.gov/data/d3/cctv/image/hwy50atroutierrdjwo2/previous/hwy50atroutierrdjwo2-6.jpg,https://cwwp2.dot.ca.gov/data/d3/cctv/image/hwy50atroutierrdjwo2/previous/hwy50atroutierrdjwo2-7.jpg,https://cwwp2.dot.ca.gov/data/d3/cctv/image/hwy50atroutierrdjwo2/previous/hwy50atroutierrdjwo2-8.jpg,https://cwwp2.dot.ca.gov/data/d3/cctv/image/hwy50atroutierrdjwo2/previous/hwy50atroutierrdjwo2-9.jpg,https://cwwp2.dot.ca.gov/data/d3/cctv/image/hwy50atroutierrdjwo2/previous/hwy50atroutierrdjwo2-10.jpg,https://cwwp2.dot.ca.gov/data/d3/cctv/image/hwy50atroutierrdjwo2/previous/hwy50atroutierrdjwo2-11.jpg,https://cwwp2.dot.ca.gov/data/d3/cctv/image/hwy50atroutierrdjwo2/previous/hwy50atroutierrdjwo2-12.jpg
283,2025-05-27,15:46:46,1748386006,3,"Hwy 50 at Prairie City Rd WO WB 1",Folsom,-121.179228,38.642315,223,West,Sacramento,US-50,,,18.000,L,23.670,true,,https://wzmedia.dot.ca.gov/D3/50_Prairie_City_Rd_WO_SAC50_WB_1.stream/playlist.m3u8,1,https://cwwp2.dot.ca.gov/data/d3/cctv/image/hwy50atprairiecityrdwowb1/hwy50atprairiecityrdwowb1.jpg,15,https://cwwp2.dot.ca.gov/data/d3/cctv/image/hwy50atprairiecityrdwowb1/previous/hwy50atprairiecityrdwowb1-1.jpg,https://cwwp2.dot.ca.gov/data/d3/cctv/image/hwy50atprairiecityrdwowb1/previous/hwy50atprairiecityrdwowb1-2.jpg,https://cwwp2.dot.ca.gov/data/d3/cctv/image/hwy50atprairiecityrdwowb1/previous/hwy50atprairiecityrdwowb1-3.jpg,https://cwwp2.dot.ca.gov/data/d3/cctv/image/hwy50atprairiecityrdwowb1/previous/hwy50atprairiecityrdwowb1-4.jpg,https://cwwp2.dot.ca.gov/data/d3/cctv/image/hwy50atprairiecityrdwowb1/previous/hwy50atprairiecityrdwowb1-5.jpg,https://cwwp2.dot.ca.gov/data/d3/cctv/image/hwy50atprairiecityrdwowb1/previous/hwy50atprairiecityrdwowb1-6.jpg,https://cwwp2.dot.ca.gov/data/d3/cctv/image/hwy50atprairiecityrdwowb1/previous/hwy50atprairiecityrdwowb1-7.jpg,https://cwwp2.dot.ca.gov/data/d3/cctv/image/hwy50atprairiecityrdwowb1/previous/hwy50atprairiecityrdwowb1-8.jpg,https://cwwp2.dot.ca.gov/data/d3/cctv/image/hwy50atprairiecityrdwowb1/previous/hwy50atprairiecityrdwowb1-9.jpg,https://cwwp2.dot.ca.gov/data/d3/cctv/image/hwy50atprairiecityrdwowb1/previous/hwy50atprairiecityrdwowb1-10.jpg,https://cwwp2.dot.ca.gov/data/d3/cctv/image/hwy50atprairiecityrdwowb1/previous/hwy50atprairiecityrdwowb1-11.jpg,https://cwwp2.dot.ca.gov/data/d3/cctv/image/hwy50atprairiecityrdwowb1/previous/hwy50atprairiecityrdwowb1-12.jpg
284,2024-02-15,20:02:30,1708056150,3,"Hwy 50 at Routier Rd JEO 1",Sacramento,-121.316762,38.575148,82,,Sacramento,US-50,,R,8.973,L,14.607,true,,https://wzmedia.dot.ca.gov/D3/50_Routier_Rd_OC_JEO_SAC50_WB_1.stream/playlist.m3u8,1,https://cwwp2.dot.ca.gov/data/d3/cctv/image/hwy50atroutierrdjeo1/hwy50atroutierrdjeo1.jpg,15,https://cwwp2.dot.ca.gov/data/d3/cctv/image/hwy50atroutierrdjeo1/previous/hwy50atroutierrdjeo1-1.jpg,https://cwwp2.dot.ca.gov/data/d3/cctv/image/hwy50atroutierrdjeo1/previous/hwy50atroutierrdjeo1-2.jpg,https://cwwp2.dot.ca.gov/data/d3/cctv/image/hwy50atroutierrdjeo1/previous/hwy50atroutierrdjeo1-3.jpg,https://cwwp2.dot.ca.gov/data/d3/cctv/image/hwy50atroutierrdjeo1/previous/hwy50atroutierrdjeo1-4.jpg,https://cwwp2.dot.ca.gov/data/d3/cctv/image/hwy50atroutierrdjeo1/previous/hwy50atroutierrdjeo1-5.jpg,https://cwwp2.dot.ca.gov/data/d3/cctv/image/hwy50atroutierrdjeo1/previous/hwy50atroutierrdjeo1-6.jpg,https://cwwp2.dot.ca.gov/data/d3/cctv/image/hwy50atroutierrdjeo1/previous/hwy50atroutierrdjeo1-7.jpg,https://cwwp2.dot.ca.gov/data/d3/cctv/image/hwy50atroutierrdjeo1/previous/hwy50atroutierrdjeo1-8.jpg,https://cwwp2.dot.ca.gov/data/d3/cctv/image/hwy50atroutierrdjeo1/previous/hwy50atroutierrdjeo1-9.jpg,https://cwwp2.dot.ca.gov/data/d3/cctv/image/hwy50atroutierrdjeo1/previous/hwy50atroutierrdjeo1-10.jpg,https://cwwp2.dot.ca.gov/data/d3/cctv/image/hwy50atroutierrdjeo1/previous/hwy50atroutierrdjeo1-11.jpg,https://cwwp2.dot.ca.gov/data/d3/cctv/image/hwy50atroutierrdjeo1/previous/hwy50atroutierrdjeo1-12.jpg
285,2024-02-15,20:03:07,1708056187,3,"Hwy 50 at Routier Rd JWO 3",Sacramento,-121.319468,38.573543,78,,Sacramento,US-50,,R,8.799,R,14.433,true,,https://wzmedia.dot.ca.gov/D3/50_Routier_Rd_OC_JWO_SAC50_WB_3.stream/playlist.m3u8,1,https://cwwp2.dot.ca.gov/data/d3/cctv/image/hwy50atroutierrdjwo3/hwy50atroutierrdjwo3.jpg,15,https://cwwp2.dot.ca.gov/data/d3/cctv/image/hwy50atroutierrdjwo3/previous/hwy50atroutierrdjwo3-1.jpg,https://cwwp2.dot.ca.gov/data/d3/cctv/image/hwy50atroutierrdjwo3/previous/hwy50atroutierrdjwo3-2.jpg,https://cwwp2.dot.ca.gov/data/d3/cctv/image/hwy50atroutierrdjwo3/previous/hwy50atroutierrdjwo3-3.jpg,https://cwwp2.dot.ca.gov/data/d3/cctv/image/hwy50atroutierrdjwo3/previous/hwy50atroutierrdjwo3-4.jpg,https://cwwp2.dot.ca.gov/data/d3/cctv/image/hwy50atroutierrdjwo3/previous/hwy50atroutierrdjwo3-5.jpg,https://cwwp2.dot.ca.gov/data/d3/cctv/image/hwy50atroutierrdjwo3/previous/hwy50atroutierrdjwo3-6.jpg,https://cwwp2.dot.ca.gov/data/d3/cctv/image/hwy50atroutierrdjwo3/previous/hwy50atroutierrdjwo3-7.jpg,https://cwwp2.dot.ca.gov/data/d3/cctv/image/hwy50atroutierrdjwo3/previous/hwy50atroutierrdjwo3-8.jpg,https://cwwp2.dot.ca.gov/data/d3/cctv/image/hwy50atroutierrdjwo3/previous/hwy50atroutierrdjwo3-9.jpg,https://cwwp2.dot.ca.gov/data/d3/cctv/image/hwy50atroutierrdjwo3/previous/hwy50atroutierrdjwo3-10.jpg,https://cwwp2.dot.ca.gov/data/d3/cctv/image/hwy50atroutierrdjwo3/previous/hwy50atroutierrdjwo3-11.jpg,https://cwwp2.dot.ca.gov/data/d3/cctv/image/hwy50atroutierrdjwo3/previous/hwy50atroutierrdjwo3-12.jpg
286,2024-02-15,20:02:30,1708056150,3,"Hwy 50 at Routier Rd JEO 2",Sacramento,-121.316762,38.575148,82,,Sacramento,US-50,,R,8.973,L,14.607,true,,https://wzmedia.dot.ca.gov/D3/50_Routier_Rd_OC_JEO_SAC50_WB_12.stream/playlist.m3u8,1,https://cwwp2.dot.ca.gov/data/d3/cctv/image/hwy50atroutierrdjeo2/hwy50atroutierrdjeo2.jpg,15,https://cwwp2.dot.ca.gov/data/d3/cctv/image/hwy50atroutierrdjeo2/previous/hwy50atroutierrdjeo2-1.jpg,https://cwwp2.dot.ca.gov/data/d3/cctv/image/hwy50atroutierrdjeo2/previous/hwy50atroutierrdjeo2-2.jpg,https://cwwp2.dot.ca.gov/data/d3/cctv/image/hwy50atroutierrdjeo2/previous/hwy50atroutierrdjeo2-3.jpg,https://cwwp2.dot.ca.gov/data/d3/cctv/image/hwy50atroutierrdjeo2/previous/hwy50atroutierrdjeo2-4.jpg,https://cwwp2.dot.ca.gov/data/d3/cctv/image/hwy50atroutierrdjeo2/previous/hwy50atroutierrdjeo2-5.jpg,https://cwwp2.dot.ca.gov/data/d3/cctv/image/hwy50atroutierrdjeo2/previous/hwy50atroutierrdjeo2-6.jpg,https://cwwp2.dot.ca.gov/data/d3/cctv/image/hwy50atroutierrdjeo2/previous/hwy50atroutierrdjeo2-7.jpg,https://cwwp2.dot.ca.gov/data/d3/cctv/image/hwy50atroutierrdjeo2/previous/hwy50atroutierrdjeo2-8.jpg,https://cwwp2.dot.ca.gov/data/d3/cctv/image/hwy50atroutierrdjeo2/previous/hwy50atroutierrdjeo2-9.jpg,https://cwwp2.dot.ca.gov/data/d3/cctv/image/hwy50atroutierrdjeo2/previous/hwy50atroutierrdjeo2-10.jpg,https://cwwp2.dot.ca.gov/data/d3/cctv/image/hwy50atroutierrdjeo2/previous/hwy50atroutierrdjeo2-11.jpg,https://cwwp2.dot.ca.gov/data/d3/cctv/image/hwy50atroutierrdjeo2/previous/hwy50atroutierrdjeo2-12.jpg
287,2024-02-15,20:02:34,1708056154,3,"Hwy 50 at Routier Rd JEO 3",Sacramento,-121.316762,38.575148,82,,Sacramento,US-50,,R,8.973,L,14.607,true,,https://wzmedia.dot.ca.gov/D3/50_Routier_Rd_OC_JEO_SAC50_WB_3.stream/playlist.m3u8,1,https://cwwp2.dot.ca.gov/data/d3/cctv/image/hwy50atroutierrdjeo3/hwy50atroutierrdjeo3.jpg,15,https://cwwp2.dot.ca.gov/data/d3/cctv/image/hwy50atroutierrdjeo3/previous/hwy50atroutierrdjeo3-1.jpg,https://cwwp2.dot.ca.gov/data/d3/cctv/image/hwy50atroutierrdjeo3/previous/hwy50atroutierrdjeo3-2.jpg,https://cwwp2.dot.ca.gov/data/d3/cctv/image/hwy50atroutierrdjeo3/previous/hwy50atroutierrdjeo3-3.jpg,https://cwwp2.dot.ca.gov/data/d3/cctv/image/hwy50atroutierrdjeo3/previous/hwy50atroutierrdjeo3-4.jpg,https://cwwp2.dot.ca.gov/data/d3/cctv/image/hwy50atroutierrdjeo3/previous/hwy50atroutierrdjeo3-5.jpg,https://cwwp2.dot.ca.gov/data/d3/cctv/image/hwy50atroutierrdjeo3/previous/hwy50atroutierrdjeo3-6.jpg,https://cwwp2.dot.ca.gov/data/d3/cctv/image/hwy50atroutierrdjeo3/previous/hwy50atroutierrdjeo3-7.jpg,https://cwwp2.dot.ca.gov/data/d3/cctv/image/hwy50atroutierrdjeo3/previous/hwy50atroutierrdjeo3-8.jpg,https://cwwp2.dot.ca.gov/data/d3/cctv/image/hwy50atroutierrdjeo3/previous/hwy50atroutierrdjeo3-9.jpg,https://cwwp2.dot.ca.gov/data/d3/cctv/image/hwy50atroutierrdjeo3/previous/hwy50atroutierrdjeo3-10.jpg,https://cwwp2.dot.ca.gov/data/d3/cctv/image/hwy50atroutierrdjeo3/previous/hwy50atroutierrdjeo3-11.jpg,https://cwwp2.dot.ca.gov/data/d3/cctv/image/hwy50atroutierrdjeo3/previous/hwy50atroutierrdjeo3-12.jpg
288,2025-09-03,07:30:30,1756909830,3,"Hwy 50 at Hazel Ave OC WO WB 1","Rancho Cordova",-121.22572800,38.62648400,141,West,Sacramento,US-50,,,15.203,L,20.873,true,,https://wzmedia.dot.ca.gov/D3/50_Hazel_Ave_OC_WO_SAC50_WB_1.stream/playlist.m3u8,1,https://cwwp2.dot.ca.gov/data/d3/cctv/image/hwy50athazelaveocwowb1/hwy50athazelaveocwowb1.jpg,15,https://cwwp2.dot.ca.gov/data/d3/cctv/image/hwy50athazelaveocwowb1/previous/hwy50athazelaveocwowb1-1.jpg,https://cwwp2.dot.ca.gov/data/d3/cctv/image/hwy50athazelaveocwowb1/previous/hwy50athazelaveocwowb1-2.jpg,https://cwwp2.dot.ca.gov/data/d3/cctv/image/hwy50athazelaveocwowb1/previous/hwy50athazelaveocwowb1-3.jpg,https://cwwp2.dot.ca.gov/data/d3/cctv/image/hwy50athazelaveocwowb1/previous/hwy50athazelaveocwowb1-4.jpg,https://cwwp2.dot.ca.gov/data/d3/cctv/image/hwy50athazelaveocwowb1/previous/hwy50athazelaveocwowb1-5.jpg,https://cwwp2.dot.ca.gov/data/d3/cctv/image/hwy50athazelaveocwowb1/previous/hwy50athazelaveocwowb1-6.jpg,https://cwwp2.dot.ca.gov/data/d3/cctv/image/hwy50athazelaveocwowb1/previous/hwy50athazelaveocwowb1-7.jpg,https://cwwp2.dot.ca.gov/data/d3/cctv/image/hwy50athazelaveocwowb1/previous/hwy50athazelaveocwowb1-8.jpg,https://cwwp2.dot.ca.gov/data/d3/cctv/image/hwy50athazelaveocwowb1/previous/hwy50athazelaveocwowb1-9.jpg,https://cwwp2.dot.ca.gov/data/d3/cctv/image/hwy50athazelaveocwowb1/previous/hwy50athazelaveocwowb1-10.jpg,https://cwwp2.dot.ca.gov/data/d3/cctv/image/hwy50athazelaveocwowb1/previous/hwy50athazelaveocwowb1-11.jpg,https://cwwp2.dot.ca.gov/data/d3/cctv/image/hwy50athazelaveocwowb1/previous/hwy50athazelaveocwowb1-12.jpg
289,2025-05-27,19:20:36,1748398836,3,"Hwy 50 at Hazel Ave OC WO WB 2","Rancho Cordova",-121.22582800,38.62658400,141,West,Sacramento,US-50,,,15.203,L,20.873,true,,https://wzmedia.dot.ca.gov/D3/50_Hazel_Ave_OC_WO_SAC50_WB_2.stream/playlist.m3u8,1,https://cwwp2.dot.ca.gov/data/d3/cctv/image/hwy50athazelaveocwowb2/hwy50athazelaveocwowb2.jpg,15,https://cwwp2.dot.ca.gov/data/d3/cctv/image/hwy50athazelaveocwowb2/previous/hwy50athazelaveocwowb2-1.jpg,https://cwwp2.dot.ca.gov/data/d3/cctv/image/hwy50athazelaveocwowb2/previous/hwy50athazelaveocwowb2-2.jpg,https://cwwp2.dot.ca.gov/data/d3/cctv/image/hwy50athazelaveocwowb2/previous/hwy50athazelaveocwowb2-3.jpg,https://cwwp2.dot.ca.gov/data/d3/cctv/image/hwy50athazelaveocwowb2/previous/hwy50athazelaveocwowb2-4.jpg,https://cwwp2.dot.ca.gov/data/d3/cctv/image/hwy50athazelaveocwowb2/previous/hwy50athazelaveocwowb2-5.jpg,https://cwwp2.dot.ca.gov/data/d3/cctv/image/hwy50athazelaveocwowb2/previous/hwy50athazelaveocwowb2-6.jpg,https://cwwp2.dot.ca.gov/data/d3/cctv/image/hwy50athazelaveocwowb2/previous/hwy50athazelaveocwowb2-7.jpg,https://cwwp2.dot.ca.gov/data/d3/cctv/image/hwy50athazelaveocwowb2/previous/hwy50athazelaveocwowb2-8.jpg,https://cwwp2.dot.ca.gov/data/d3/cctv/image/hwy50athazelaveocwowb2/previous/hwy50athazelaveocwowb2-9.jpg,https://cwwp2.dot.ca.gov/data/d3/cctv/image/hwy50athazelaveocwowb2/previous/hwy50athazelaveocwowb2-10.jpg,https://cwwp2.dot.ca.gov/data/d3/cctv/image/hwy50athazelaveocwowb2/previous/hwy50athazelaveocwowb2-11.jpg,https://cwwp2.dot.ca.gov/data/d3/cctv/image/hwy50athazelaveocwowb2/previous/hwy50athazelaveocwowb2-12.jpg
290,2025-05-27,19:20:31,1748398831,3,"Hwy 50 at Hazel Ave OC WO WB 3","Rancho Cordova",-121.22592800,38.62668400,141,West,Sacramento,US-50,,,15.203,L,20.873,true,,https://wzmedia.dot.ca.gov/D3/50_Hazel_Ave_OC_WO_SAC50_WB_3.stream/playlist.m3u8,1,https://cwwp2.dot.ca.gov/data/d3/cctv/image/hwy50athazelaveocwowb3/hwy50athazelaveocwowb3.jpg,15,https://cwwp2.dot.ca.gov/data/d3/cctv/image/hwy50athazelaveocwowb3/previous/hwy50athazelaveocwowb3-1.jpg,https://cwwp2.dot.ca.gov/data/d3/cctv/image/hwy50athazelaveocwowb3/previous/hwy50athazelaveocwowb3-2.jpg,https://cwwp2.dot.ca.gov/data/d3/cctv/image/hwy50athazelaveocwowb3/previous/hwy50athazelaveocwowb3-3.jpg,https://cwwp2.dot.ca.gov/data/d3/cctv/image/hwy50athazelaveocwowb3/previous/hwy50athazelaveocwowb3-4.jpg,https://cwwp2.dot.ca.gov/data/d3/cctv/image/hwy50athazelaveocwowb3/previous/hwy50athazelaveocwowb3-5.jpg,https://cwwp2.dot.ca.gov/data/d3/cctv/image/hwy50athazelaveocwowb3/previous/hwy50athazelaveocwowb3-6.jpg,https://cwwp2.dot.ca.gov/data/d3/cctv/image/hwy50athazelaveocwowb3/previous/hwy50athazelaveocwowb3-7.jpg,https://cwwp2.dot.ca.gov/data/d3/cctv/image/hwy50athazelaveocwowb3/previous/hwy50athazelaveocwowb3-8.jpg,https://cwwp2.dot.ca.gov/data/d3/cctv/image/hwy50athazelaveocwowb3/previous/hwy50athazelaveocwowb3-9.jpg,https://cwwp2.dot.ca.gov/data/d3/cctv/image/hwy50athazelaveocwowb3/previous/hwy50athazelaveocwowb3-10.jpg,https://cwwp2.dot.ca.gov/data/d3/cctv/image/hwy50athazelaveocwowb3/previous/hwy50athazelaveocwowb3-11.jpg,https://cwwp2.dot.ca.gov/data/d3/cctv/image/hwy50athazelaveocwowb3/previous/hwy50athazelaveocwowb3-12.jpg
291,2025-06-01,19:52:19,1748832739,3,"Hwy 50 at Mayhew Rd 3",Sacramento,-121.34779,38.561966,52,,Sacramento,US-50,,R,7.063,R,12.697,false,,https://wzmedia.dot.ca.gov/D3/50_Mayhew_Rd_JEO_SAC50_EB_3.stream/playlist.m3u8,1,https://cwwp2.dot.ca.gov/data/d3/cctv/image/hwy50atmayhewrd3/hwy50atmayhewrd3.jpg,15,https://cwwp2.dot.ca.gov/data/d3/cctv/image/hwy50atmayhewrd3/previous/hwy50atmayhewrd3-1.jpg,https://cwwp2.dot.ca.gov/data/d3/cctv/image/hwy50atmayhewrd3/previous/hwy50atmayhewrd3-2.jpg,https://cwwp2.dot.ca.gov/data/d3/cctv/image/hwy50atmayhewrd3/previous/hwy50atmayhewrd3-3.jpg,https://cwwp2.dot.ca.gov/data/d3/cctv/image/hwy50atmayhewrd3/previous/hwy50atmayhewrd3-4.jpg,https://cwwp2.dot.ca.gov/data/d3/cctv/image/hwy50atmayhewrd3/previous/hwy50atmayhewrd3-5.jpg,https://cwwp2.dot.ca.gov/data/d3/cctv/image/hwy50atmayhewrd3/previous/hwy50atmayhewrd3-6.jpg,https://cwwp2.dot.ca.gov/data/d3/cctv/image/hwy50atmayhewrd3/previous/hwy50atmayhewrd3-7.jpg,https://cwwp2.dot.ca.gov/data/d3/cctv/image/hwy50atmayhewrd3/previous/hwy50atmayhewrd3-8.jpg,https://cwwp2.dot.ca.gov/data/d3/cctv/image/hwy50atmayhewrd3/previous/hwy50atmayhewrd3-9.jpg,https://cwwp2.dot.ca.gov/data/d3/cctv/image/hwy50atmayhewrd3/previous/hwy50atmayhewrd3-10.jpg,https://cwwp2.dot.ca.gov/data/d3/cctv/image/hwy50atmayhewrd3/previous/hwy50atmayhewrd3-11.jpg,https://cwwp2.dot.ca.gov/data/d3/cctv/image/hwy50atmayhewrd3/previous/hwy50atmayhewrd3-12.jpg
292,2024-01-25,16:30:21,1706229021,3,"Hwy 50 at Manlove POC 3",Sacramento,-121.372667,38.559338,45,,Sacramento,US-50,,R,5.786,R,11.420,true,,https://wzmedia.dot.ca.gov/D3/50_Manlove_POC_JEO_SAC50_EB_3.stream/playlist.m3u8,1,https://cwwp2.dot.ca.gov/data/d3/cctv/image/hwy50atmanlovepoc3/hwy50atmanlovepoc3.jpg,15,https://cwwp2.dot.ca.gov/data/d3/cctv/image/hwy50atmanlovepoc3/previous/hwy50atmanlovepoc3-1.jpg,https://cwwp2.dot.ca.gov/data/d3/cctv/image/hwy50atmanlovepoc3/previous/hwy50atmanlovepoc3-2.jpg,https://cwwp2.dot.ca.gov/data/d3/cctv/image/hwy50atmanlovepoc3/previous/hwy50atmanlovepoc3-3.jpg,https://cwwp2.dot.ca.gov/data/d3/cctv/image/hwy50atmanlovepoc3/previous/hwy50atmanlovepoc3-4.jpg,https://cwwp2.dot.ca.gov/data/d3/cctv/image/hwy50atmanlovepoc3/previous/hwy50atmanlovepoc3-5.jpg,https://cwwp2.dot.ca.gov/data/d3/cctv/image/hwy50atmanlovepoc3/previous/hwy50atmanlovepoc3-6.jpg,https://cwwp2.dot.ca.gov/data/d3/cctv/image/hwy50atmanlovepoc3/previous/hwy50atmanlovepoc3-7.jpg,https://cwwp2.dot.ca.gov/data/d3/cctv/image/hwy50atmanlovepoc3/previous/hwy50atmanlovepoc3-8.jpg,https://cwwp2.dot.ca.gov/data/d3/cctv/image/hwy50atmanlovepoc3/previous/hwy50atmanlovepoc3-9.jpg,https://cwwp2.dot.ca.gov/data/d3/cctv/image/hwy50atmanlovepoc3/previous/hwy50atmanlovepoc3-10.jpg,https://cwwp2.dot.ca.gov/data/d3/cctv/image/hwy50atmanlovepoc3/previous/hwy50atmanlovepoc3-11.jpg,https://cwwp2.dot.ca.gov/data/d3/cctv/image/hwy50atmanlovepoc3/previous/hwy50atmanlovepoc3-12.jpg
293,2025-11-19,13:54:00,1763589240,3,"Hwy 51 at Hwy 160 1",Sacramento,-121.43958,38.599961,45,,Sacramento,SR-51,,,46.609,R,50.549,true,,https://wzmedia.dot.ca.gov/D3/51_JCT160_SAC51_NB_1.stream/playlist.m3u8,1,https://cwwp2.dot.ca.gov/data/d3/cctv/image/hwy51athwy1601/hwy51athwy1601.jpg,15,https://cwwp2.dot.ca.gov/data/d3/cctv/image/hwy51athwy1601/previous/hwy51athwy1601-1.jpg,https://cwwp2.dot.ca.gov/data/d3/cctv/image/hwy51athwy1601/previous/hwy51athwy1601-2.jpg,https://cwwp2.dot.ca.gov/data/d3/cctv/image/hwy51athwy1601/previous/hwy51athwy1601-3.jpg,https://cwwp2.dot.ca.gov/data/d3/cctv/image/hwy51athwy1601/previous/hwy51athwy1601-4.jpg,https://cwwp2.dot.ca.gov/data/d3/cctv/image/hwy51athwy1601/previous/hwy51athwy1601-5.jpg,https://cwwp2.dot.ca.gov/data/d3/cctv/image/hwy51athwy1601/previous/hwy51athwy1601-6.jpg,https://cwwp2.dot.ca.gov/data/d3/cctv/image/hwy51athwy1601/previous/hwy51athwy1601-7.jpg,https://cwwp2.dot.ca.gov/data/d3/cctv/image/hwy51athwy1601/previous/hwy51athwy1601-8.jpg,https://cwwp2.dot.ca.gov/data/d3/cctv/image/hwy51athwy1601/previous/hwy51athwy1601-9.jpg,https://cwwp2.dot.ca.gov/data/d3/cctv/image/hwy51athwy1601/previous/hwy51athwy1601-10.jpg,https://cwwp2.dot.ca.gov/data/d3/cctv/image/hwy51athwy1601/previous/hwy51athwy1601-11.jpg,https://cwwp2.dot.ca.gov/data/d3/cctv/image/hwy51athwy1601/previous/hwy51athwy1601-12.jpg
294,2025-02-27,16:32:11,1740702731,3,"Hwy 51 at Hwy 160 2",Sacramento,-121.43958,38.599961,45,,Sacramento,SR-51,,,46.609,R,50.549,true,,https://wzmedia.dot.ca.gov/D3/51_JCT160_SAC51_NB_2.stream/playlist.m3u8,1,https://cwwp2.dot.ca.gov/data/d3/cctv/image/hwy51athwy1602/hwy51athwy1602.jpg,15,https://cwwp2.dot.ca.gov/data/d3/cctv/image/hwy51athwy1602/previous/hwy51athwy1602-1.jpg,https://cwwp2.dot.ca.gov/data/d3/cctv/image/hwy51athwy1602/previous/hwy51athwy1602-2.jpg,https://cwwp2.dot.ca.gov/data/d3/cctv/image/hwy51athwy1602/previous/hwy51athwy1602-3.jpg,https://cwwp2.dot.ca.gov/data/d3/cctv/image/hwy51athwy1602/previous/hwy51athwy1602-4.jpg,https://cwwp2.dot.ca.gov/data/d3/cctv/image/hwy51athwy1602/previous/hwy51athwy1602-5.jpg,https://cwwp2.dot.ca.gov/data/d3/cctv/image/hwy51athwy1602/previous/hwy51athwy1602-6.jpg,https://cwwp2.dot.ca.gov/data/d3/cctv/image/hwy51athwy1602/previous/hwy51athwy1602-7.jpg,https://cwwp2.dot.ca.gov/data/d3/cctv/image/hwy51athwy1602/previous/hwy51athwy1602-8.jpg,https://cwwp2.dot.ca.gov/data/d3/cctv/image/hwy51athwy1602/previous/hwy51athwy1602-9.jpg,https://cwwp2.dot.ca.gov/data/d3/cctv/image/hwy51athwy1602/previous/hwy51athwy1602-10.jpg,https://cwwp2.dot.ca.gov/data/d3/cctv/image/hwy51athwy1602/previous/hwy51athwy1602-11.jpg,https://cwwp2.dot.ca.gov/data/d3/cctv/image/hwy51athwy1602/previous/hwy51athwy1602-12.jpg
295,2025-02-27,16:32:34,1740702754,3,"Hwy 51 at Hwy 160 3",Sacramento,-121.43958,38.599961,45,,Sacramento,SR-51,,,46.609,R,50.549,true,,https://wzmedia.dot.ca.gov/D3/51_JCT160_SAC51_NB_3.stream/playlist.m3u8,1,https://cwwp2.dot.ca.gov/data/d3/cctv/image/hwy51athwy1603/hwy51athwy1603.jpg,15,https://cwwp2.dot.ca.gov/data/d3/cctv/image/hwy51athwy1603/previous/hwy51athwy1603-1.jpg,https://cwwp2.dot.ca.gov/data/d3/cctv/image/hwy51athwy1603/previous/hwy51athwy1603-2.jpg,https://cwwp2.dot.ca.gov/data/d3/cctv/image/hwy51athwy1603/previous/hwy51athwy1603-3.jpg,https://cwwp2.dot.ca.gov/data/d3/cctv/image/hwy51athwy1603/previous/hwy51athwy1603-4.jpg,https://cwwp2.dot.ca.gov/data/d3/cctv/image/hwy51athwy1603/previous/hwy51athwy1603-5.jpg,https://cwwp2.dot.ca.gov/data/d3/cctv/image/hwy51athwy1603/previous/hwy51athwy1603-6.jpg,https://cwwp2.dot.ca.gov/data/d3/cctv/image/hwy51athwy1603/previous/hwy51athwy1603-7.jpg,https://cwwp2.dot.ca.gov/data/d3/cctv/image/hwy51athwy1603/previous/hwy51athwy1603-8.jpg,https://cwwp2.dot.ca.gov/data/d3/cctv/image/hwy51athwy1603/previous/hwy51athwy1603-9.jpg,https://cwwp2.dot.ca.gov/data/d3/cctv/image/hwy51athwy1603/previous/hwy51athwy1603-10.jpg,https://cwwp2.dot.ca.gov/data/d3/cctv/image/hwy51athwy1603/previous/hwy51athwy1603-11.jpg,https://cwwp2.dot.ca.gov/data/d3/cctv/image/hwy51athwy1603/previous/hwy51athwy1603-12.jpg
296,2025-08-05,11:35:47,1754418947,3,"Hwy 5 at Vallejo",Sacramento,-121.514,38.55934,26,North,Sacramento,I-5,,,21.878,R,516.961,true,,https://wzmedia.dot.ca.gov/D3/5_Vallejo_Way_SAC5_NB.stream/playlist.m3u8,1,https://cwwp2.dot.ca.gov/data/d3/cctv/image/hwy5atvallejo/hwy5atvallejo.jpg,15,https://cwwp2.dot.ca.gov/data/d3/cctv/image/hwy5atvallejo/previous/hwy5atvallejo-1.jpg,https://cwwp2.dot.ca.gov/data/d3/cctv/image/hwy5atvallejo/previous/hwy5atvallejo-2.jpg,https://cwwp2.dot.ca.gov/data/d3/cctv/image/hwy5atvallejo/previous/hwy5atvallejo-3.jpg,https://cwwp2.dot.ca.gov/data/d3/cctv/image/hwy5atvallejo/previous/hwy5atvallejo-4.jpg,https://cwwp2.dot.ca.gov/data/d3/cctv/image/hwy5atvallejo/previous/hwy5atvallejo-5.jpg,https://cwwp2.dot.ca.gov/data/d3/cctv/image/hwy5atvallejo/previous/hwy5atvallejo-6.jpg,https://cwwp2.dot.ca.gov/data/d3/cctv/image/hwy5atvallejo/previous/hwy5atvallejo-7.jpg,https://cwwp2.dot.ca.gov/data/d3/cctv/image/hwy5atvallejo/previous/hwy5atvallejo-8.jpg,https://cwwp2.dot.ca.gov/data/d3/cctv/image/hwy5atvallejo/previous/hwy5atvallejo-9.jpg,https://cwwp2.dot.ca.gov/data/d3/cctv/image/hwy5atvallejo/previous/hwy5atvallejo-10.jpg,https://cwwp2.dot.ca.gov/data/d3/cctv/image/hwy5atvallejo/previous/hwy5atvallejo-11.jpg,https://cwwp2.dot.ca.gov/data/d3/cctv/image/hwy5atvallejo/previous/hwy5atvallejo-12.jpg
297,2025-05-27,12:53:54,1748375634,3,"Hwy 5 at 6th Ave",Sacramento,-121.511,38.55161,20,North,Sacramento,I-5,,,21.32,,516.398,true,,https://wzmedia.dot.ca.gov/D3/5_6th_Ave_SAC5_NB.stream/playlist.m3u8,1,https://cwwp2.dot.ca.gov/data/d3/cctv/image/hwy5at6thave/hwy5at6thave.jpg,15,https://cwwp2.dot.ca.gov/data/d3/cctv/image/hwy5at6thave/previous/hwy5at6thave-1.jpg,https://cwwp2.dot.ca.gov/data/d3/cctv/image/hwy5at6thave/previous/hwy5at6thave-2.jpg,https://cwwp2.dot.ca.gov/data/d3/cctv/image/hwy5at6thave/previous/hwy5at6thave-3.jpg,https://cwwp2.dot.ca.gov/data/d3/cctv/image/hwy5at6thave/previous/hwy5at6thave-4.jpg,https://cwwp2.dot.ca.gov/data/d3/cctv/image/hwy5at6thave/previous/hwy5at6thave-5.jpg,https://cwwp2.dot.ca.gov/data/d3/cctv/image/hwy5at6thave/previous/hwy5at6thave-6.jpg,https://cwwp2.dot.ca.gov/data/d3/cctv/image/hwy5at6thave/previous/hwy5at6thave-7.jpg,https://cwwp2.dot.ca.gov/data/d3/cctv/image/hwy5at6thave/previous/hwy5at6thave-8.jpg,https://cwwp2.dot.ca.gov/data/d3/cctv/image/hwy5at6thave/previous/hwy5at6thave-9.jpg,https://cwwp2.dot.ca.gov/data/d3/cctv/image/hwy5at6thave/previous/hwy5at6thave-10.jpg,https://cwwp2.dot.ca.gov/data/d3/cctv/image/hwy5at6thave/previous/hwy5at6thave-11.jpg,https://cwwp2.dot.ca.gov/data/d3/cctv/image/hwy5at6thave/previous/hwy5at6thave-12.jpg
298,2025-05-27,15:46:57,1748386017,3,"Hwy 50 at Prairie City Rd WO WB 2",Folsom,-121.179228,38.642315,223,West,Sacramento,US-50,,,18,,23.670,true,,https://wzmedia.dot.ca.gov/D3/50_Prairie_City_Rd_WO_SAC50_WB_2.stream/playlist.m3u8,1,https://cwwp2.dot.ca.gov/data/d3/cctv/image/hwy50atprairiecityrdwowb2/hwy50atprairiecityrdwowb2.jpg,15,https://cwwp2.dot.ca.gov/data/d3/cctv/image/hwy50atprairiecityrdwowb2/previous/hwy50atprairiecityrdwowb2-1.jpg,https://cwwp2.dot.ca.gov/data/d3/cctv/image/hwy50atprairiecityrdwowb2/previous/hwy50atprairiecityrdwowb2-2.jpg,https://cwwp2.dot.ca.gov/data/d3/cctv/image/hwy50atprairiecityrdwowb2/previous/hwy50atprairiecityrdwowb2-3.jpg,https://cwwp2.dot.ca.gov/data/d3/cctv/image/hwy50atprairiecityrdwowb2/previous/hwy50atprairiecityrdwowb2-4.jpg,https://cwwp2.dot.ca.gov/data/d3/cctv/image/hwy50atprairiecityrdwowb2/previous/hwy50atprairiecityrdwowb2-5.jpg,https://cwwp2.dot.ca.gov/data/d3/cctv/image/hwy50atprairiecityrdwowb2/previous/hwy50atprairiecityrdwowb2-6.jpg,https://cwwp2.dot.ca.gov/data/d3/cctv/image/hwy50atprairiecityrdwowb2/previous/hwy50atprairiecityrdwowb2-7.jpg,https://cwwp2.dot.ca.gov/data/d3/cctv/image/hwy50atprairiecityrdwowb2/previous/hwy50atprairiecityrdwowb2-8.jpg,https://cwwp2.dot.ca.gov/data/d3/cctv/image/hwy50atprairiecityrdwowb2/previous/hwy50atprairiecityrdwowb2-9.jpg,https://cwwp2.dot.ca.gov/data/d3/cctv/image/hwy50atprairiecityrdwowb2/previous/hwy50atprairiecityrdwowb2-10.jpg,https://cwwp2.dot.ca.gov/data/d3/cctv/image/hwy50atprairiecityrdwowb2/previous/hwy50atprairiecityrdwowb2-11.jpg,https://cwwp2.dot.ca.gov/data/d3/cctv/image/hwy50atprairiecityrdwowb2/previous/hwy50atprairiecityrdwowb2-12.jpg
299,2025-09-24,15:21:07,1758752467,3,"Hwy 50 at Sunrise Blvd OC JWO WB 3","Rancho Cordova",-121.270927,38.609259,104,West,Sacramento,US-50,,,12.479,,18.149,true,,https://wzmedia.dot.ca.gov/D3/50_Sunrise_Blvd_OC_JWO_SAC50_WB_3.stream/playlist.m3u8,1,https://cwwp2.dot.ca.gov/data/d3/cctv/image/hwy50atsunriseblvdocjwowb3/hwy50atsunriseblvdocjwowb3.jpg,15,https://cwwp2.dot.ca.gov/data/d3/cctv/image/hwy50atsunriseblvdocjwowb3/previous/hwy50atsunriseblvdocjwowb3-1.jpg,https://cwwp2.dot.ca.gov/data/d3/cctv/image/hwy50atsunriseblvdocjwowb3/previous/hwy50atsunriseblvdocjwowb3-2.jpg,https://cwwp2.dot.ca.gov/data/d3/cctv/image/hwy50atsunriseblvdocjwowb3/previous/hwy50atsunriseblvdocjwowb3-3.jpg,https://cwwp2.dot.ca.gov/data/d3/cctv/image/hwy50atsunriseblvdocjwowb3/previous/hwy50atsunriseblvdocjwowb3-4.jpg,https://cwwp2.dot.ca.gov/data/d3/cctv/image/hwy50atsunriseblvdocjwowb3/previous/hwy50atsunriseblvdocjwowb3-5.jpg,https://cwwp2.dot.ca.gov/data/d3/cctv/image/hwy50atsunriseblvdocjwowb3/previous/hwy50atsunriseblvdocjwowb3-6.jpg,https://cwwp2.dot.ca.gov/data/d3/cctv/image/hwy50atsunriseblvdocjwowb3/previous/hwy50atsunriseblvdocjwowb3-7.jpg,https://cwwp2.dot.ca.gov/data/d3/cctv/image/hwy50atsunriseblvdocjwowb3/previous/hwy50atsunriseblvdocjwowb3-8.jpg,https://cwwp2.dot.ca.gov/data/d3/cctv/image/hwy50atsunriseblvdocjwowb3/previous/hwy50atsunriseblvdocjwowb3-9.jpg,https://cwwp2.dot.ca.gov/data/d3/cctv/image/hwy50atsunriseblvdocjwowb3/previous/hwy50atsunriseblvdocjwowb3-10.jpg,https://cwwp2.dot.ca.gov/data/d3/cctv/image/hwy50atsunriseblvdocjwowb3/previous/hwy50atsunriseblvdocjwowb3-11.jpg,https://cwwp2.dot.ca.gov/data/d3/cctv/image/hwy50atsunriseblvdocjwowb3/previous/hwy50atsunriseblvdocjwowb3-12.jpg
300,2024-01-25,16:31:08,1706229068,3,"Hwy 50 at Sunrise Blvd EO WB 3","Rancho Cordova",-121.253438,38.615681,131,West,Sacramento,US-50,,,13.527,,19.197,true,,https://wzmedia.dot.ca.gov/D3/50_Sunrise_Blvd_EO_SAC50_WB_3.stream/playlist.m3u8,1,https://cwwp2.dot.ca.gov/data/d3/cctv/image/hwy50atsunriseblvdeowb3/hwy50atsunriseblvdeowb3.jpg,15,https://cwwp2.dot.ca.gov/data/d3/cctv/image/hwy50atsunriseblvdeowb3/previous/hwy50atsunriseblvdeowb3-1.jpg,https://cwwp2.dot.ca.gov/data/d3/cctv/image/hwy50atsunriseblvdeowb3/previous/hwy50atsunriseblvdeowb3-2.jpg,https://cwwp2.dot.ca.gov/data/d3/cctv/image/hwy50atsunriseblvdeowb3/previous/hwy50atsunriseblvdeowb3-3.jpg,https://cwwp2.dot.ca.gov/data/d3/cctv/image/hwy50atsunriseblvdeowb3/previous/hwy50atsunriseblvdeowb3-4.jpg,https://cwwp2.dot.ca.gov/data/d3/cctv/image/hwy50atsunriseblvdeowb3/previous/hwy50atsunriseblvdeowb3-5.jpg,https://cwwp2.dot.ca.gov/data/d3/cctv/image/hwy50atsunriseblvdeowb3/previous/hwy50atsunriseblvdeowb3-6.jpg,https://cwwp2.dot.ca.gov/data/d3/cctv/image/hwy50atsunriseblvdeowb3/previous/hwy50atsunriseblvdeowb3-7.jpg,https://cwwp2.dot.ca.gov/data/d3/cctv/image/hwy50atsunriseblvdeowb3/previous/hwy50atsunriseblvdeowb3-8.jpg,https://cwwp2.dot.ca.gov/data/d3/cctv/image/hwy50atsunriseblvdeowb3/previous/hwy50atsunriseblvdeowb3-9.jpg,https://cwwp2.dot.ca.gov/data/d3/cctv/image/hwy50atsunriseblvdeowb3/previous/hwy50atsunriseblvdeowb3-10.jpg,https://cwwp2.dot.ca.gov/data/d3/cctv/image/hwy50atsunriseblvdeowb3/previous/hwy50atsunriseblvdeowb3-11.jpg,https://cwwp2.dot.ca.gov/data/d3/cctv/image/hwy50atsunriseblvdeowb3/previous/hwy50atsunriseblvdeowb3-12.jpg
301,2025-10-17,16:42:38,1760744558,3,"Hwy 99 at Hwy 162",Oroville,-121.688389,39.494028,114,North,Butte,SR-99,,,13.146,L,357.949,true,,https://wzmedia.dot.ca.gov/D3/99_JCT162E_BUT99_NB.stream/playlist.m3u8,1,https://cwwp2.dot.ca.gov/data/d3/cctv/image/hwy99athwy162/hwy99athwy162.jpg,15,https://cwwp2.dot.ca.gov/data/d3/cctv/image/hwy99athwy162/previous/hwy99athwy162-1.jpg,https://cwwp2.dot.ca.gov/data/d3/cctv/image/hwy99athwy162/previous/hwy99athwy162-2.jpg,https://cwwp2.dot.ca.gov/data/d3/cctv/image/hwy99athwy162/previous/hwy99athwy162-3.jpg,https://cwwp2.dot.ca.gov/data/d3/cctv/image/hwy99athwy162/previous/hwy99athwy162-4.jpg,https://cwwp2.dot.ca.gov/data/d3/cctv/image/hwy99athwy162/previous/hwy99athwy162-5.jpg,https://cwwp2.dot.ca.gov/data/d3/cctv/image/hwy99athwy162/previous/hwy99athwy162-6.jpg,https://cwwp2.dot.ca.gov/data/d3/cctv/image/hwy99athwy162/previous/hwy99athwy162-7.jpg,https://cwwp2.dot.ca.gov/data/d3/cctv/image/hwy99athwy162/previous/hwy99athwy162-8.jpg,https://cwwp2.dot.ca.gov/data/d3/cctv/image/hwy99athwy162/previous/hwy99athwy162-9.jpg,https://cwwp2.dot.ca.gov/data/d3/cctv/image/hwy99athwy162/previous/hwy99athwy162-10.jpg,https://cwwp2.dot.ca.gov/data/d3/cctv/image/hwy99athwy162/previous/hwy99athwy162-11.jpg,https://cwwp2.dot.ca.gov/data/d3/cctv/image/hwy99athwy162/previous/hwy99athwy162-12.jpg
302,2025-10-27,12:08:12,1761592092,3,"Hwy 20 at Pleasant Valley Rd","Penn Valley",-121.204833,39.205111,1440,,Nevada,SR-20,,R,4.660,L,175.181,true,,https://wzmedia.dot.ca.gov/D3/20_Pleasant_Valley_Rd_NEV20_EB.stream/playlist.m3u8,1,https://cwwp2.dot.ca.gov/data/d3/cctv/image/hwy20atpleasantvalleyrd/hwy20atpleasantvalleyrd.jpg,15,https://cwwp2.dot.ca.gov/data/d3/cctv/image/hwy20atpleasantvalleyrd/previous/hwy20atpleasantvalleyrd-1.jpg,https://cwwp2.dot.ca.gov/data/d3/cctv/image/hwy20atpleasantvalleyrd/previous/hwy20atpleasantvalleyrd-2.jpg,https://cwwp2.dot.ca.gov/data/d3/cctv/image/hwy20atpleasantvalleyrd/previous/hwy20atpleasantvalleyrd-3.jpg,https://cwwp2.dot.ca.gov/data/d3/cctv/image/hwy20atpleasantvalleyrd/previous/hwy20atpleasantvalleyrd-4.jpg,https://cwwp2.dot.ca.gov/data/d3/cctv/image/hwy20atpleasantvalleyrd/previous/hwy20atpleasantvalleyrd-5.jpg,https://cwwp2.dot.ca.gov/data/d3/cctv/image/hwy20atpleasantvalleyrd/previous/hwy20atpleasantvalleyrd-6.jpg,https://cwwp2.dot.ca.gov/data/d3/cctv/image/hwy20atpleasantvalleyrd/previous/hwy20atpleasantvalleyrd-7.jpg,https://cwwp2.dot.ca.gov/data/d3/cctv/image/hwy20atpleasantvalleyrd/previous/hwy20atpleasantvalleyrd-8.jpg,https://cwwp2.dot.ca.gov/data/d3/cctv/image/hwy20atpleasantvalleyrd/previous/hwy20atpleasantvalleyrd-9.jpg,https://cwwp2.dot.ca.gov/data/d3/cctv/image/hwy20atpleasantvalleyrd/previous/hwy20atpleasantvalleyrd-10.jpg,https://cwwp2.dot.ca.gov/data/d3/cctv/image/hwy20atpleasantvalleyrd/previous/hwy20atpleasantvalleyrd-11.jpg,https://cwwp2.dot.ca.gov/data/d3/cctv/image/hwy20atpleasantvalleyrd/previous/hwy20atpleasantvalleyrd-12.jpg
303,2025-12-17,16:00:41,1766016041,3,"Hwy 99 at Dillard","Elk Grove",-121.334628,38.342340,15,North,Sacramento,SR-99,,,7.268,,281.825,true,,https://wzmedia.dot.ca.gov/D3/99_Dillard_Rd_SAC99_NB.stream/playlist.m3u8,1,https://cwwp2.dot.ca.gov/data/d3/cctv/image/hwy99atdillard/hwy99atdillard.jpg,15,https://cwwp2.dot.ca.gov/data/d3/cctv/image/hwy99atdillard/previous/hwy99atdillard-1.jpg,https://cwwp2.dot.ca.gov/data/d3/cctv/image/hwy99atdillard/previous/hwy99atdillard-2.jpg,https://cwwp2.dot.ca.gov/data/d3/cctv/image/hwy99atdillard/previous/hwy99atdillard-3.jpg,https://cwwp2.dot.ca.gov/data/d3/cctv/image/hwy99atdillard/previous/hwy99atdillard-4.jpg,https://cwwp2.dot.ca.gov/data/d3/cctv/image/hwy99atdillard/previous/hwy99atdillard-5.jpg,https://cwwp2.dot.ca.gov/data/d3/cctv/image/hwy99atdillard/previous/hwy99atdillard-6.jpg,https://cwwp2.dot.ca.gov/data/d3/cctv/image/hwy99atdillard/previous/hwy99atdillard-7.jpg,https://cwwp2.dot.ca.gov/data/d3/cctv/image/hwy99atdillard/previous/hwy99atdillard-8.jpg,https://cwwp2.dot.ca.gov/data/d3/cctv/image/hwy99atdillard/previous/hwy99atdillard-9.jpg,https://cwwp2.dot.ca.gov/data/d3/cctv/image/hwy99atdillard/previous/hwy99atdillard-10.jpg,https://cwwp2.dot.ca.gov/data/d3/cctv/image/hwy99atdillard/previous/hwy99atdillard-11.jpg,https://cwwp2.dot.ca.gov/data/d3/cctv/image/hwy99atdillard/previous/hwy99atdillard-12.jpg
304,2025-09-23,08:31:36,1758641496,3,"Hwy 162 at JCT162 and 45","Butte City",-122.015718,39.457219,78.8,East,Glenn,SR-162,,,76.362,,72.687,true,,https://wzmedia.dot.ca.gov/D3/162_JCT45_GLE162_EB.stream/playlist.m3u8,1,https://cwwp2.dot.ca.gov/data/d3/cctv/image/hwy162atjct162and45/hwy162atjct162and45.jpg,15,https://cwwp2.dot.ca.gov/data/d3/cctv/image/hwy162atjct162and45/previous/hwy162atjct162and45-1.jpg,https://cwwp2.dot.ca.gov/data/d3/cctv/image/hwy162atjct162and45/previous/hwy162atjct162and45-2.jpg,https://cwwp2.dot.ca.gov/data/d3/cctv/image/hwy162atjct162and45/previous/hwy162atjct162and45-3.jpg,https://cwwp2.dot.ca.gov/data/d3/cctv/image/hwy162atjct162and45/previous/hwy162atjct162and45-4.jpg,https://cwwp2.dot.ca.gov/data/d3/cctv/image/hwy162atjct162and45/previous/hwy162atjct162and45-5.jpg,https://cwwp2.dot.ca.gov/data/d3/cctv/image/hwy162atjct162and45/previous/hwy162atjct162and45-6.jpg,https://cwwp2.dot.ca.gov/data/d3/cctv/image/hwy162atjct162and45/previous/hwy162atjct162and45-7.jpg,https://cwwp2.dot.ca.gov/data/d3/cctv/image/hwy162atjct162and45/previous/hwy162atjct162and45-8.jpg,https://cwwp2.dot.ca.gov/data/d3/cctv/image/hwy162atjct162and45/previous/hwy162atjct162and45-9.jpg,https://cwwp2.dot.ca.gov/data/d3/cctv/image/hwy162atjct162and45/previous/hwy162atjct162and45-10.jpg,https://cwwp2.dot.ca.gov/data/d3/cctv/image/hwy162atjct162and45/previous/hwy162atjct162and45-11.jpg,https://cwwp2.dot.ca.gov/data/d3/cctv/image/hwy162atjct162and45/previous/hwy162atjct162and45-12.jpg
305,2025-09-23,10:19:23,1758647963,3,"Hwy 70 at Ramirez","Yuba City",-121.597602,39.264525,15,West,Yuba,SR-70,,,22.887,,29.598,true,,https://wzmedia.dot.ca.gov/D3/70_Ramirez_Rd_YUB70_WB.stream/playlist.m3u8,1,https://cwwp2.dot.ca.gov/data/d3/cctv/image/hwy70atramirez/hwy70atramirez.jpg,15,https://cwwp2.dot.ca.gov/data/d3/cctv/image/hwy70atramirez/previous/hwy70atramirez-1.jpg,https://cwwp2.dot.ca.gov/data/d3/cctv/image/hwy70atramirez/previous/hwy70atramirez-2.jpg,https://cwwp2.dot.ca.gov/data/d3/cctv/image/hwy70atramirez/previous/hwy70atramirez-3.jpg,https://cwwp2.dot.ca.gov/data/d3/cctv/image/hwy70atramirez/previous/hwy70atramirez-4.jpg,https://cwwp2.dot.ca.gov/data/d3/cctv/image/hwy70atramirez/previous/hwy70atramirez-5.jpg,https://cwwp2.dot.ca.gov/data/d3/cctv/image/hwy70atramirez/previous/hwy70atramirez-6.jpg,https://cwwp2.dot.ca.gov/data/d3/cctv/image/hwy70atramirez/previous/hwy70atramirez-7.jpg,https://cwwp2.dot.ca.gov/data/d3/cctv/image/hwy70atramirez/previous/hwy70atramirez-8.jpg,https://cwwp2.dot.ca.gov/data/d3/cctv/image/hwy70atramirez/previous/hwy70atramirez-9.jpg,https://cwwp2.dot.ca.gov/data/d3/cctv/image/hwy70atramirez/previous/hwy70atramirez-10.jpg,https://cwwp2.dot.ca.gov/data/d3/cctv/image/hwy70atramirez/previous/hwy70atramirez-11.jpg,https://cwwp2.dot.ca.gov/data/d3/cctv/image/hwy70atramirez/previous/hwy70atramirez-12.jpg
306,2025-09-23,10:00:25,1758646825,3,"Hwy 70 at Saddleback",Marysville,-121.594635,39.189445,21,West,Yuba,SR-70,,,17.59,,24.301,true,,https://wzmedia.dot.ca.gov/D3/70_Saddleback_Dr_YUB70_NB.stream/playlist.m3u8,1,https://cwwp2.dot.ca.gov/data/d3/cctv/image/hwy70atsaddleback/hwy70atsaddleback.jpg,15,https://cwwp2.dot.ca.gov/data/d3/cctv/image/hwy70atsaddleback/previous/hwy70atsaddleback-1.jpg,https://cwwp2.dot.ca.gov/data/d3/cctv/image/hwy70atsaddleback/previous/hwy70atsaddleback-2.jpg,https://cwwp2.dot.ca.gov/data/d3/cctv/image/hwy70atsaddleback/previous/hwy70atsaddleback-3.jpg,https://cwwp2.dot.ca.gov/data/d3/cctv/image/hwy70atsaddleback/previous/hwy70atsaddleback-4.jpg,https://cwwp2.dot.ca.gov/data/d3/cctv/image/hwy70atsaddleback/previous/hwy70atsaddleback-5.jpg,https://cwwp2.dot.ca.gov/data/d3/cctv/image/hwy70atsaddleback/previous/hwy70atsaddleback-6.jpg,https://cwwp2.dot.ca.gov/data/d3/cctv/image/hwy70atsaddleback/previous/hwy70atsaddleback-7.jpg,https://cwwp2.dot.ca.gov/data/d3/cctv/image/hwy70atsaddleback/previous/hwy70atsaddleback-8.jpg,https://cwwp2.dot.ca.gov/data/d3/cctv/image/hwy70atsaddleback/previous/hwy70atsaddleback-9.jpg,https://cwwp2.dot.ca.gov/data/d3/cctv/image/hwy70atsaddleback/previous/hwy70atsaddleback-10.jpg,https://cwwp2.dot.ca.gov/data/d3/cctv/image/hwy70atsaddleback/previous/hwy70atsaddleback-11.jpg,https://cwwp2.dot.ca.gov/data/d3/cctv/image/hwy70atsaddleback/previous/hwy70atsaddleback-12.jpg
307,2025-06-03,11:33:06,1748975586,3,"Hwy 50 at Wrights Lake 1","Twin Bridges",-120.210437,38.786496,5400,East,"El Dorado",US-50,,,54.051,,82.316,true,,https://wzmedia.dot.ca.gov/D3/50_Wrights_Lake_ED50_EB_1.stream/playlist.m3u8,1,https://cwwp2.dot.ca.gov/data/d3/cctv/image/hwy50atwrightslake1/hwy50atwrightslake1.jpg,15,https://cwwp2.dot.ca.gov/data/d3/cctv/image/hwy50atwrightslake1/previous/hwy50atwrightslake1-1.jpg,https://cwwp2.dot.ca.gov/data/d3/cctv/image/hwy50atwrightslake1/previous/hwy50atwrightslake1-2.jpg,https://cwwp2.dot.ca.gov/data/d3/cctv/image/hwy50atwrightslake1/previous/hwy50atwrightslake1-3.jpg,https://cwwp2.dot.ca.gov/data/d3/cctv/image/hwy50atwrightslake1/previous/hwy50atwrightslake1-4.jpg,https://cwwp2.dot.ca.gov/data/d3/cctv/image/hwy50atwrightslake1/previous/hwy50atwrightslake1-5.jpg,https://cwwp2.dot.ca.gov/data/d3/cctv/image/hwy50atwrightslake1/previous/hwy50atwrightslake1-6.jpg,https://cwwp2.dot.ca.gov/data/d3/cctv/image/hwy50atwrightslake1/previous/hwy50atwrightslake1-7.jpg,https://cwwp2.dot.ca.gov/data/d3/cctv/image/hwy50atwrightslake1/previous/hwy50atwrightslake1-8.jpg,https://cwwp2.dot.ca.gov/data/d3/cctv/image/hwy50atwrightslake1/previous/hwy50atwrightslake1-9.jpg,https://cwwp2.dot.ca.gov/data/d3/cctv/image/hwy50atwrightslake1/previous/hwy50atwrightslake1-10.jpg,https://cwwp2.dot.ca.gov/data/d3/cctv/image/hwy50atwrightslake1/previous/hwy50atwrightslake1-11.jpg,https://cwwp2.dot.ca.gov/data/d3/cctv/image/hwy50atwrightslake1/previous/hwy50atwrightslake1-12.jpg
310,2024-04-16,16:56:55,1713311815,3,"Hwy 99 at Florin_Rd_JSO_SAC99_NB_1","SR99 at Florin Rd",-121.44462,38.495338,20,North,Sacramento,SR-99,,,19.524,,294.081,true,,https://wzmedia.dot.ca.gov/D3/99_Florin_Rd_JSO_SAC99_NB_1.stream/playlist.m3u8,1,https://cwwp2.dot.ca.gov/data/d3/cctv/image/hwy99atflorinrdjsosac99nb1/hwy99atflorinrdjsosac99nb1.jpg,15,https://cwwp2.dot.ca.gov/data/d3/cctv/image/hwy99atflorinrdjsosac99nb1/previous/hwy99atflorinrdjsosac99nb1-1.jpg,https://cwwp2.dot.ca.gov/data/d3/cctv/image/hwy99atflorinrdjsosac99nb1/previous/hwy99atflorinrdjsosac99nb1-2.jpg,https://cwwp2.dot.ca.gov/data/d3/cctv/image/hwy99atflorinrdjsosac99nb1/previous/hwy99atflorinrdjsosac99nb1-3.jpg,https://cwwp2.dot.ca.gov/data/d3/cctv/image/hwy99atflorinrdjsosac99nb1/previous/hwy99atflorinrdjsosac99nb1-4.jpg,https://cwwp2.dot.ca.gov/data/d3/cctv/image/hwy99atflorinrdjsosac99nb1/previous/hwy99atflorinrdjsosac99nb1-5.jpg,https://cwwp2.dot.ca.gov/data/d3/cctv/image/hwy99atflorinrdjsosac99nb1/previous/hwy99atflorinrdjsosac99nb1-6.jpg,https://cwwp2.dot.ca.gov/data/d3/cctv/image/hwy99atflorinrdjsosac99nb1/previous/hwy99atflorinrdjsosac99nb1-7.jpg,https://cwwp2.dot.ca.gov/data/d3/cctv/image/hwy99atflorinrdjsosac99nb1/previous/hwy99atflorinrdjsosac99nb1-8.jpg,https://cwwp2.dot.ca.gov/data/d3/cctv/image/hwy99atflorinrdjsosac99nb1/previous/hwy99atflorinrdjsosac99nb1-9.jpg,https://cwwp2.dot.ca.gov/data/d3/cctv/image/hwy99atflorinrdjsosac99nb1/previous/hwy99atflorinrdjsosac99nb1-10.jpg,https://cwwp2.dot.ca.gov/data/d3/cctv/image/hwy99atflorinrdjsosac99nb1/previous/hwy99atflorinrdjsosac99nb1-11.jpg,https://cwwp2.dot.ca.gov/data/d3/cctv/image/hwy99atflorinrdjsosac99nb1/previous/hwy99atflorinrdjsosac99nb1-12.jpg
311,2024-04-16,16:56:58,1713311818,3,"Hwy 99 at Florin_Rd_JSO_SAC99_NB_2","SR99 at Florin Rd",-121.44462,38.495338,20,North,Sacramento,SR-99,,,19.524,,294.081,true,,https://wzmedia.dot.ca.gov/D3/99_Florin_Rd_JSO_SAC99_NB_2.stream/playlist.m3u8,1,https://cwwp2.dot.ca.gov/data/d3/cctv/image/hwy99atflorinrdjsosac99nb2/hwy99atflorinrdjsosac99nb2.jpg,15,https://cwwp2.dot.ca.gov/data/d3/cctv/image/hwy99atflorinrdjsosac99nb2/previous/hwy99atflorinrdjsosac99nb2-1.jpg,https://cwwp2.dot.ca.gov/data/d3/cctv/image/hwy99atflorinrdjsosac99nb2/previous/hwy99atflorinrdjsosac99nb2-2.jpg,https://cwwp2.dot.ca.gov/data/d3/cctv/image/hwy99atflorinrdjsosac99nb2/previous/hwy99atflorinrdjsosac99nb2-3.jpg,https://cwwp2.dot.ca.gov/data/d3/cctv/image/hwy99atflorinrdjsosac99nb2/previous/hwy99atflorinrdjsosac99nb2-4.jpg,https://cwwp2.dot.ca.gov/data/d3/cctv/image/hwy99atflorinrdjsosac99nb2/previous/hwy99atflorinrdjsosac99nb2-5.jpg,https://cwwp2.dot.ca.gov/data/d3/cctv/image/hwy99atflorinrdjsosac99nb2/previous/hwy99atflorinrdjsosac99nb2-6.jpg,https://cwwp2.dot.ca.gov/data/d3/cctv/image/hwy99atflorinrdjsosac99nb2/previous/hwy99atflorinrdjsosac99nb2-7.jpg,https://cwwp2.dot.ca.gov/data/d3/cctv/image/hwy99atflorinrdjsosac99nb2/previous/hwy99atflorinrdjsosac99nb2-8.jpg,https://cwwp2.dot.ca.gov/data/d3/cctv/image/hwy99atflorinrdjsosac99nb2/previous/hwy99atflorinrdjsosac99nb2-9.jpg,https://cwwp2.dot.ca.gov/data/d3/cctv/image/hwy99atflorinrdjsosac99nb2/previous/hwy99atflorinrdjsosac99nb2-10.jpg,https://cwwp2.dot.ca.gov/data/d3/cctv/image/hwy99atflorinrdjsosac99nb2/previous/hwy99atflorinrdjsosac99nb2-11.jpg,https://cwwp2.dot.ca.gov/data/d3/cctv/image/hwy99atflorinrdjsosac99nb2/previous/hwy99atflorinrdjsosac99nb2-12.jpg
312,2025-06-10,14:38:09,1749591489,3,"Hwy 20 at Dorsey Dr WB","Grass Valley",-121.0432404,39.2296008,2680,,Nevada,SR-20,,R,14.270,L,184.742,true,,https://wzmedia.dot.ca.gov/D3/20_Dorsey_Dr_NEV20_WB.stream/playlist.m3u8,1,https://cwwp2.dot.ca.gov/data/d3/cctv/image/hwy20atdorseydrwb/hwy20atdorseydrwb.jpg,15,https://cwwp2.dot.ca.gov/data/d3/cctv/image/hwy20atdorseydrwb/previous/hwy20atdorseydrwb-1.jpg,https://cwwp2.dot.ca.gov/data/d3/cctv/image/hwy20atdorseydrwb/previous/hwy20atdorseydrwb-2.jpg,https://cwwp2.dot.ca.gov/data/d3/cctv/image/hwy20atdorseydrwb/previous/hwy20atdorseydrwb-3.jpg,https://cwwp2.dot.ca.gov/data/d3/cctv/image/hwy20atdorseydrwb/previous/hwy20atdorseydrwb-4.jpg,https://cwwp2.dot.ca.gov/data/d3/cctv/image/hwy20atdorseydrwb/previous/hwy20atdorseydrwb-5.jpg,https://cwwp2.dot.ca.gov/data/d3/cctv/image/hwy20atdorseydrwb/previous/hwy20atdorseydrwb-6.jpg,https://cwwp2.dot.ca.gov/data/d3/cctv/image/hwy20atdorseydrwb/previous/hwy20atdorseydrwb-7.jpg,https://cwwp2.dot.ca.gov/data/d3/cctv/image/hwy20atdorseydrwb/previous/hwy20atdorseydrwb-8.jpg,https://cwwp2.dot.ca.gov/data/d3/cctv/image/hwy20atdorseydrwb/previous/hwy20atdorseydrwb-9.jpg,https://cwwp2.dot.ca.gov/data/d3/cctv/image/hwy20atdorseydrwb/previous/hwy20atdorseydrwb-10.jpg,https://cwwp2.dot.ca.gov/data/d3/cctv/image/hwy20atdorseydrwb/previous/hwy20atdorseydrwb-11.jpg,https://cwwp2.dot.ca.gov/data/d3/cctv/image/hwy20atdorseydrwb/previous/hwy20atdorseydrwb-12.jpg
313,2025-12-22,15:23:22,1766445802,3,"Hwy 5 At Arena Blvd 1",Sacramento,-121.526925,38.643607,19,,Sacramento,I-5,,,28.106,L,523.213,true,,https://wzmedia.dot.ca.gov/D3/5_Arena_Blvd_SAC5_SB_1.stream/playlist.m3u8,1,https://cwwp2.dot.ca.gov/data/d3/cctv/image/hwy5atarenablvd1/hwy5atarenablvd1.jpg,15,https://cwwp2.dot.ca.gov/data/d3/cctv/image/hwy5atarenablvd1/previous/hwy5atarenablvd1-1.jpg,https://cwwp2.dot.ca.gov/data/d3/cctv/image/hwy5atarenablvd1/previous/hwy5atarenablvd1-2.jpg,https://cwwp2.dot.ca.gov/data/d3/cctv/image/hwy5atarenablvd1/previous/hwy5atarenablvd1-3.jpg,https://cwwp2.dot.ca.gov/data/d3/cctv/image/hwy5atarenablvd1/previous/hwy5atarenablvd1-4.jpg,https://cwwp2.dot.ca.gov/data/d3/cctv/image/hwy5atarenablvd1/previous/hwy5atarenablvd1-5.jpg,https://cwwp2.dot.ca.gov/data/d3/cctv/image/hwy5atarenablvd1/previous/hwy5atarenablvd1-6.jpg,https://cwwp2.dot.ca.gov/data/d3/cctv/image/hwy5atarenablvd1/previous/hwy5atarenablvd1-7.jpg,https://cwwp2.dot.ca.gov/data/d3/cctv/image/hwy5atarenablvd1/previous/hwy5atarenablvd1-8.jpg,https://cwwp2.dot.ca.gov/data/d3/cctv/image/hwy5atarenablvd1/previous/hwy5atarenablvd1-9.jpg,https://cwwp2.dot.ca.gov/data/d3/cctv/image/hwy5atarenablvd1/previous/hwy5atarenablvd1-10.jpg,https://cwwp2.dot.ca.gov/data/d3/cctv/image/hwy5atarenablvd1/previous/hwy5atarenablvd1-11.jpg,https://cwwp2.dot.ca.gov/data/d3/cctv/image/hwy5atarenablvd1/previous/hwy5atarenablvd1-12.jpg
314,2026-01-22,12:18:14,1769113094,3,"Hwy 5 At Arena Blvd 2",Sacramento,-121.526925,38.643607,19,,Sacramento,I-5,,,28.106,L,523.213,true,,https://wzmedia.dot.ca.gov/D3/5_Arena_Blvd_SAC5_SB_2.stream/playlist.m3u8,1,https://cwwp2.dot.ca.gov/data/d3/cctv/image/hwy5atarenablvd2/hwy5atarenablvd2.jpg,15,https://cwwp2.dot.ca.gov/data/d3/cctv/image/hwy5atarenablvd2/previous/hwy5atarenablvd2-1.jpg,https://cwwp2.dot.ca.gov/data/d3/cctv/image/hwy5atarenablvd2/previous/hwy5atarenablvd2-2.jpg,https://cwwp2.dot.ca.gov/data/d3/cctv/image/hwy5atarenablvd2/previous/hwy5atarenablvd2-3.jpg,https://cwwp2.dot.ca.gov/data/d3/cctv/image/hwy5atarenablvd2/previous/hwy5atarenablvd2-4.jpg,https://cwwp2.dot.ca.gov/data/d3/cctv/image/hwy5atarenablvd2/previous/hwy5atarenablvd2-5.jpg,https://cwwp2.dot.ca.gov/data/d3/cctv/image/hwy5atarenablvd2/previous/hwy5atarenablvd2-6.jpg,https://cwwp2.dot.ca.gov/data/d3/cctv/image/hwy5atarenablvd2/previous/hwy5atarenablvd2-7.jpg,https://cwwp2.dot.ca.gov/data/d3/cctv/image/hwy5atarenablvd2/previous/hwy5atarenablvd2-8.jpg,https://cwwp2.dot.ca.gov/data/d3/cctv/image/hwy5atarenablvd2/previous/hwy5atarenablvd2-9.jpg,https://cwwp2.dot.ca.gov/data/d3/cctv/image/hwy5atarenablvd2/previous/hwy5atarenablvd2-10.jpg,https://cwwp2.dot.ca.gov/data/d3/cctv/image/hwy5atarenablvd2/previous/hwy5atarenablvd2-11.jpg,https://cwwp2.dot.ca.gov/data/d3/cctv/image/hwy5atarenablvd2/previous/hwy5atarenablvd2-12.jpg
315,2024-12-12,15:19:52,1734045592,3,"Hwy 5 At Metro Air Pkwy 1","Metro Air Pkwy",-121.564804,38.67137,16,North,Sacramento,I-5,,,31.317,,526.395,true,,https://wzmedia.dot.ca.gov/D3/5_Metro_Air_Pkwy_JSO_SAC5_NB_1.stream/playlist.m3u8,1,https://cwwp2.dot.ca.gov/data/d3/cctv/image/hwy5atmetroairpkwy1/hwy5atmetroairpkwy1.jpg,15,https://cwwp2.dot.ca.gov/data/d3/cctv/image/hwy5atmetroairpkwy1/previous/hwy5atmetroairpkwy1-1.jpg,https://cwwp2.dot.ca.gov/data/d3/cctv/image/hwy5atmetroairpkwy1/previous/hwy5atmetroairpkwy1-2.jpg,https://cwwp2.dot.ca.gov/data/d3/cctv/image/hwy5atmetroairpkwy1/previous/hwy5atmetroairpkwy1-3.jpg,https://cwwp2.dot.ca.gov/data/d3/cctv/image/hwy5atmetroairpkwy1/previous/hwy5atmetroairpkwy1-4.jpg,https://cwwp2.dot.ca.gov/data/d3/cctv/image/hwy5atmetroairpkwy1/previous/hwy5atmetroairpkwy1-5.jpg,https://cwwp2.dot.ca.gov/data/d3/cctv/image/hwy5atmetroairpkwy1/previous/hwy5atmetroairpkwy1-6.jpg,https://cwwp2.dot.ca.gov/data/d3/cctv/image/hwy5atmetroairpkwy1/previous/hwy5atmetroairpkwy1-7.jpg,https://cwwp2.dot.ca.gov/data/d3/cctv/image/hwy5atmetroairpkwy1/previous/hwy5atmetroairpkwy1-8.jpg,https://cwwp2.dot.ca.gov/data/d3/cctv/image/hwy5atmetroairpkwy1/previous/hwy5atmetroairpkwy1-9.jpg,https://cwwp2.dot.ca.gov/data/d3/cctv/image/hwy5atmetroairpkwy1/previous/hwy5atmetroairpkwy1-10.jpg,https://cwwp2.dot.ca.gov/data/d3/cctv/image/hwy5atmetroairpkwy1/previous/hwy5atmetroairpkwy1-11.jpg,https://cwwp2.dot.ca.gov/data/d3/cctv/image/hwy5atmetroairpkwy1/previous/hwy5atmetroairpkwy1-12.jpg
316,2024-12-12,15:20:06,1734045606,3,"Hwy 5 At Metro Air Pkwy 2","Metro Air Pkwy",-121.564804,38.67137,16,North,Alameda,I-5,,,31.317,,526.395,true,,https://wzmedia.dot.ca.gov/D3/5_Metro_Air_Pkwy_JSO_SAC5_NB_2.stream/playlist.m3u8,1,https://cwwp2.dot.ca.gov/data/d3/cctv/image/hwy5atmetroairpkwy2/hwy5atmetroairpkwy2.jpg,15,https://cwwp2.dot.ca.gov/data/d3/cctv/image/hwy5atmetroairpkwy2/previous/hwy5atmetroairpkwy2-1.jpg,https://cwwp2.dot.ca.gov/data/d3/cctv/image/hwy5atmetroairpkwy2/previous/hwy5atmetroairpkwy2-2.jpg,https://cwwp2.dot.ca.gov/data/d3/cctv/image/hwy5atmetroairpkwy2/previous/hwy5atmetroairpkwy2-3.jpg,https://cwwp2.dot.ca.gov/data/d3/cctv/image/hwy5atmetroairpkwy2/previous/hwy5atmetroairpkwy2-4.jpg,https://cwwp2.dot.ca.gov/data/d3/cctv/image/hwy5atmetroairpkwy2/previous/hwy5atmetroairpkwy2-5.jpg,https://cwwp2.dot.ca.gov/data/d3/cctv/image/hwy5atmetroairpkwy2/previous/hwy5atmetroairpkwy2-6.jpg,https://cwwp2.dot.ca.gov/data/d3/cctv/image/hwy5atmetroairpkwy2/previous/hwy5atmetroairpkwy2-7.jpg,https://cwwp2.dot.ca.gov/data/d3/cctv/image/hwy5atmetroairpkwy2/previous/hwy5atmetroairpkwy2-8.jpg,https://cwwp2.dot.ca.gov/data/d3/cctv/image/hwy5atmetroairpkwy2/previous/hwy5atmetroairpkwy2-9.jpg,https://cwwp2.dot.ca.gov/data/d3/cctv/image/hwy5atmetroairpkwy2/previous/hwy5atmetroairpkwy2-10.jpg,https://cwwp2.dot.ca.gov/data/d3/cctv/image/hwy5atmetroairpkwy2/previous/hwy5atmetroairpkwy2-11.jpg,https://cwwp2.dot.ca.gov/data/d3/cctv/image/hwy5atmetroairpkwy2/previous/hwy5atmetroairpkwy2-12.jpg
317,2024-10-24,13:19:10,1729801150,3,"Hwy 49 at Edgewood",Auburn,-121.082068,38.920630,1459,North,Placer,SR-49,,,4.686,R,179.088,true,,https://wzmedia.dot.ca.gov/D3/49_Edgewood_Rd_PLA49_NB.stream/playlist.m3u8,1,https://cwwp2.dot.ca.gov/data/d3/cctv/image/hwy49atedgewood/hwy49atedgewood.jpg,15,https://cwwp2.dot.ca.gov/data/d3/cctv/image/hwy49atedgewood/previous/hwy49atedgewood-1.jpg,https://cwwp2.dot.ca.gov/data/d3/cctv/image/hwy49atedgewood/previous/hwy49atedgewood-2.jpg,https://cwwp2.dot.ca.gov/data/d3/cctv/image/hwy49atedgewood/previous/hwy49atedgewood-3.jpg,https://cwwp2.dot.ca.gov/data/d3/cctv/image/hwy49atedgewood/previous/hwy49atedgewood-4.jpg,https://cwwp2.dot.ca.gov/data/d3/cctv/image/hwy49atedgewood/previous/hwy49atedgewood-5.jpg,https://cwwp2.dot.ca.gov/data/d3/cctv/image/hwy49atedgewood/previous/hwy49atedgewood-6.jpg,https://cwwp2.dot.ca.gov/data/d3/cctv/image/hwy49atedgewood/previous/hwy49atedgewood-7.jpg,https://cwwp2.dot.ca.gov/data/d3/cctv/image/hwy49atedgewood/previous/hwy49atedgewood-8.jpg,https://cwwp2.dot.ca.gov/data/d3/cctv/image/hwy49atedgewood/previous/hwy49atedgewood-9.jpg,https://cwwp2.dot.ca.gov/data/d3/cctv/image/hwy49atedgewood/previous/hwy49atedgewood-10.jpg,https://cwwp2.dot.ca.gov/data/d3/cctv/image/hwy49atedgewood/previous/hwy49atedgewood-11.jpg,https://cwwp2.dot.ca.gov/data/d3/cctv/image/hwy49atedgewood/previous/hwy49atedgewood-12.jpg
318,2024-11-13,12:14:28,1731528868,3,"Hwy 49 at Dry Creek Rd",Auburn,-121.101234,38.95686,1364,North,Placer,SR-49,,,7.441,R,181.843,true,,https://wzmedia.dot.ca.gov/D3/49_Dry_Creek_Rd_PLA49_NB.stream/playlist.m3u8,1,https://cwwp2.dot.ca.gov/data/d3/cctv/image/hwy49atdrycreekrd/hwy49atdrycreekrd.jpg,15,https://cwwp2.dot.ca.gov/data/d3/cctv/image/hwy49atdrycreekrd/previous/hwy49atdrycreekrd-1.jpg,https://cwwp2.dot.ca.gov/data/d3/cctv/image/hwy49atdrycreekrd/previous/hwy49atdrycreekrd-2.jpg,https://cwwp2.dot.ca.gov/data/d3/cctv/image/hwy49atdrycreekrd/previous/hwy49atdrycreekrd-3.jpg,https://cwwp2.dot.ca.gov/data/d3/cctv/image/hwy49atdrycreekrd/previous/hwy49atdrycreekrd-4.jpg,https://cwwp2.dot.ca.gov/data/d3/cctv/image/hwy49atdrycreekrd/previous/hwy49atdrycreekrd-5.jpg,https://cwwp2.dot.ca.gov/data/d3/cctv/image/hwy49atdrycreekrd/previous/hwy49atdrycreekrd-6.jpg,https://cwwp2.dot.ca.gov/data/d3/cctv/image/hwy49atdrycreekrd/previous/hwy49atdrycreekrd-7.jpg,https://cwwp2.dot.ca.gov/data/d3/cctv/image/hwy49atdrycreekrd/previous/hwy49atdrycreekrd-8.jpg,https://cwwp2.dot.ca.gov/data/d3/cctv/image/hwy49atdrycreekrd/previous/hwy49atdrycreekrd-9.jpg,https://cwwp2.dot.ca.gov/data/d3/cctv/image/hwy49atdrycreekrd/previous/hwy49atdrycreekrd-10.jpg,https://cwwp2.dot.ca.gov/data/d3/cctv/image/hwy49atdrycreekrd/previous/hwy49atdrycreekrd-11.jpg,https://cwwp2.dot.ca.gov/data/d3/cctv/image/hwy49atdrycreekrd/previous/hwy49atdrycreekrd-12.jpg
319,2025-07-13,16:54:27,1752450867,3,"Hwy 50 at JCT 51/99 1",Sacramento,-121.47114850305682,38.55952983221439,13,,Sacramento,US-50,,R,0.121,L,5.755,true,,https://wzmedia.dot.ca.gov/D3/50_Jct_51_99_SAC50_WB_1.stream/playlist.m3u8,1,https://cwwp2.dot.ca.gov/data/d3/cctv/image/hwy50atjct51991/hwy50atjct51991.jpg,15,https://cwwp2.dot.ca.gov/data/d3/cctv/image/hwy50atjct51991/previous/hwy50atjct51991-1.jpg,https://cwwp2.dot.ca.gov/data/d3/cctv/image/hwy50atjct51991/previous/hwy50atjct51991-2.jpg,https://cwwp2.dot.ca.gov/data/d3/cctv/image/hwy50atjct51991/previous/hwy50atjct51991-3.jpg,https://cwwp2.dot.ca.gov/data/d3/cctv/image/hwy50atjct51991/previous/hwy50atjct51991-4.jpg,https://cwwp2.dot.ca.gov/data/d3/cctv/image/hwy50atjct51991/previous/hwy50atjct51991-5.jpg,https://cwwp2.dot.ca.gov/data/d3/cctv/image/hwy50atjct51991/previous/hwy50atjct51991-6.jpg,https://cwwp2.dot.ca.gov/data/d3/cctv/image/hwy50atjct51991/previous/hwy50atjct51991-7.jpg,https://cwwp2.dot.ca.gov/data/d3/cctv/image/hwy50atjct51991/previous/hwy50atjct51991-8.jpg,https://cwwp2.dot.ca.gov/data/d3/cctv/image/hwy50atjct51991/previous/hwy50atjct51991-9.jpg,https://cwwp2.dot.ca.gov/data/d3/cctv/image/hwy50atjct51991/previous/hwy50atjct51991-10.jpg,https://cwwp2.dot.ca.gov/data/d3/cctv/image/hwy50atjct51991/previous/hwy50atjct51991-11.jpg,https://cwwp2.dot.ca.gov/data/d3/cctv/image/hwy50atjct51991/previous/hwy50atjct51991-12.jpg
320,2025-07-13,16:54:30,1752450870,3,"Hwy 50 at JCT 51/99 2",Sacramento,-121.471334,38.559476,13,,Sacramento,US-50,,R,0.121,L,5.755,true,,https://wzmedia.dot.ca.gov/D3/50_Jct_51_99_SAC50_WB_2.stream/playlist.m3u8,1,https://cwwp2.dot.ca.gov/data/d3/cctv/image/hwy50atjct51992/hwy50atjct51992.jpg,15,https://cwwp2.dot.ca.gov/data/d3/cctv/image/hwy50atjct51992/previous/hwy50atjct51992-1.jpg,https://cwwp2.dot.ca.gov/data/d3/cctv/image/hwy50atjct51992/previous/hwy50atjct51992-2.jpg,https://cwwp2.dot.ca.gov/data/d3/cctv/image/hwy50atjct51992/previous/hwy50atjct51992-3.jpg,https://cwwp2.dot.ca.gov/data/d3/cctv/image/hwy50atjct51992/previous/hwy50atjct51992-4.jpg,https://cwwp2.dot.ca.gov/data/d3/cctv/image/hwy50atjct51992/previous/hwy50atjct51992-5.jpg,https://cwwp2.dot.ca.gov/data/d3/cctv/image/hwy50atjct51992/previous/hwy50atjct51992-6.jpg,https://cwwp2.dot.ca.gov/data/d3/cctv/image/hwy50atjct51992/previous/hwy50atjct51992-7.jpg,https://cwwp2.dot.ca.gov/data/d3/cctv/image/hwy50atjct51992/previous/hwy50atjct51992-8.jpg,https://cwwp2.dot.ca.gov/data/d3/cctv/image/hwy50atjct51992/previous/hwy50atjct51992-9.jpg,https://cwwp2.dot.ca.gov/data/d3/cctv/image/hwy50atjct51992/previous/hwy50atjct51992-10.jpg,https://cwwp2.dot.ca.gov/data/d3/cctv/image/hwy50atjct51992/previous/hwy50atjct51992-11.jpg,https://cwwp2.dot.ca.gov/data/d3/cctv/image/hwy50atjct51992/previous/hwy50atjct51992-12.jpg
321,2025-07-13,16:54:33,1752450873,3,"Hwy 50 at JCT 51/99 3",Sacramento,-121.47146969757995,38.55951462618848,13,,Sacramento,US-50,,R,0.121,L,5.755,true,,https://wzmedia.dot.ca.gov/D3/50_Jct_51_99_SAC50_WB_3.stream/playlist.m3u8,1,https://cwwp2.dot.ca.gov/data/d3/cctv/image/hwy50atjct51993/hwy50atjct51993.jpg,15,https://cwwp2.dot.ca.gov/data/d3/cctv/image/hwy50atjct51993/previous/hwy50atjct51993-1.jpg,https://cwwp2.dot.ca.gov/data/d3/cctv/image/hwy50atjct51993/previous/hwy50atjct51993-2.jpg,https://cwwp2.dot.ca.gov/data/d3/cctv/image/hwy50atjct51993/previous/hwy50atjct51993-3.jpg,https://cwwp2.dot.ca.gov/data/d3/cctv/image/hwy50atjct51993/previous/hwy50atjct51993-4.jpg,https://cwwp2.dot.ca.gov/data/d3/cctv/image/hwy50atjct51993/previous/hwy50atjct51993-5.jpg,https://cwwp2.dot.ca.gov/data/d3/cctv/image/hwy50atjct51993/previous/hwy50atjct51993-6.jpg,https://cwwp2.dot.ca.gov/data/d3/cctv/image/hwy50atjct51993/previous/hwy50atjct51993-7.jpg,https://cwwp2.dot.ca.gov/data/d3/cctv/image/hwy50atjct51993/previous/hwy50atjct51993-8.jpg,https://cwwp2.dot.ca.gov/data/d3/cctv/image/hwy50atjct51993/previous/hwy50atjct51993-9.jpg,https://cwwp2.dot.ca.gov/data/d3/cctv/image/hwy50atjct51993/previous/hwy50atjct51993-10.jpg,https://cwwp2.dot.ca.gov/data/d3/cctv/image/hwy50atjct51993/previous/hwy50atjct51993-11.jpg,https://cwwp2.dot.ca.gov/data/d3/cctv/image/hwy50atjct51993/previous/hwy50atjct51993-12.jpg
322,2025-07-08,08:38:47,1751989127,3,"Hwy 80 at Darling 2",Roseville,-121.278563,38.735825,154,West,Placer,I-80,,,1.29,,102.79,true,,https://wzmedia.dot.ca.gov/D3/80_Darling_Way_PLA80_WB_2.stream/playlist.m3u8,1,https://cwwp2.dot.ca.gov/data/d3/cctv/image/hwy80atdarling2/hwy80atdarling2.jpg,15,https://cwwp2.dot.ca.gov/data/d3/cctv/image/hwy80atdarling2/previous/hwy80atdarling2-1.jpg,https://cwwp2.dot.ca.gov/data/d3/cctv/image/hwy80atdarling2/previous/hwy80atdarling2-2.jpg,https://cwwp2.dot.ca.gov/data/d3/cctv/image/hwy80atdarling2/previous/hwy80atdarling2-3.jpg,https://cwwp2.dot.ca.gov/data/d3/cctv/image/hwy80atdarling2/previous/hwy80atdarling2-4.jpg,https://cwwp2.dot.ca.gov/data/d3/cctv/image/hwy80atdarling2/previous/hwy80atdarling2-5.jpg,https://cwwp2.dot.ca.gov/data/d3/cctv/image/hwy80atdarling2/previous/hwy80atdarling2-6.jpg,https://cwwp2.dot.ca.gov/data/d3/cctv/image/hwy80atdarling2/previous/hwy80atdarling2-7.jpg,https://cwwp2.dot.ca.gov/data/d3/cctv/image/hwy80atdarling2/previous/hwy80atdarling2-8.jpg,https://cwwp2.dot.ca.gov/data/d3/cctv/image/hwy80atdarling2/previous/hwy80atdarling2-9.jpg,https://cwwp2.dot.ca.gov/data/d3/cctv/image/hwy80atdarling2/previous/hwy80atdarling2-10.jpg,https://cwwp2.dot.ca.gov/data/d3/cctv/image/hwy80atdarling2/previous/hwy80atdarling2-11.jpg,https://cwwp2.dot.ca.gov/data/d3/cctv/image/hwy80atdarling2/previous/hwy80atdarling2-12.jpg
323,2025-07-08,08:38:51,1751989131,3,"Hwy 80 at Darling 3",Roseville,-121.278563,38.735825,154,West,Placer,I-80,,,1.29,,102.79,true,,https://wzmedia.dot.ca.gov/D3/80_Darling_Way_PLA80_WB_3.stream/playlist.m3u8,1,https://cwwp2.dot.ca.gov/data/d3/cctv/image/hwy80atdarling3/hwy80atdarling3.jpg,15,https://cwwp2.dot.ca.gov/data/d3/cctv/image/hwy80atdarling3/previous/hwy80atdarling3-1.jpg,https://cwwp2.dot.ca.gov/data/d3/cctv/image/hwy80atdarling3/previous/hwy80atdarling3-2.jpg,https://cwwp2.dot.ca.gov/data/d3/cctv/image/hwy80atdarling3/previous/hwy80atdarling3-3.jpg,https://cwwp2.dot.ca.gov/data/d3/cctv/image/hwy80atdarling3/previous/hwy80atdarling3-4.jpg,https://cwwp2.dot.ca.gov/data/d3/cctv/image/hwy80atdarling3/previous/hwy80atdarling3-5.jpg,https://cwwp2.dot.ca.gov/data/d3/cctv/image/hwy80atdarling3/previous/hwy80atdarling3-6.jpg,https://cwwp2.dot.ca.gov/data/d3/cctv/image/hwy80atdarling3/previous/hwy80atdarling3-7.jpg,https://cwwp2.dot.ca.gov/data/d3/cctv/image/hwy80atdarling3/previous/hwy80atdarling3-8.jpg,https://cwwp2.dot.ca.gov/data/d3/cctv/image/hwy80atdarling3/previous/hwy80atdarling3-9.jpg,https://cwwp2.dot.ca.gov/data/d3/cctv/image/hwy80atdarling3/previous/hwy80atdarling3-10.jpg,https://cwwp2.dot.ca.gov/data/d3/cctv/image/hwy80atdarling3/previous/hwy80atdarling3-11.jpg,https://cwwp2.dot.ca.gov/data/d3/cctv/image/hwy80atdarling3/previous/hwy80atdarling3-12.jpg
327,2025-11-26,07:21:47,1764170507,3,"Hwy 50 at Wrights Lake 2",Kyburz,-120.21115385298197,38.78629612075367,5524,,"El Dorado",US-50,,,54.009,L,82.278,true,,https://wzmedia.dot.ca.gov/D3/50_Wrights_Lake_ED50_EB_2.stream/playlist.m3u8,1,https://cwwp2.dot.ca.gov/data/d3/cctv/image/hwy50atwrightslake2/hwy50atwrightslake2.jpg,15,https://cwwp2.dot.ca.gov/data/d3/cctv/image/hwy50atwrightslake2/previous/hwy50atwrightslake2-1.jpg,https://cwwp2.dot.ca.gov/data/d3/cctv/image/hwy50atwrightslake2/previous/hwy50atwrightslake2-2.jpg,https://cwwp2.dot.ca.gov/data/d3/cctv/image/hwy50atwrightslake2/previous/hwy50atwrightslake2-3.jpg,https://cwwp2.dot.ca.gov/data/d3/cctv/image/hwy50atwrightslake2/previous/hwy50atwrightslake2-4.jpg,https://cwwp2.dot.ca.gov/data/d3/cctv/image/hwy50atwrightslake2/previous/hwy50atwrightslake2-5.jpg,https://cwwp2.dot.ca.gov/data/d3/cctv/image/hwy50atwrightslake2/previous/hwy50atwrightslake2-6.jpg,https://cwwp2.dot.ca.gov/data/d3/cctv/image/hwy50atwrightslake2/previous/hwy50atwrightslake2-7.jpg,https://cwwp2.dot.ca.gov/data/d3/cctv/image/hwy50atwrightslake2/previous/hwy50atwrightslake2-8.jpg,https://cwwp2.dot.ca.gov/data/d3/cctv/image/hwy50atwrightslake2/previous/hwy50atwrightslake2-9.jpg,https://cwwp2.dot.ca.gov/data/d3/cctv/image/hwy50atwrightslake2/previous/hwy50atwrightslake2-10.jpg,https://cwwp2.dot.ca.gov/data/d3/cctv/image/hwy50atwrightslake2/previous/hwy50atwrightslake2-11.jpg,https://cwwp2.dot.ca.gov/data/d3/cctv/image/hwy50atwrightslake2/previous/hwy50atwrightslake2-12.jpg
328,2026-03-01,13:58:01,1772402281,3,"Hwy 80 at Chiles_Rd_JEO_EB_1",Davis,-121.639552,38.563052,29,East,Yolo,I-80,,,5.740,R,77.946,true,,https://wzmedia.dot.ca.gov/D3/80_Chiles_Rd_JEO_YOL80_EB_1.stream/playlist.m3u8,1,https://cwwp2.dot.ca.gov/data/d3/cctv/image/hwy80atchilesrdjeoeb1/hwy80atchilesrdjeoeb1.jpg,15,https://cwwp2.dot.ca.gov/data/d3/cctv/image/hwy80atchilesrdjeoeb1/previous/hwy80atchilesrdjeoeb1-1.jpg,https://cwwp2.dot.ca.gov/data/d3/cctv/image/hwy80atchilesrdjeoeb1/previous/hwy80atchilesrdjeoeb1-2.jpg,https://cwwp2.dot.ca.gov/data/d3/cctv/image/hwy80atchilesrdjeoeb1/previous/hwy80atchilesrdjeoeb1-3.jpg,https://cwwp2.dot.ca.gov/data/d3/cctv/image/hwy80atchilesrdjeoeb1/previous/hwy80atchilesrdjeoeb1-4.jpg,https://cwwp2.dot.ca.gov/data/d3/cctv/image/hwy80atchilesrdjeoeb1/previous/hwy80atchilesrdjeoeb1-5.jpg,https://cwwp2.dot.ca.gov/data/d3/cctv/image/hwy80atchilesrdjeoeb1/previous/hwy80atchilesrdjeoeb1-6.jpg,https://cwwp2.dot.ca.gov/data/d3/cctv/image/hwy80atchilesrdjeoeb1/previous/hwy80atchilesrdjeoeb1-7.jpg,https://cwwp2.dot.ca.gov/data/d3/cctv/image/hwy80atchilesrdjeoeb1/previous/hwy80atchilesrdjeoeb1-8.jpg,https://cwwp2.dot.ca.gov/data/d3/cctv/image/hwy80atchilesrdjeoeb1/previous/hwy80atchilesrdjeoeb1-9.jpg,https://cwwp2.dot.ca.gov/data/d3/cctv/image/hwy80atchilesrdjeoeb1/previous/hwy80atchilesrdjeoeb1-10.jpg,https://cwwp2.dot.ca.gov/data/d3/cctv/image/hwy80atchilesrdjeoeb1/previous/hwy80atchilesrdjeoeb1-11.jpg,https://cwwp2.dot.ca.gov/data/d3/cctv/image/hwy80atchilesrdjeoeb1/previous/hwy80atchilesrdjeoeb1-12.jpg
329,2025-08-21,12:30:22,1755804622,3,"Hwy 80 at Chiles_Rd_JEO_EB_2",Davis,-121.639552,38.563052,29,East,Yolo,I-80,,,5.740,R,77.946,true,,https://wzmedia.dot.ca.gov/D3/80_Chiles_Rd_JEO_YOL80_EB_2.stream/playlist.m3u8,1,https://cwwp2.dot.ca.gov/data/d3/cctv/image/hwy80atchilesrdjeoeb2/hwy80atchilesrdjeoeb2.jpg,15,https://cwwp2.dot.ca.gov/data/d3/cctv/image/hwy80atchilesrdjeoeb2/previous/hwy80atchilesrdjeoeb2-1.jpg,https://cwwp2.dot.ca.gov/data/d3/cctv/image/hwy80atchilesrdjeoeb2/previous/hwy80atchilesrdjeoeb2-2.jpg,https://cwwp2.dot.ca.gov/data/d3/cctv/image/hwy80atchilesrdjeoeb2/previous/hwy80atchilesrdjeoeb2-3.jpg,https://cwwp2.dot.ca.gov/data/d3/cctv/image/hwy80atchilesrdjeoeb2/previous/hwy80atchilesrdjeoeb2-4.jpg,https://cwwp2.dot.ca.gov/data/d3/cctv/image/hwy80atchilesrdjeoeb2/previous/hwy80atchilesrdjeoeb2-5.jpg,https://cwwp2.dot.ca.gov/data/d3/cctv/image/hwy80atchilesrdjeoeb2/previous/hwy80atchilesrdjeoeb2-6.jpg,https://cwwp2.dot.ca.gov/data/d3/cctv/image/hwy80atchilesrdjeoeb2/previous/hwy80atchilesrdjeoeb2-7.jpg,https://cwwp2.dot.ca.gov/data/d3/cctv/image/hwy80atchilesrdjeoeb2/previous/hwy80atchilesrdjeoeb2-8.jpg,https://cwwp2.dot.ca.gov/data/d3/cctv/image/hwy80atchilesrdjeoeb2/previous/hwy80atchilesrdjeoeb2-9.jpg,https://cwwp2.dot.ca.gov/data/d3/cctv/image/hwy80atchilesrdjeoeb2/previous/hwy80atchilesrdjeoeb2-10.jpg,https://cwwp2.dot.ca.gov/data/d3/cctv/image/hwy80atchilesrdjeoeb2/previous/hwy80atchilesrdjeoeb2-11.jpg,https://cwwp2.dot.ca.gov/data/d3/cctv/image/hwy80atchilesrdjeoeb2/previous/hwy80atchilesrdjeoeb2-12.jpg
330,2025-08-06,10:42:37,1754502157,3,"Hwy 80 at Chiles_Rd_JEO_EB_3",Davis,-121.639552,38.563052,29,East,Yolo,I-80,,,5.740,,77.946,true,,,1,https://cwwp2.dot.ca.gov/data/d3/cctv/image/hwy80atchilesrdjeoeb3/hwy80atchilesrdjeoeb3.jpg,15,https://cwwp2.dot.ca.gov/data/d3/cctv/image/hwy80atchilesrdjeoeb3/previous/hwy80atchilesrdjeoeb3-1.jpg,https://cwwp2.dot.ca.gov/data/d3/cctv/image/hwy80atchilesrdjeoeb3/previous/hwy80atchilesrdjeoeb3-2.jpg,https://cwwp2.dot.ca.gov/data/d3/cctv/image/hwy80atchilesrdjeoeb3/previous/hwy80atchilesrdjeoeb3-3.jpg,https://cwwp2.dot.ca.gov/data/d3/cctv/image/hwy80atchilesrdjeoeb3/previous/hwy80atchilesrdjeoeb3-4.jpg,https://cwwp2.dot.ca.gov/data/d3/cctv/image/hwy80atchilesrdjeoeb3/previous/hwy80atchilesrdjeoeb3-5.jpg,https://cwwp2.dot.ca.gov/data/d3/cctv/image/hwy80atchilesrdjeoeb3/previous/hwy80atchilesrdjeoeb3-6.jpg,https://cwwp2.dot.ca.gov/data/d3/cctv/image/hwy80atchilesrdjeoeb3/previous/hwy80atchilesrdjeoeb3-7.jpg,https://cwwp2.dot.ca.gov/data/d3/cctv/image/hwy80atchilesrdjeoeb3/previous/hwy80atchilesrdjeoeb3-8.jpg,https://cwwp2.dot.ca.gov/data/d3/cctv/image/hwy80atchilesrdjeoeb3/previous/hwy80atchilesrdjeoeb3-9.jpg,https://cwwp2.dot.ca.gov/data/d3/cctv/image/hwy80atchilesrdjeoeb3/previous/hwy80atchilesrdjeoeb3-10.jpg,https://cwwp2.dot.ca.gov/data/d3/cctv/image/hwy80atchilesrdjeoeb3/previous/hwy80atchilesrdjeoeb3-11.jpg,https://cwwp2.dot.ca.gov/data/d3/cctv/image/hwy80atchilesrdjeoeb3/previous/hwy80atchilesrdjeoeb3-12.jpg
331,2025-08-21,12:30:36,1755804636,3,"Hwy 80 At Enterprise EB 1","West Sacramento",-121.580165,38.573652,22,East,Yolo,I-80,,,9.040,R,81.246,true,,https://wzmedia.dot.ca.gov/D3/80_Enterprise_Blvd_YOL80_EB_1.stream/playlist.m3u8,1,https://cwwp2.dot.ca.gov/data/d3/cctv/image/hwy80atenterpriseeb1/hwy80atenterpriseeb1.jpg,15,https://cwwp2.dot.ca.gov/data/d3/cctv/image/hwy80atenterpriseeb1/previous/hwy80atenterpriseeb1-1.jpg,https://cwwp2.dot.ca.gov/data/d3/cctv/image/hwy80atenterpriseeb1/previous/hwy80atenterpriseeb1-2.jpg,https://cwwp2.dot.ca.gov/data/d3/cctv/image/hwy80atenterpriseeb1/previous/hwy80atenterpriseeb1-3.jpg,https://cwwp2.dot.ca.gov/data/d3/cctv/image/hwy80atenterpriseeb1/previous/hwy80atenterpriseeb1-4.jpg,https://cwwp2.dot.ca.gov/data/d3/cctv/image/hwy80atenterpriseeb1/previous/hwy80atenterpriseeb1-5.jpg,https://cwwp2.dot.ca.gov/data/d3/cctv/image/hwy80atenterpriseeb1/previous/hwy80atenterpriseeb1-6.jpg,https://cwwp2.dot.ca.gov/data/d3/cctv/image/hwy80atenterpriseeb1/previous/hwy80atenterpriseeb1-7.jpg,https://cwwp2.dot.ca.gov/data/d3/cctv/image/hwy80atenterpriseeb1/previous/hwy80atenterpriseeb1-8.jpg,https://cwwp2.dot.ca.gov/data/d3/cctv/image/hwy80atenterpriseeb1/previous/hwy80atenterpriseeb1-9.jpg,https://cwwp2.dot.ca.gov/data/d3/cctv/image/hwy80atenterpriseeb1/previous/hwy80atenterpriseeb1-10.jpg,https://cwwp2.dot.ca.gov/data/d3/cctv/image/hwy80atenterpriseeb1/previous/hwy80atenterpriseeb1-11.jpg,https://cwwp2.dot.ca.gov/data/d3/cctv/image/hwy80atenterpriseeb1/previous/hwy80atenterpriseeb1-12.jpg
332,2025-08-21,12:30:41,1755804641,3,"Hwy 80 At Enterprise EB 2","West Sacramento",-121.580165,38.573652,22,East,Yolo,I-80,,,9.040,R,81.246,true,,https://wzmedia.dot.ca.gov/D3/80_Enterprise_Blvd_YOL80_EB_2.stream/playlist.m3u8,1,https://cwwp2.dot.ca.gov/data/d3/cctv/image/hwy80atenterpriseeb2/hwy80atenterpriseeb2.jpg,15,https://cwwp2.dot.ca.gov/data/d3/cctv/image/hwy80atenterpriseeb2/previous/hwy80atenterpriseeb2-1.jpg,https://cwwp2.dot.ca.gov/data/d3/cctv/image/hwy80atenterpriseeb2/previous/hwy80atenterpriseeb2-2.jpg,https://cwwp2.dot.ca.gov/data/d3/cctv/image/hwy80atenterpriseeb2/previous/hwy80atenterpriseeb2-3.jpg,https://cwwp2.dot.ca.gov/data/d3/cctv/image/hwy80atenterpriseeb2/previous/hwy80atenterpriseeb2-4.jpg,https://cwwp2.dot.ca.gov/data/d3/cctv/image/hwy80atenterpriseeb2/previous/hwy80atenterpriseeb2-5.jpg,https://cwwp2.dot.ca.gov/data/d3/cctv/image/hwy80atenterpriseeb2/previous/hwy80atenterpriseeb2-6.jpg,https://cwwp2.dot.ca.gov/data/d3/cctv/image/hwy80atenterpriseeb2/previous/hwy80atenterpriseeb2-7.jpg,https://cwwp2.dot.ca.gov/data/d3/cctv/image/hwy80atenterpriseeb2/previous/hwy80atenterpriseeb2-8.jpg,https://cwwp2.dot.ca.gov/data/d3/cctv/image/hwy80atenterpriseeb2/previous/hwy80atenterpriseeb2-9.jpg,https://cwwp2.dot.ca.gov/data/d3/cctv/image/hwy80atenterpriseeb2/previous/hwy80atenterpriseeb2-10.jpg,https://cwwp2.dot.ca.gov/data/d3/cctv/image/hwy80atenterpriseeb2/previous/hwy80atenterpriseeb2-11.jpg,https://cwwp2.dot.ca.gov/data/d3/cctv/image/hwy80atenterpriseeb2/previous/hwy80atenterpriseeb2-12.jpg
333,2025-08-21,12:30:46,1755804646,3,"Hwy 80 At Enterprise EB 3","West Sacramento",-121.580165,38.573652,22,,Yolo,I-80,,,9.040,R,81.246,true,,https://wzmedia.dot.ca.gov/D3/80_Enterprise_Blvd_YOL80_EB_3.stream/playlist.m3u8,1,https://cwwp2.dot.ca.gov/data/d3/cctv/image/hwy80atenterpriseeb3/hwy80atenterpriseeb3.jpg,15,https://cwwp2.dot.ca.gov/data/d3/cctv/image/hwy80atenterpriseeb3/previous/hwy80atenterpriseeb3-1.jpg,https://cwwp2.dot.ca.gov/data/d3/cctv/image/hwy80atenterpriseeb3/previous/hwy80atenterpriseeb3-2.jpg,https://cwwp2.dot.ca.gov/data/d3/cctv/image/hwy80atenterpriseeb3/previous/hwy80atenterpriseeb3-3.jpg,https://cwwp2.dot.ca.gov/data/d3/cctv/image/hwy80atenterpriseeb3/previous/hwy80atenterpriseeb3-4.jpg,https://cwwp2.dot.ca.gov/data/d3/cctv/image/hwy80atenterpriseeb3/previous/hwy80atenterpriseeb3-5.jpg,https://cwwp2.dot.ca.gov/data/d3/cctv/image/hwy80atenterpriseeb3/previous/hwy80atenterpriseeb3-6.jpg,https://cwwp2.dot.ca.gov/data/d3/cctv/image/hwy80atenterpriseeb3/previous/hwy80atenterpriseeb3-7.jpg,https://cwwp2.dot.ca.gov/data/d3/cctv/image/hwy80atenterpriseeb3/previous/hwy80atenterpriseeb3-8.jpg,https://cwwp2.dot.ca.gov/data/d3/cctv/image/hwy80atenterpriseeb3/previous/hwy80atenterpriseeb3-9.jpg,https://cwwp2.dot.ca.gov/data/d3/cctv/image/hwy80atenterpriseeb3/previous/hwy80atenterpriseeb3-10.jpg,https://cwwp2.dot.ca.gov/data/d3/cctv/image/hwy80atenterpriseeb3/previous/hwy80atenterpriseeb3-11.jpg,https://cwwp2.dot.ca.gov/data/d3/cctv/image/hwy80atenterpriseeb3/previous/hwy80atenterpriseeb3-12.jpg
335,2025-12-18,16:48:26,1766105306,3,"Hwy 50 at Jefferson Blvd JWO EB2","West Sacramento",-121.526846,38.576761,29,East,Yolo,US-50,,,2.4,,2.4,true,,,1,https://cwwp2.dot.ca.gov/data/d3/cctv/image/hwy50atjeffersonblvdjwoeb2/hwy50atjeffersonblvdjwoeb2.jpg,15,https://cwwp2.dot.ca.gov/data/d3/cctv/image/hwy50atjeffersonblvdjwoeb2/previous/hwy50atjeffersonblvdjwoeb2-1.jpg,https://cwwp2.dot.ca.gov/data/d3/cctv/image/hwy50atjeffersonblvdjwoeb2/previous/hwy50atjeffersonblvdjwoeb2-2.jpg,https://cwwp2.dot.ca.gov/data/d3/cctv/image/hwy50atjeffersonblvdjwoeb2/previous/hwy50atjeffersonblvdjwoeb2-3.jpg,https://cwwp2.dot.ca.gov/data/d3/cctv/image/hwy50atjeffersonblvdjwoeb2/previous/hwy50atjeffersonblvdjwoeb2-4.jpg,https://cwwp2.dot.ca.gov/data/d3/cctv/image/hwy50atjeffersonblvdjwoeb2/previous/hwy50atjeffersonblvdjwoeb2-5.jpg,https://cwwp2.dot.ca.gov/data/d3/cctv/image/hwy50atjeffersonblvdjwoeb2/previous/hwy50atjeffersonblvdjwoeb2-6.jpg,https://cwwp2.dot.ca.gov/data/d3/cctv/image/hwy50atjeffersonblvdjwoeb2/previous/hwy50atjeffersonblvdjwoeb2-7.jpg,https://cwwp2.dot.ca.gov/data/d3/cctv/image/hwy50atjeffersonblvdjwoeb2/previous/hwy50atjeffersonblvdjwoeb2-8.jpg,https://cwwp2.dot.ca.gov/data/d3/cctv/image/hwy50atjeffersonblvdjwoeb2/previous/hwy50atjeffersonblvdjwoeb2-9.jpg,https://cwwp2.dot.ca.gov/data/d3/cctv/image/hwy50atjeffersonblvdjwoeb2/previous/hwy50atjeffersonblvdjwoeb2-10.jpg,https://cwwp2.dot.ca.gov/data/d3/cctv/image/hwy50atjeffersonblvdjwoeb2/previous/hwy50atjeffersonblvdjwoeb2-11.jpg,https://cwwp2.dot.ca.gov/data/d3/cctv/image/hwy50atjeffersonblvdjwoeb2/previous/hwy50atjeffersonblvdjwoeb2-12.jpg
336,2025-12-18,16:48:44,1766105324,3,"Hwy 50 at Jefferson Blvd JWO EB3","West Sacramento",-121.526846,38.576761,29,East,Yolo,US-50,,,2.4,,2.4,true,,,1,https://cwwp2.dot.ca.gov/data/d3/cctv/image/hwy50atjeffersonblvdjwoeb3/hwy50atjeffersonblvdjwoeb3.jpg,15,https://cwwp2.dot.ca.gov/data/d3/cctv/image/hwy50atjeffersonblvdjwoeb3/previous/hwy50atjeffersonblvdjwoeb3-1.jpg,https://cwwp2.dot.ca.gov/data/d3/cctv/image/hwy50atjeffersonblvdjwoeb3/previous/hwy50atjeffersonblvdjwoeb3-2.jpg,https://cwwp2.dot.ca.gov/data/d3/cctv/image/hwy50atjeffersonblvdjwoeb3/previous/hwy50atjeffersonblvdjwoeb3-3.jpg,https://cwwp2.dot.ca.gov/data/d3/cctv/image/hwy50atjeffersonblvdjwoeb3/previous/hwy50atjeffersonblvdjwoeb3-4.jpg,https://cwwp2.dot.ca.gov/data/d3/cctv/image/hwy50atjeffersonblvdjwoeb3/previous/hwy50atjeffersonblvdjwoeb3-5.jpg,https://cwwp2.dot.ca.gov/data/d3/cctv/image/hwy50atjeffersonblvdjwoeb3/previous/hwy50atjeffersonblvdjwoeb3-6.jpg,https://cwwp2.dot.ca.gov/data/d3/cctv/image/hwy50atjeffersonblvdjwoeb3/previous/hwy50atjeffersonblvdjwoeb3-7.jpg,https://cwwp2.dot.ca.gov/data/d3/cctv/image/hwy50atjeffersonblvdjwoeb3/previous/hwy50atjeffersonblvdjwoeb3-8.jpg,https://cwwp2.dot.ca.gov/data/d3/cctv/image/hwy50atjeffersonblvdjwoeb3/previous/hwy50atjeffersonblvdjwoeb3-9.jpg,https://cwwp2.dot.ca.gov/data/d3/cctv/image/hwy50atjeffersonblvdjwoeb3/previous/hwy50atjeffersonblvdjwoeb3-10.jpg,https://cwwp2.dot.ca.gov/data/d3/cctv/image/hwy50atjeffersonblvdjwoeb3/previous/hwy50atjeffersonblvdjwoeb3-11.jpg,https://cwwp2.dot.ca.gov/data/d3/cctv/image/hwy50atjeffersonblvdjwoeb3/previous/hwy50atjeffersonblvdjwoeb3-12.jpg
339,2025-10-27,07:50:35,1761576635,3,"Hwy 80 at Kingvale EB 2","Soda Springs",-120.449498,39.313528,6095,East,Placer,I-80,,,69.022,R,170.396,true,,https://wzmedia.dot.ca.gov/D3/80_Kingvale_PLA80_EB_2.stream/playlist.m3u8,1,https://cwwp2.dot.ca.gov/data/d3/cctv/image/hwy80atkingvaleeb2/hwy80atkingvaleeb2.jpg,15,https://cwwp2.dot.ca.gov/data/d3/cctv/image/hwy80atkingvaleeb2/previous/hwy80atkingvaleeb2-1.jpg,https://cwwp2.dot.ca.gov/data/d3/cctv/image/hwy80atkingvaleeb2/previous/hwy80atkingvaleeb2-2.jpg,https://cwwp2.dot.ca.gov/data/d3/cctv/image/hwy80atkingvaleeb2/previous/hwy80atkingvaleeb2-3.jpg,https://cwwp2.dot.ca.gov/data/d3/cctv/image/hwy80atkingvaleeb2/previous/hwy80atkingvaleeb2-4.jpg,https://cwwp2.dot.ca.gov/data/d3/cctv/image/hwy80atkingvaleeb2/previous/hwy80atkingvaleeb2-5.jpg,https://cwwp2.dot.ca.gov/data/d3/cctv/image/hwy80atkingvaleeb2/previous/hwy80atkingvaleeb2-6.jpg,https://cwwp2.dot.ca.gov/data/d3/cctv/image/hwy80atkingvaleeb2/previous/hwy80atkingvaleeb2-7.jpg,https://cwwp2.dot.ca.gov/data/d3/cctv/image/hwy80atkingvaleeb2/previous/hwy80atkingvaleeb2-8.jpg,https://cwwp2.dot.ca.gov/data/d3/cctv/image/hwy80atkingvaleeb2/previous/hwy80atkingvaleeb2-9.jpg,https://cwwp2.dot.ca.gov/data/d3/cctv/image/hwy80atkingvaleeb2/previous/hwy80atkingvaleeb2-10.jpg,https://cwwp2.dot.ca.gov/data/d3/cctv/image/hwy80atkingvaleeb2/previous/hwy80atkingvaleeb2-11.jpg,https://cwwp2.dot.ca.gov/data/d3/cctv/image/hwy80atkingvaleeb2/previous/hwy80atkingvaleeb2-12.jpg
340,2025-10-27,07:54:07,1761576847,3,"Hwy 80 at Kingvale EB 1","Soda Springs",-120.449498,39.313528,6095,East,Placer,I-80,,,69.022,R,170.396,true,,https://wzmedia.dot.ca.gov/D3/80_Kingvale_PLA80_EB_1.stream/playlist.m3u8,1,https://cwwp2.dot.ca.gov/data/d3/cctv/image/hwy80atkingvaleeb1/hwy80atkingvaleeb1.jpg,15,https://cwwp2.dot.ca.gov/data/d3/cctv/image/hwy80atkingvaleeb1/previous/hwy80atkingvaleeb1-1.jpg,https://cwwp2.dot.ca.gov/data/d3/cctv/image/hwy80atkingvaleeb1/previous/hwy80atkingvaleeb1-2.jpg,https://cwwp2.dot.ca.gov/data/d3/cctv/image/hwy80atkingvaleeb1/previous/hwy80atkingvaleeb1-3.jpg,https://cwwp2.dot.ca.gov/data/d3/cctv/image/hwy80atkingvaleeb1/previous/hwy80atkingvaleeb1-4.jpg,https://cwwp2.dot.ca.gov/data/d3/cctv/image/hwy80atkingvaleeb1/previous/hwy80atkingvaleeb1-5.jpg,https://cwwp2.dot.ca.gov/data/d3/cctv/image/hwy80atkingvaleeb1/previous/hwy80atkingvaleeb1-6.jpg,https://cwwp2.dot.ca.gov/data/d3/cctv/image/hwy80atkingvaleeb1/previous/hwy80atkingvaleeb1-7.jpg,https://cwwp2.dot.ca.gov/data/d3/cctv/image/hwy80atkingvaleeb1/previous/hwy80atkingvaleeb1-8.jpg,https://cwwp2.dot.ca.gov/data/d3/cctv/image/hwy80atkingvaleeb1/previous/hwy80atkingvaleeb1-9.jpg,https://cwwp2.dot.ca.gov/data/d3/cctv/image/hwy80atkingvaleeb1/previous/hwy80atkingvaleeb1-10.jpg,https://cwwp2.dot.ca.gov/data/d3/cctv/image/hwy80atkingvaleeb1/previous/hwy80atkingvaleeb1-11.jpg,https://cwwp2.dot.ca.gov/data/d3/cctv/image/hwy80atkingvaleeb1/previous/hwy80atkingvaleeb1-12.jpg
341,2025-11-25,09:01:49,1764090109,3,JCT80_YOL50_WB_1,"West Sacramento",-121.563372,38.575748,29,West,Yolo,US-50,,,0.402,L,0.402,true,,https://wzmedia.dot.ca.gov/D3/50_JCT80_YOL50_WB_1.stream/playlist.m3u8,1,https://cwwp2.dot.ca.gov/data/d3/cctv/image/jct80yol50wb1/jct80yol50wb1.jpg,15,https://cwwp2.dot.ca.gov/data/d3/cctv/image/jct80yol50wb1/previous/jct80yol50wb1-1.jpg,https://cwwp2.dot.ca.gov/data/d3/cctv/image/jct80yol50wb1/previous/jct80yol50wb1-2.jpg,https://cwwp2.dot.ca.gov/data/d3/cctv/image/jct80yol50wb1/previous/jct80yol50wb1-3.jpg,https://cwwp2.dot.ca.gov/data/d3/cctv/image/jct80yol50wb1/previous/jct80yol50wb1-4.jpg,https://cwwp2.dot.ca.gov/data/d3/cctv/image/jct80yol50wb1/previous/jct80yol50wb1-5.jpg,https://cwwp2.dot.ca.gov/data/d3/cctv/image/jct80yol50wb1/previous/jct80yol50wb1-6.jpg,https://cwwp2.dot.ca.gov/data/d3/cctv/image/jct80yol50wb1/previous/jct80yol50wb1-7.jpg,https://cwwp2.dot.ca.gov/data/d3/cctv/image/jct80yol50wb1/previous/jct80yol50wb1-8.jpg,https://cwwp2.dot.ca.gov/data/d3/cctv/image/jct80yol50wb1/previous/jct80yol50wb1-9.jpg,https://cwwp2.dot.ca.gov/data/d3/cctv/image/jct80yol50wb1/previous/jct80yol50wb1-10.jpg,https://cwwp2.dot.ca.gov/data/d3/cctv/image/jct80yol50wb1/previous/jct80yol50wb1-11.jpg,https://cwwp2.dot.ca.gov/data/d3/cctv/image/jct80yol50wb1/previous/jct80yol50wb1-12.jpg
342,2025-12-16,12:16:06,1765916166,3,"Hwy 32 at Rd P Orland",Orland,-122.141009,39.746875,200,East,Glenn,SR-32,,,2.996,,3.519,true,,https://wzmedia.dot.ca.gov/D3/32_Rd_P_Orland_GLE32_EB.stream/playlist.m3u8,1,https://cwwp2.dot.ca.gov/data/d3/cctv/image/hwy32atrdporland/hwy32atrdporland.jpg,15,https://cwwp2.dot.ca.gov/data/d3/cctv/image/hwy32atrdporland/previous/hwy32atrdporland-1.jpg,https://cwwp2.dot.ca.gov/data/d3/cctv/image/hwy32atrdporland/previous/hwy32atrdporland-2.jpg,https://cwwp2.dot.ca.gov/data/d3/cctv/image/hwy32atrdporland/previous/hwy32atrdporland-3.jpg,https://cwwp2.dot.ca.gov/data/d3/cctv/image/hwy32atrdporland/previous/hwy32atrdporland-4.jpg,https://cwwp2.dot.ca.gov/data/d3/cctv/image/hwy32atrdporland/previous/hwy32atrdporland-5.jpg,https://cwwp2.dot.ca.gov/data/d3/cctv/image/hwy32atrdporland/previous/hwy32atrdporland-6.jpg,https://cwwp2.dot.ca.gov/data/d3/cctv/image/hwy32atrdporland/previous/hwy32atrdporland-7.jpg,https://cwwp2.dot.ca.gov/data/d3/cctv/image/hwy32atrdporland/previous/hwy32atrdporland-8.jpg,https://cwwp2.dot.ca.gov/data/d3/cctv/image/hwy32atrdporland/previous/hwy32atrdporland-9.jpg,https://cwwp2.dot.ca.gov/data/d3/cctv/image/hwy32atrdporland/previous/hwy32atrdporland-10.jpg,https://cwwp2.dot.ca.gov/data/d3/cctv/image/hwy32atrdporland/previous/hwy32atrdporland-11.jpg,https://cwwp2.dot.ca.gov/data/d3/cctv/image/hwy32atrdporland/previous/hwy32atrdporland-12.jpg
343,2026-03-09,17:25:18,1773102318,3,Sheldon_Rd_JNO_SAC99_SB_2,"Elk Grove",-121.406059,38.446887,42,South,Sacramento,SR-99,,,15.53,,290,true,,https://wzmedia.dot.ca.gov/D3/99_Sheldon_Rd_JNO_SAC99_SB_2.stream/playlist.m3u8,1,https://cwwp2.dot.ca.gov/data/d3/cctv/image/sheldonrdjnosac99sb2/sheldonrdjnosac99sb2.jpg,15,https://cwwp2.dot.ca.gov/data/d3/cctv/image/sheldonrdjnosac99sb2/previous/sheldonrdjnosac99sb2-1.jpg,https://cwwp2.dot.ca.gov/data/d3/cctv/image/sheldonrdjnosac99sb2/previous/sheldonrdjnosac99sb2-2.jpg,https://cwwp2.dot.ca.gov/data/d3/cctv/image/sheldonrdjnosac99sb2/previous/sheldonrdjnosac99sb2-3.jpg,https://cwwp2.dot.ca.gov/data/d3/cctv/image/sheldonrdjnosac99sb2/previous/sheldonrdjnosac99sb2-4.jpg,https://cwwp2.dot.ca.gov/data/d3/cctv/image/sheldonrdjnosac99sb2/previous/sheldonrdjnosac99sb2-5.jpg,https://cwwp2.dot.ca.gov/data/d3/cctv/image/sheldonrdjnosac99sb2/previous/sheldonrdjnosac99sb2-6.jpg,https://cwwp2.dot.ca.gov/data/d3/cctv/image/sheldonrdjnosac99sb2/previous/sheldonrdjnosac99sb2-7.jpg,https://cwwp2.dot.ca.gov/data/d3/cctv/image/sheldonrdjnosac99sb2/previous/sheldonrdjnosac99sb2-8.jpg,https://cwwp2.dot.ca.gov/data/d3/cctv/image/sheldonrdjnosac99sb2/previous/sheldonrdjnosac99sb2-9.jpg,https://cwwp2.dot.ca.gov/data/d3/cctv/image/sheldonrdjnosac99sb2/previous/sheldonrdjnosac99sb2-10.jpg,https://cwwp2.dot.ca.gov/data/d3/cctv/image/sheldonrdjnosac99sb2/previous/sheldonrdjnosac99sb2-11.jpg,https://cwwp2.dot.ca.gov/data/d3/cctv/image/sheldonrdjnosac99sb2/previous/sheldonrdjnosac99sb2-12.jpg
344,2026-03-09,17:25:21,1773102321,3,Sheldon_Rd_JNO_SAC99_SB_3,"Elk Grove",-121.406059,38.446887,42,,Sacramento,SR-99,,,15.53,,290,true,,https://wzmedia.dot.ca.gov/D3/99_Sheldon_Rd_JNO_SAC99_SB_3.stream/playlist.m3u8,1,https://cwwp2.dot.ca.gov/data/d3/cctv/image/sheldonrdjnosac99sb3/sheldonrdjnosac99sb3.jpg,15,https://cwwp2.dot.ca.gov/data/d3/cctv/image/sheldonrdjnosac99sb3/previous/sheldonrdjnosac99sb3-1.jpg,https://cwwp2.dot.ca.gov/data/d3/cctv/image/sheldonrdjnosac99sb3/previous/sheldonrdjnosac99sb3-2.jpg,https://cwwp2.dot.ca.gov/data/d3/cctv/image/sheldonrdjnosac99sb3/previous/sheldonrdjnosac99sb3-3.jpg,https://cwwp2.dot.ca.gov/data/d3/cctv/image/sheldonrdjnosac99sb3/previous/sheldonrdjnosac99sb3-4.jpg,https://cwwp2.dot.ca.gov/data/d3/cctv/image/sheldonrdjnosac99sb3/previous/sheldonrdjnosac99sb3-5.jpg,https://cwwp2.dot.ca.gov/data/d3/cctv/image/sheldonrdjnosac99sb3/previous/sheldonrdjnosac99sb3-6.jpg,https://cwwp2.dot.ca.gov/data/d3/cctv/image/sheldonrdjnosac99sb3/previous/sheldonrdjnosac99sb3-7.jpg,https://cwwp2.dot.ca.gov/data/d3/cctv/image/sheldonrdjnosac99sb3/previous/sheldonrdjnosac99sb3-8.jpg,https://cwwp2.dot.ca.gov/data/d3/cctv/image/sheldonrdjnosac99sb3/previous/sheldonrdjnosac99sb3-9.jpg,https://cwwp2.dot.ca.gov/data/d3/cctv/image/sheldonrdjnosac99sb3/previous/sheldonrdjnosac99sb3-10.jpg,https://cwwp2.dot.ca.gov/data/d3/cctv/image/sheldonrdjnosac99sb3/previous/sheldonrdjnosac99sb3-11.jpg,https://cwwp2.dot.ca.gov/data/d3/cctv/image/sheldonrdjnosac99sb3/previous/sheldonrdjnosac99sb3-12.jpg
345,2026-03-04,22:57:58,1772693878,3,26th_St_SAC50_WB,Sacramento,-121.4780783,38.5601492,39,West,Sacramento,US-50,,L,2.214,L,5.370,true,,https://wzmedia.dot.ca.gov/D3/50_26th_St_SAC50_WB.stream/playlist.m3u8,1,https://cwwp2.dot.ca.gov/data/d3/cctv/image/26thstsac50wb/26thstsac50wb.jpg,15,https://cwwp2.dot.ca.gov/data/d3/cctv/image/26thstsac50wb/previous/26thstsac50wb-1.jpg,https://cwwp2.dot.ca.gov/data/d3/cctv/image/26thstsac50wb/previous/26thstsac50wb-2.jpg,https://cwwp2.dot.ca.gov/data/d3/cctv/image/26thstsac50wb/previous/26thstsac50wb-3.jpg,https://cwwp2.dot.ca.gov/data/d3/cctv/image/26thstsac50wb/previous/26thstsac50wb-4.jpg,https://cwwp2.dot.ca.gov/data/d3/cctv/image/26thstsac50wb/previous/26thstsac50wb-5.jpg,https://cwwp2.dot.ca.gov/data/d3/cctv/image/26thstsac50wb/previous/26thstsac50wb-6.jpg,https://cwwp2.dot.ca.gov/data/d3/cctv/image/26thstsac50wb/previous/26thstsac50wb-7.jpg,https://cwwp2.dot.ca.gov/data/d3/cctv/image/26thstsac50wb/previous/26thstsac50wb-8.jpg,https://cwwp2.dot.ca.gov/data/d3/cctv/image/26thstsac50wb/previous/26thstsac50wb-9.jpg,https://cwwp2.dot.ca.gov/data/d3/cctv/image/26thstsac50wb/previous/26thstsac50wb-10.jpg,https://cwwp2.dot.ca.gov/data/d3/cctv/image/26thstsac50wb/previous/26thstsac50wb-11.jpg,https://cwwp2.dot.ca.gov/data/d3/cctv/image/26thstsac50wb/previous/26thstsac50wb-12.jpg
346,2025-12-24,08:24:06,1766593446,3,Howe_Av_JEO_SAC50_EB,Sacramento,-121.39853,38.55593,42,East,Sacramento,US-50,,R,4.280,R,9.914,true,,https://wzmedia.dot.ca.gov/D3/50_Howe_Av_JEO_SAC50_EB.stream/playlist.m3u8,1,https://cwwp2.dot.ca.gov/data/d3/cctv/image/howeavjeosac50eb/howeavjeosac50eb.jpg,15,https://cwwp2.dot.ca.gov/data/d3/cctv/image/howeavjeosac50eb/previous/howeavjeosac50eb-1.jpg,https://cwwp2.dot.ca.gov/data/d3/cctv/image/howeavjeosac50eb/previous/howeavjeosac50eb-2.jpg,https://cwwp2.dot.ca.gov/data/d3/cctv/image/howeavjeosac50eb/previous/howeavjeosac50eb-3.jpg,https://cwwp2.dot.ca.gov/data/d3/cctv/image/howeavjeosac50eb/previous/howeavjeosac50eb-4.jpg,https://cwwp2.dot.ca.gov/data/d3/cctv/image/howeavjeosac50eb/previous/howeavjeosac50eb-5.jpg,https://cwwp2.dot.ca.gov/data/d3/cctv/image/howeavjeosac50eb/previous/howeavjeosac50eb-6.jpg,https://cwwp2.dot.ca.gov/data/d3/cctv/image/howeavjeosac50eb/previous/howeavjeosac50eb-7.jpg,https://cwwp2.dot.ca.gov/data/d3/cctv/image/howeavjeosac50eb/previous/howeavjeosac50eb-8.jpg,https://cwwp2.dot.ca.gov/data/d3/cctv/image/howeavjeosac50eb/previous/howeavjeosac50eb-9.jpg,https://cwwp2.dot.ca.gov/data/d3/cctv/image/howeavjeosac50eb/previous/howeavjeosac50eb-10.jpg,https://cwwp2.dot.ca.gov/data/d3/cctv/image/howeavjeosac50eb/previous/howeavjeosac50eb-11.jpg,https://cwwp2.dot.ca.gov/data/d3/cctv/image/howeavjeosac50eb/previous/howeavjeosac50eb-12.jpg
347,2026-03-12,16:32:41,1773358361,3,Watt_Av_JWO_SAC50_WB,Sacramento,-121.38682,38.55821,42,West,Sacramento,US-50,,R,4.935,L,10.569,true,,https://wzmedia.dot.ca.gov/D3/50_Watt_Av_JWO_SAC50_WB.stream/playlist.m3u8,1,https://cwwp2.dot.ca.gov/data/d3/cctv/image/wattavjwosac50wb/wattavjwosac50wb.jpg,15,https://cwwp2.dot.ca.gov/data/d3/cctv/image/wattavjwosac50wb/previous/wattavjwosac50wb-1.jpg,https://cwwp2.dot.ca.gov/data/d3/cctv/image/wattavjwosac50wb/previous/wattavjwosac50wb-2.jpg,https://cwwp2.dot.ca.gov/data/d3/cctv/image/wattavjwosac50wb/previous/wattavjwosac50wb-3.jpg,https://cwwp2.dot.ca.gov/data/d3/cctv/image/wattavjwosac50wb/previous/wattavjwosac50wb-4.jpg,https://cwwp2.dot.ca.gov/data/d3/cctv/image/wattavjwosac50wb/previous/wattavjwosac50wb-5.jpg,https://cwwp2.dot.ca.gov/data/d3/cctv/image/wattavjwosac50wb/previous/wattavjwosac50wb-6.jpg,https://cwwp2.dot.ca.gov/data/d3/cctv/image/wattavjwosac50wb/previous/wattavjwosac50wb-7.jpg,https://cwwp2.dot.ca.gov/data/d3/cctv/image/wattavjwosac50wb/previous/wattavjwosac50wb-8.jpg,https://cwwp2.dot.ca.gov/data/d3/cctv/image/wattavjwosac50wb/previous/wattavjwosac50wb-9.jpg,https://cwwp2.dot.ca.gov/data/d3/cctv/image/wattavjwosac50wb/previous/wattavjwosac50wb-10.jpg,https://cwwp2.dot.ca.gov/data/d3/cctv/image/wattavjwosac50wb/previous/wattavjwosac50wb-11.jpg,https://cwwp2.dot.ca.gov/data/d3/cctv/image/wattavjwosac50wb/previous/wattavjwosac50wb-12.jpg
348,2025-12-24,08:39:22,1766594362,3,Q_St_Ofr_SAC5_NB_1,Sacramento,-121.51112,38.56753,29,North,Sacramento,I-5,,,22.507,R,517.587,true,,https://wzmedia.dot.ca.gov/D3/5_Q_St_Ofr_SAC5_NB_1.stream/playlist.m3u8,1,https://cwwp2.dot.ca.gov/data/d3/cctv/image/qstofrsac5nb1/qstofrsac5nb1.jpg,15,https://cwwp2.dot.ca.gov/data/d3/cctv/image/qstofrsac5nb1/previous/qstofrsac5nb1-1.jpg,https://cwwp2.dot.ca.gov/data/d3/cctv/image/qstofrsac5nb1/previous/qstofrsac5nb1-2.jpg,https://cwwp2.dot.ca.gov/data/d3/cctv/image/qstofrsac5nb1/previous/qstofrsac5nb1-3.jpg,https://cwwp2.dot.ca.gov/data/d3/cctv/image/qstofrsac5nb1/previous/qstofrsac5nb1-4.jpg,https://cwwp2.dot.ca.gov/data/d3/cctv/image/qstofrsac5nb1/previous/qstofrsac5nb1-5.jpg,https://cwwp2.dot.ca.gov/data/d3/cctv/image/qstofrsac5nb1/previous/qstofrsac5nb1-6.jpg,https://cwwp2.dot.ca.gov/data/d3/cctv/image/qstofrsac5nb1/previous/qstofrsac5nb1-7.jpg,https://cwwp2.dot.ca.gov/data/d3/cctv/image/qstofrsac5nb1/previous/qstofrsac5nb1-8.jpg,https://cwwp2.dot.ca.gov/data/d3/cctv/image/qstofrsac5nb1/previous/qstofrsac5nb1-9.jpg,https://cwwp2.dot.ca.gov/data/d3/cctv/image/qstofrsac5nb1/previous/qstofrsac5nb1-10.jpg,https://cwwp2.dot.ca.gov/data/d3/cctv/image/qstofrsac5nb1/previous/qstofrsac5nb1-11.jpg,https://cwwp2.dot.ca.gov/data/d3/cctv/image/qstofrsac5nb1/previous/qstofrsac5nb1-12.jpg
349,2025-12-24,08:47:11,1766594831,3,Q_St_Ofr_SAC5_NB_2,Sacramento,-121.51112,38.56753,29,North,Sacramento,I-5,,,22.507,R,517.587,true,,https://wzmedia.dot.ca.gov/D3/5_Q_St_Ofr_SAC5_NB_2.stream/playlist.m3u8,1,https://cwwp2.dot.ca.gov/data/d3/cctv/image/qstofrsac5nb2/qstofrsac5nb2.jpg,15,https://cwwp2.dot.ca.gov/data/d3/cctv/image/qstofrsac5nb2/previous/qstofrsac5nb2-1.jpg,https://cwwp2.dot.ca.gov/data/d3/cctv/image/qstofrsac5nb2/previous/qstofrsac5nb2-2.jpg,https://cwwp2.dot.ca.gov/data/d3/cctv/image/qstofrsac5nb2/previous/qstofrsac5nb2-3.jpg,https://cwwp2.dot.ca.gov/data/d3/cctv/image/qstofrsac5nb2/previous/qstofrsac5nb2-4.jpg,https://cwwp2.dot.ca.gov/data/d3/cctv/image/qstofrsac5nb2/previous/qstofrsac5nb2-5.jpg,https://cwwp2.dot.ca.gov/data/d3/cctv/image/qstofrsac5nb2/previous/qstofrsac5nb2-6.jpg,https://cwwp2.dot.ca.gov/data/d3/cctv/image/qstofrsac5nb2/previous/qstofrsac5nb2-7.jpg,https://cwwp2.dot.ca.gov/data/d3/cctv/image/qstofrsac5nb2/previous/qstofrsac5nb2-8.jpg,https://cwwp2.dot.ca.gov/data/d3/cctv/image/qstofrsac5nb2/previous/qstofrsac5nb2-9.jpg,https://cwwp2.dot.ca.gov/data/d3/cctv/image/qstofrsac5nb2/previous/qstofrsac5nb2-10.jpg,https://cwwp2.dot.ca.gov/data/d3/cctv/image/qstofrsac5nb2/previous/qstofrsac5nb2-11.jpg,https://cwwp2.dot.ca.gov/data/d3/cctv/image/qstofrsac5nb2/previous/qstofrsac5nb2-12.jpg
350,2025-12-24,08:53:09,1766595189,3,Stockton_Bl_JEO_SAC50_WB,Sacramento,-121.46074,38.56111,49,West,Sacramento,US-50,,R,0.715,L,6.349,true,,https://wzmedia.dot.ca.gov/D3/50_Stockton_Bl_JEO_SAC50_WB.stream/playlist.m3u8,1,https://cwwp2.dot.ca.gov/data/d3/cctv/image/stocktonbljeosac50wb/stocktonbljeosac50wb.jpg,15,https://cwwp2.dot.ca.gov/data/d3/cctv/image/stocktonbljeosac50wb/previous/stocktonbljeosac50wb-1.jpg,https://cwwp2.dot.ca.gov/data/d3/cctv/image/stocktonbljeosac50wb/previous/stocktonbljeosac50wb-2.jpg,https://cwwp2.dot.ca.gov/data/d3/cctv/image/stocktonbljeosac50wb/previous/stocktonbljeosac50wb-3.jpg,https://cwwp2.dot.ca.gov/data/d3/cctv/image/stocktonbljeosac50wb/previous/stocktonbljeosac50wb-4.jpg,https://cwwp2.dot.ca.gov/data/d3/cctv/image/stocktonbljeosac50wb/previous/stocktonbljeosac50wb-5.jpg,https://cwwp2.dot.ca.gov/data/d3/cctv/image/stocktonbljeosac50wb/previous/stocktonbljeosac50wb-6.jpg,https://cwwp2.dot.ca.gov/data/d3/cctv/image/stocktonbljeosac50wb/previous/stocktonbljeosac50wb-7.jpg,https://cwwp2.dot.ca.gov/data/d3/cctv/image/stocktonbljeosac50wb/previous/stocktonbljeosac50wb-8.jpg,https://cwwp2.dot.ca.gov/data/d3/cctv/image/stocktonbljeosac50wb/previous/stocktonbljeosac50wb-9.jpg,https://cwwp2.dot.ca.gov/data/d3/cctv/image/stocktonbljeosac50wb/previous/stocktonbljeosac50wb-10.jpg,https://cwwp2.dot.ca.gov/data/d3/cctv/image/stocktonbljeosac50wb/previous/stocktonbljeosac50wb-11.jpg,https://cwwp2.dot.ca.gov/data/d3/cctv/image/stocktonbljeosac50wb/previous/stocktonbljeosac50wb-12.jpg
351,2025-12-30,14:08:44,1767132524,3,10th_St_JWO_SAC50_EB,Sacramento,-121.50041,38.56529,26,East,Sacramento,US-50,,L,0.954,R,4.110,true,,https://wzmedia.dot.ca.gov/D3/50_10th_St_JWO_SAC50_EB.stream/playlist.m3u8,1,https://cwwp2.dot.ca.gov/data/d3/cctv/image/10thstjwosac50eb/10thstjwosac50eb.jpg,15,https://cwwp2.dot.ca.gov/data/d3/cctv/image/10thstjwosac50eb/previous/10thstjwosac50eb-1.jpg,https://cwwp2.dot.ca.gov/data/d3/cctv/image/10thstjwosac50eb/previous/10thstjwosac50eb-2.jpg,https://cwwp2.dot.ca.gov/data/d3/cctv/image/10thstjwosac50eb/previous/10thstjwosac50eb-3.jpg,https://cwwp2.dot.ca.gov/data/d3/cctv/image/10thstjwosac50eb/previous/10thstjwosac50eb-4.jpg,https://cwwp2.dot.ca.gov/data/d3/cctv/image/10thstjwosac50eb/previous/10thstjwosac50eb-5.jpg,https://cwwp2.dot.ca.gov/data/d3/cctv/image/10thstjwosac50eb/previous/10thstjwosac50eb-6.jpg,https://cwwp2.dot.ca.gov/data/d3/cctv/image/10thstjwosac50eb/previous/10thstjwosac50eb-7.jpg,https://cwwp2.dot.ca.gov/data/d3/cctv/image/10thstjwosac50eb/previous/10thstjwosac50eb-8.jpg,https://cwwp2.dot.ca.gov/data/d3/cctv/image/10thstjwosac50eb/previous/10thstjwosac50eb-9.jpg,https://cwwp2.dot.ca.gov/data/d3/cctv/image/10thstjwosac50eb/previous/10thstjwosac50eb-10.jpg,https://cwwp2.dot.ca.gov/data/d3/cctv/image/10thstjwosac50eb/previous/10thstjwosac50eb-11.jpg,https://cwwp2.dot.ca.gov/data/d3/cctv/image/10thstjwosac50eb/previous/10thstjwosac50eb-12.jpg
352,2026-03-07,13:40:23,1772919623,3,"Hwy 50 at 15th St",Sacramento,-121.494694,38.564444,22,West,Sacramento,US-50,,L,1.267,L,4.423,true,,https://wzmedia.dot.ca.gov/D3/50_15th_St_WO_SAC50_WB.stream/playlist.m3u8,1,https://cwwp2.dot.ca.gov/data/d3/cctv/image/hwy50at15thst/hwy50at15thst.jpg,15,https://cwwp2.dot.ca.gov/data/d3/cctv/image/hwy50at15thst/previous/hwy50at15thst-1.jpg,https://cwwp2.dot.ca.gov/data/d3/cctv/image/hwy50at15thst/previous/hwy50at15thst-2.jpg,https://cwwp2.dot.ca.gov/data/d3/cctv/image/hwy50at15thst/previous/hwy50at15thst-3.jpg,https://cwwp2.dot.ca.gov/data/d3/cctv/image/hwy50at15thst/previous/hwy50at15thst-4.jpg,https://cwwp2.dot.ca.gov/data/d3/cctv/image/hwy50at15thst/previous/hwy50at15thst-5.jpg,https://cwwp2.dot.ca.gov/data/d3/cctv/image/hwy50at15thst/previous/hwy50at15thst-6.jpg,https://cwwp2.dot.ca.gov/data/d3/cctv/image/hwy50at15thst/previous/hwy50at15thst-7.jpg,https://cwwp2.dot.ca.gov/data/d3/cctv/image/hwy50at15thst/previous/hwy50at15thst-8.jpg,https://cwwp2.dot.ca.gov/data/d3/cctv/image/hwy50at15thst/previous/hwy50at15thst-9.jpg,https://cwwp2.dot.ca.gov/data/d3/cctv/image/hwy50at15thst/previous/hwy50at15thst-10.jpg,https://cwwp2.dot.ca.gov/data/d3/cctv/image/hwy50at15thst/previous/hwy50at15thst-11.jpg,https://cwwp2.dot.ca.gov/data/d3/cctv/image/hwy50at15thst/previous/hwy50at15thst-12.jpg
353,2026-01-07,08:19:23,1767802763,3,"Hwy 50 at Jefferson Blvd JWO EB1","West Sacramento",-121.52697,38.57688,29,East,Yolo,US-50,,,2.403,R,2.403,false,,,1,https://cwwp2.dot.ca.gov/data/d3/cctv/image/hwy50atjeffersonblvdjwoeb1/hwy50atjeffersonblvdjwoeb1.jpg,15,https://cwwp2.dot.ca.gov/data/d3/cctv/image/hwy50atjeffersonblvdjwoeb1/previous/hwy50atjeffersonblvdjwoeb1-1.jpg,https://cwwp2.dot.ca.gov/data/d3/cctv/image/hwy50atjeffersonblvdjwoeb1/previous/hwy50atjeffersonblvdjwoeb1-2.jpg,https://cwwp2.dot.ca.gov/data/d3/cctv/image/hwy50atjeffersonblvdjwoeb1/previous/hwy50atjeffersonblvdjwoeb1-3.jpg,https://cwwp2.dot.ca.gov/data/d3/cctv/image/hwy50atjeffersonblvdjwoeb1/previous/hwy50atjeffersonblvdjwoeb1-4.jpg,https://cwwp2.dot.ca.gov/data/d3/cctv/image/hwy50atjeffersonblvdjwoeb1/previous/hwy50atjeffersonblvdjwoeb1-5.jpg,https://cwwp2.dot.ca.gov/data/d3/cctv/image/hwy50atjeffersonblvdjwoeb1/previous/hwy50atjeffersonblvdjwoeb1-6.jpg,https://cwwp2.dot.ca.gov/data/d3/cctv/image/hwy50atjeffersonblvdjwoeb1/previous/hwy50atjeffersonblvdjwoeb1-7.jpg,https://cwwp2.dot.ca.gov/data/d3/cctv/image/hwy50atjeffersonblvdjwoeb1/previous/hwy50atjeffersonblvdjwoeb1-8.jpg,https://cwwp2.dot.ca.gov/data/d3/cctv/image/hwy50atjeffersonblvdjwoeb1/previous/hwy50atjeffersonblvdjwoeb1-9.jpg,https://cwwp2.dot.ca.gov/data/d3/cctv/image/hwy50atjeffersonblvdjwoeb1/previous/hwy50atjeffersonblvdjwoeb1-10.jpg,https://cwwp2.dot.ca.gov/data/d3/cctv/image/hwy50atjeffersonblvdjwoeb1/previous/hwy50atjeffersonblvdjwoeb1-11.jpg,https://cwwp2.dot.ca.gov/data/d3/cctv/image/hwy50atjeffersonblvdjwoeb1/previous/hwy50atjeffersonblvdjwoeb1-12.jpg
354,2026-01-07,08:31:20,1767803480,3,"Hwy 50 at Hornet Dr  WB",Sacramento,-121.41404,38.55297,45,West,Sacramento,US-50,,R,3.417,L,9.051,true,,,1,https://cwwp2.dot.ca.gov/data/d3/cctv/image/hwy50athornetdrwb/hwy50athornetdrwb.jpg,15,https://cwwp2.dot.ca.gov/data/d3/cctv/image/hwy50athornetdrwb/previous/hwy50athornetdrwb-1.jpg,https://cwwp2.dot.ca.gov/data/d3/cctv/image/hwy50athornetdrwb/previous/hwy50athornetdrwb-2.jpg,https://cwwp2.dot.ca.gov/data/d3/cctv/image/hwy50athornetdrwb/previous/hwy50athornetdrwb-3.jpg,https://cwwp2.dot.ca.gov/data/d3/cctv/image/hwy50athornetdrwb/previous/hwy50athornetdrwb-4.jpg,https://cwwp2.dot.ca.gov/data/d3/cctv/image/hwy50athornetdrwb/previous/hwy50athornetdrwb-5.jpg,https://cwwp2.dot.ca.gov/data/d3/cctv/image/hwy50athornetdrwb/previous/hwy50athornetdrwb-6.jpg,https://cwwp2.dot.ca.gov/data/d3/cctv/image/hwy50athornetdrwb/previous/hwy50athornetdrwb-7.jpg,https://cwwp2.dot.ca.gov/data/d3/cctv/image/hwy50athornetdrwb/previous/hwy50athornetdrwb-8.jpg,https://cwwp2.dot.ca.gov/data/d3/cctv/image/hwy50athornetdrwb/previous/hwy50athornetdrwb-9.jpg,https://cwwp2.dot.ca.gov/data/d3/cctv/image/hwy50athornetdrwb/previous/hwy50athornetdrwb-10.jpg,https://cwwp2.dot.ca.gov/data/d3/cctv/image/hwy50athornetdrwb/previous/hwy50athornetdrwb-11.jpg,https://cwwp2.dot.ca.gov/data/d3/cctv/image/hwy50athornetdrwb/previous/hwy50athornetdrwb-12.jpg
355,2026-01-28,08:07:38,1769616458,3,"Hwy 5 NB at W St slip on ramp",Sacramento,-121.5088,38.56925,9,North,Sacramento,I-5,,,22.667,R,517.747,true,,https://wzmedia.dot.ca.gov/D3/5_W_St_Slip_Ramp_SAC5_NB.stream/playlist.m3u8,1,https://cwwp2.dot.ca.gov/data/d3/cctv/image/hwy5nbatwstsliponramp/hwy5nbatwstsliponramp.jpg,15,https://cwwp2.dot.ca.gov/data/d3/cctv/image/hwy5nbatwstsliponramp/previous/hwy5nbatwstsliponramp-1.jpg,https://cwwp2.dot.ca.gov/data/d3/cctv/image/hwy5nbatwstsliponramp/previous/hwy5nbatwstsliponramp-2.jpg,https://cwwp2.dot.ca.gov/data/d3/cctv/image/hwy5nbatwstsliponramp/previous/hwy5nbatwstsliponramp-3.jpg,https://cwwp2.dot.ca.gov/data/d3/cctv/image/hwy5nbatwstsliponramp/previous/hwy5nbatwstsliponramp-4.jpg,https://cwwp2.dot.ca.gov/data/d3/cctv/image/hwy5nbatwstsliponramp/previous/hwy5nbatwstsliponramp-5.jpg,https://cwwp2.dot.ca.gov/data/d3/cctv/image/hwy5nbatwstsliponramp/previous/hwy5nbatwstsliponramp-6.jpg,https://cwwp2.dot.ca.gov/data/d3/cctv/image/hwy5nbatwstsliponramp/previous/hwy5nbatwstsliponramp-7.jpg,https://cwwp2.dot.ca.gov/data/d3/cctv/image/hwy5nbatwstsliponramp/previous/hwy5nbatwstsliponramp-8.jpg,https://cwwp2.dot.ca.gov/data/d3/cctv/image/hwy5nbatwstsliponramp/previous/hwy5nbatwstsliponramp-9.jpg,https://cwwp2.dot.ca.gov/data/d3/cctv/image/hwy5nbatwstsliponramp/previous/hwy5nbatwstsliponramp-10.jpg,https://cwwp2.dot.ca.gov/data/d3/cctv/image/hwy5nbatwstsliponramp/previous/hwy5nbatwstsliponramp-11.jpg,https://cwwp2.dot.ca.gov/data/d3/cctv/image/hwy5nbatwstsliponramp/previous/hwy5nbatwstsliponramp-12.jpg
